recebido,n,pct_secoes,validos,pct_p22,pct_p13,margem_flavio_lula
2026-10-04 17:08:44,1,0.0002,127,8.6614,90.5512,-81.8898
2026-10-04 17:08:46,100,0.0200,21810,42.3384,47.8542,-5.5158
2026-10-04 17:08:47,199,0.0399,44836,40.0839,50.5464,-10.4626
2026-10-04 17:08:48,298,0.0597,71999,41.5200,49.1215,-7.6015
2026-10-04 17:08:48,397,0.0795,97248,41.7140,48.7177,-7.0037
2026-10-04 17:08:49,496,0.0993,125900,39.5218,50.9412,-11.4194
2026-10-04 17:08:50,595,0.1192,150602,40.0293,50.3499,-10.3206
2026-10-04 17:08:50,694,0.1390,177222,39.3495,51.2002,-11.8507
2026-10-04 17:08:52,793,0.1588,204814,38.8206,51.8251,-13.0045
2026-10-04 17:08:53,892,0.1787,232813,38.1585,52.5233,-14.3647
2026-10-04 17:09:45,991,0.1985,254176,39.3534,51.4281,-12.0747
2026-10-04 17:10:17,1090,0.2183,276062,40.5228,50.3354,-9.8127
2026-10-04 17:10:37,1189,0.2382,296587,41.2557,49.6650,-8.4093
2026-10-04 17:10:56,1288,0.2580,318122,42.0125,48.9539,-6.9414
2026-10-04 17:11:11,1387,0.2778,339645,42.6592,48.3570,-5.6977
2026-10-04 17:11:30,1486,0.2976,362179,43.2198,47.8043,-4.5845
2026-10-04 17:11:46,1585,0.3175,383611,43.5955,47.4869,-3.8914
2026-10-04 17:12:05,1684,0.3373,405530,43.8863,47.2365,-3.3502
2026-10-04 17:12:17,1783,0.3571,428375,44.3123,46.7985,-2.4861
2026-10-04 17:12:31,1882,0.3770,451573,44.6805,46.4339,-1.7534
2026-10-04 17:12:43,1981,0.3968,474603,44.9814,46.1236,-1.1422
2026-10-04 17:12:54,2080,0.4166,495938,45.2549,45.8823,-0.6275
2026-10-04 17:13:08,2179,0.4365,518031,45.4166,45.7546,-0.3380
2026-10-04 17:13:18,2278,0.4563,540877,45.7662,45.4203,0.3459
2026-10-04 17:13:31,2377,0.4761,563494,45.8401,45.3629,0.4772
2026-10-04 17:13:37,2476,0.4959,586288,46.0243,45.1891,0.8353
2026-10-04 17:13:46,2575,0.5158,608594,46.2747,44.9590,1.3157
2026-10-04 17:13:58,2674,0.5356,631510,46.4688,44.7675,1.7013
2026-10-04 17:14:31,2773,0.5554,653610,46.5740,44.6952,1.8788
2026-10-04 17:14:32,2872,0.5753,677086,46.8289,44.4173,2.4117
2026-10-04 17:14:33,2971,0.5951,699112,46.9230,44.3523,2.5707
2026-10-04 17:14:36,3070,0.6149,722070,47.1091,44.1798,2.9294
2026-10-04 17:15:31,3169,0.6348,745478,47.0893,44.2104,2.8788
2026-10-04 17:15:31,3268,0.6546,768572,47.2510,44.0483,3.2027
2026-10-04 17:15:32,3367,0.6744,792093,47.3929,43.9087,3.4842
2026-10-04 17:15:33,3466,0.6942,814429,47.5746,43.7260,3.8486
2026-10-04 17:15:35,3565,0.7141,837834,47.6802,43.6175,4.0627
2026-10-04 17:16:31,3664,0.7339,861039,47.8139,43.4806,4.3333
2026-10-04 17:16:32,3763,0.7537,884870,47.8597,43.4355,4.4242
2026-10-04 17:16:34,3862,0.7736,907066,47.9480,43.3620,4.5860
2026-10-04 17:16:35,3961,0.7934,929167,48.0213,43.3101,4.7112
2026-10-04 17:17:31,4060,0.8132,951892,48.1576,43.1745,4.9830
2026-10-04 17:17:32,4159,0.8331,974451,48.2294,43.0991,5.1303
2026-10-04 17:17:33,4258,0.8529,998376,48.3834,42.9264,5.4570
2026-10-04 17:17:34,4357,0.8727,1021563,48.4768,42.8272,5.6496
2026-10-04 17:17:35,4456,0.8925,1044458,48.5359,42.7654,5.7705
2026-10-04 17:18:31,4555,0.9124,1067832,48.5717,42.7314,5.8402
2026-10-04 17:18:32,4654,0.9322,1091023,48.6582,42.6463,6.0119
2026-10-04 17:18:33,4753,0.9520,1114212,48.7255,42.5827,6.1428
2026-10-04 17:18:34,4852,0.9719,1138055,48.7809,42.5187,6.2622
2026-10-04 17:18:36,4951,0.9917,1162008,48.8626,42.4346,6.4279
2026-10-04 17:19:32,5050,1.0115,1183906,48.8730,42.4316,6.4414
2026-10-04 17:19:33,5149,1.0314,1207651,48.9043,42.3916,6.5126
2026-10-04 17:19:34,5248,1.0512,1231835,48.9736,42.3029,6.6707
2026-10-04 17:19:35,5347,1.0710,1254744,49.0100,42.2662,6.7438
2026-10-04 17:20:31,5446,1.0908,1277788,49.1207,42.1450,6.9756
2026-10-04 17:20:32,5545,1.1107,1301469,49.1568,42.0997,7.0571
2026-10-04 17:20:34,5644,1.1305,1324850,49.2081,42.0463,7.1619
2026-10-04 17:20:34,5743,1.1503,1349014,49.2257,42.0229,7.2027
2026-10-04 17:20:36,5842,1.1702,1373185,49.2382,42.0008,7.2373
2026-10-04 17:21:32,5941,1.1900,1396597,49.1989,42.0448,7.1541
2026-10-04 17:21:33,6040,1.2098,1420166,49.1997,42.0342,7.1655
2026-10-04 17:21:34,6139,1.2296,1443048,49.2171,42.0175,7.1997
2026-10-04 17:21:36,6238,1.2495,1467778,49.2466,41.9831,7.2635
2026-10-04 17:22:32,6337,1.2693,1491466,49.2861,41.9448,7.3414
2026-10-04 17:22:33,6436,1.2891,1515012,49.2902,41.9370,7.3531
2026-10-04 17:22:34,6535,1.3090,1538656,49.3384,41.8885,7.4499
2026-10-04 17:22:35,6634,1.3288,1561843,49.3786,41.8442,7.5344
2026-10-04 17:23:31,6733,1.3486,1585185,49.4250,41.8048,7.6202
2026-10-04 17:23:32,6832,1.3685,1608256,49.4137,41.8227,7.5910
2026-10-04 17:23:33,6931,1.3883,1632198,49.4480,41.7837,7.6644
2026-10-04 17:23:35,7030,1.4081,1655122,49.4863,41.7486,7.7376
2026-10-04 17:23:36,7129,1.4279,1678135,49.5250,41.7175,7.8075
2026-10-04 17:24:32,7228,1.4478,1701373,49.5402,41.7091,7.8311
2026-10-04 17:24:33,7327,1.4676,1724234,49.5464,41.7063,7.8401
2026-10-04 17:24:34,7426,1.4874,1746297,49.5506,41.7001,7.8506
2026-10-04 17:24:35,7525,1.5073,1769467,49.5584,41.6989,7.8595
2026-10-04 17:25:32,7624,1.5271,1791395,49.5485,41.7236,7.8249
2026-10-04 17:25:33,7723,1.5469,1814182,49.5249,41.7487,7.7761
2026-10-04 17:25:34,7822,1.5668,1837509,49.5251,41.7431,7.7821
2026-10-04 17:25:35,7921,1.5866,1860684,49.5175,41.7536,7.7639
2026-10-04 17:25:36,8020,1.6064,1884379,49.5430,41.7329,7.8101
2026-10-04 17:26:32,8119,1.6262,1907446,49.5243,41.7609,7.7634
2026-10-04 17:26:33,8218,1.6461,1930441,49.5216,41.7666,7.7550
2026-10-04 17:26:34,8317,1.6659,1953365,49.5276,41.7676,7.7600
2026-10-04 17:26:35,8416,1.6857,1975960,49.5284,41.7689,7.7595
2026-10-04 17:27:32,8515,1.7056,1999811,49.5272,41.7729,7.7543
2026-10-04 17:27:33,8614,1.7254,2022123,49.5212,41.7924,7.7289
2026-10-04 17:27:35,8713,1.7452,2045005,49.5572,41.7559,7.8013
2026-10-04 17:27:36,8812,1.7651,2068085,49.5550,41.7624,7.7927
2026-10-04 17:27:37,8911,1.7849,2091965,49.5777,41.7463,7.8314
2026-10-04 17:27:42,9010,1.8047,2115155,49.5891,41.7397,7.8494
2026-10-04 17:27:43,9109,1.8245,2137921,49.6067,41.7276,7.8791
2026-10-04 17:27:45,9208,1.8444,2160717,49.6324,41.6983,7.9341
2026-10-04 17:27:46,9307,1.8642,2183195,49.6773,41.6589,8.0184
2026-10-04 17:28:32,9406,1.8840,2205689,49.6931,41.6497,8.0434
2026-10-04 17:28:33,9505,1.9039,2229227,49.7110,41.6308,8.0802
2026-10-04 17:28:34,9604,1.9237,2252516,49.7021,41.6337,8.0684
2026-10-04 17:28:35,9703,1.9435,2275747,49.7082,41.6280,8.0802
2026-10-04 17:28:36,9802,1.9634,2299146,49.7560,41.5775,8.1785
2026-10-04 17:28:36,9901,1.9832,2323438,49.7707,41.5598,8.2108
2026-10-04 17:28:37,10000,2.0030,2346398,49.7716,41.5640,8.2076
2026-10-04 17:28:38,10099,2.0228,2369903,49.7979,41.5341,8.2638
2026-10-04 17:28:39,10198,2.0427,2393463,49.8101,41.5283,8.2818
2026-10-04 17:29:08,10297,2.0625,2417443,49.8209,41.5202,8.3007
2026-10-04 17:29:32,10396,2.0823,2440403,49.6556,41.7048,7.9509
2026-10-04 17:29:33,10495,2.1022,2463424,49.6487,41.7109,7.9379
2026-10-04 17:29:34,10594,2.1220,2487144,49.6575,41.7018,7.9557
2026-10-04 17:29:35,10693,2.1418,2511617,49.6774,41.6767,8.0007
2026-10-04 17:29:36,10792,2.1617,2534805,49.6773,41.6750,8.0022
2026-10-04 17:29:36,10891,2.1815,2559169,49.6831,41.6628,8.0203
2026-10-04 17:29:37,10990,2.2013,2582955,49.7078,41.6382,8.0697
2026-10-04 17:29:38,11089,2.2211,2606706,49.7496,41.5966,8.1531
2026-10-04 17:29:39,11188,2.2410,2630064,49.7385,41.6080,8.1304
2026-10-04 17:29:40,11287,2.2608,2653521,49.7478,41.5955,8.1523
2026-10-04 17:30:33,11386,2.2806,2676839,49.7672,41.5707,8.1965
2026-10-04 17:30:34,11485,2.3005,2699723,49.7744,41.5690,8.2054
2026-10-04 17:30:35,11584,2.3203,2722762,49.7599,41.5830,8.1769
2026-10-04 17:30:36,11683,2.3401,2745044,49.7448,41.6044,8.1405
2026-10-04 17:30:36,11782,2.3599,2768122,49.7653,41.5892,8.1762
2026-10-04 17:30:37,11881,2.3798,2791683,49.7659,41.5868,8.1792
2026-10-04 17:30:38,11980,2.3996,2816002,49.7975,41.5549,8.2426
2026-10-04 17:30:39,12079,2.4194,2840066,49.8021,41.5528,8.2492
2026-10-04 17:30:40,12178,2.4393,2864332,49.8295,41.5270,8.3024
2026-10-04 17:31:32,12277,2.4591,2887570,49.8425,41.5114,8.3312
2026-10-04 17:31:33,12376,2.4789,2911289,49.8628,41.4893,8.3735
2026-10-04 17:31:34,12475,2.4988,2935498,49.8648,41.4791,8.3857
2026-10-04 17:31:35,12574,2.5186,2958639,49.8833,41.4606,8.4227
2026-10-04 17:31:36,12673,2.5384,2981577,49.9014,41.4428,8.4586
2026-10-04 17:31:37,12772,2.5582,3005831,49.9148,41.4267,8.4881
2026-10-04 17:31:38,12871,2.5781,3028726,49.9194,41.4240,8.4954
2026-10-04 17:31:39,12970,2.5979,3052248,49.9249,41.4195,8.5054
2026-10-04 17:31:40,13069,2.6177,3075514,49.9369,41.4114,8.5255
2026-10-04 17:32:33,13168,2.6376,3099627,49.9281,41.4167,8.5113
2026-10-04 17:32:34,13267,2.6574,3123223,49.9430,41.3957,8.5473
2026-10-04 17:32:35,13366,2.6772,3145639,49.9511,41.3816,8.5694
2026-10-04 17:32:36,13465,2.6971,3169206,49.9700,41.3566,8.6134
2026-10-04 17:32:37,13564,2.7169,3191596,49.9993,41.3328,8.6665
2026-10-04 17:32:37,13663,2.7367,3214947,49.9943,41.3360,8.6584
2026-10-04 17:32:38,13762,2.7565,3237429,50.0052,41.3297,8.6755
2026-10-04 17:32:39,13861,2.7764,3259752,50.0305,41.3057,8.7249
2026-10-04 17:32:40,13960,2.7962,3283047,50.0438,41.2945,8.7493
2026-10-04 17:33:13,14059,2.8160,3306527,50.0616,41.2786,8.7830
2026-10-04 17:33:14,14158,2.8359,3329899,50.0897,41.2555,8.8343
2026-10-04 17:33:16,14257,2.8557,3353166,50.0919,41.2569,8.8350
2026-10-04 17:33:17,14356,2.8755,3375580,50.0964,41.2599,8.8365
2026-10-04 17:33:32,14455,2.8954,3398864,50.1235,41.2366,8.8869
2026-10-04 17:33:33,14554,2.9152,3421676,50.1213,41.2428,8.8785
2026-10-04 17:33:34,14653,2.9350,3443611,50.1242,41.2479,8.8763
2026-10-04 17:33:35,14752,2.9548,3467176,50.1208,41.2498,8.8710
2026-10-04 17:33:36,14851,2.9747,3490470,50.1306,41.2383,8.8923
2026-10-04 17:33:36,14950,2.9945,3513076,50.1515,41.2217,8.9298
2026-10-04 17:33:37,15049,3.0143,3535733,50.1479,41.2292,8.9187
2026-10-04 17:33:38,15148,3.0342,3559308,50.1639,41.2123,8.9517
2026-10-04 17:33:39,15247,3.0540,3582736,50.1736,41.2040,8.9696
2026-10-04 17:33:40,15346,3.0738,3605541,50.1803,41.1981,8.9822
2026-10-04 17:33:41,15445,3.0937,3628310,50.1724,41.2072,8.9652
2026-10-04 17:33:43,15544,3.1135,3652322,50.1756,41.2015,8.9741
2026-10-04 17:33:44,15643,3.1333,3675496,50.1753,41.2043,8.9710
2026-10-04 17:33:45,15742,3.1531,3698665,50.1832,41.1976,8.9856
2026-10-04 17:34:32,15841,3.1730,3722060,50.1814,41.1955,8.9859
2026-10-04 17:34:33,15940,3.1928,3744489,50.1904,41.1889,9.0015
2026-10-04 17:34:34,16039,3.2126,3767574,50.2097,41.1701,9.0396
2026-10-04 17:34:35,16138,3.2325,3791011,50.1875,41.1905,8.9970
2026-10-04 17:34:37,16237,3.2523,3814387,50.2119,41.1662,9.0457
2026-10-04 17:34:38,16336,3.2721,3836667,50.2295,41.1508,9.0787
2026-10-04 17:34:38,16435,3.2920,3859308,50.2218,41.1606,9.0612
2026-10-04 17:34:39,16534,3.3118,3881825,50.2289,41.1539,9.0750
2026-10-04 17:34:39,16633,3.3316,3904770,50.2148,41.1746,9.0402
2026-10-04 17:34:40,16732,3.3514,3927735,50.2012,41.1904,9.0108
2026-10-04 17:34:41,16831,3.3713,3950895,50.2119,41.1794,9.0325
2026-10-04 17:34:42,16930,3.3911,3973788,50.2180,41.1777,9.0403
2026-10-04 17:34:44,17029,3.4109,3996895,50.2212,41.1753,9.0459
2026-10-04 17:34:45,17128,3.4308,4019548,50.2346,41.1676,9.0671
2026-10-04 17:35:33,17227,3.4506,4042450,50.2435,41.1667,9.0768
2026-10-04 17:35:34,17326,3.4704,4065651,50.2598,41.1526,9.1072
2026-10-04 17:35:36,17425,3.4902,4088804,50.2696,41.1421,9.1275
2026-10-04 17:35:37,17524,3.5101,4112077,50.2665,41.1438,9.1228
2026-10-04 17:35:38,17623,3.5299,4134364,50.2691,41.1442,9.1250
2026-10-04 17:35:38,17722,3.5497,4157449,50.2744,41.1437,9.1307
2026-10-04 17:35:39,17821,3.5696,4181034,50.2976,41.1196,9.1780
2026-10-04 17:35:40,17920,3.5894,4204226,50.3050,41.1152,9.1898
2026-10-04 17:35:40,18019,3.6092,4228014,50.2984,41.1197,9.1787
2026-10-04 17:35:41,18118,3.6291,4251817,50.3166,41.1022,9.2144
2026-10-04 17:35:41,18217,3.6489,4275031,50.3217,41.0986,9.2231
2026-10-04 17:35:42,18316,3.6687,4298957,50.3138,41.1082,9.2056
2026-10-04 17:35:43,18415,3.6885,4321834,50.3364,41.0875,9.2490
2026-10-04 17:35:44,18514,3.7084,4344895,50.3532,41.0711,9.2821
2026-10-04 17:36:33,18613,3.7282,4367928,50.3638,41.0604,9.3035
2026-10-04 17:36:34,18712,3.7480,4390282,50.3552,41.0698,9.2855
2026-10-04 17:36:34,18811,3.7679,4413351,50.3622,41.0657,9.2965
2026-10-04 17:36:35,18910,3.7877,4436452,50.3713,41.0579,9.3134
2026-10-04 17:36:36,19009,3.8075,4458690,50.3772,41.0534,9.3238
2026-10-04 17:36:37,19108,3.8274,4480948,50.3826,41.0488,9.3338
2026-10-04 17:36:38,19207,3.8472,4504962,50.3854,41.0437,9.3417
2026-10-04 17:36:39,19306,3.8670,4528468,50.3768,41.0550,9.3218
2026-10-04 17:36:40,19405,3.8868,4551418,50.3932,41.0388,9.3543
2026-10-04 17:36:40,19504,3.9067,4575359,50.3933,41.0399,9.3534
2026-10-04 17:36:41,19603,3.9265,4598402,50.4029,41.0324,9.3706
2026-10-04 17:36:42,19702,3.9463,4621683,50.4107,41.0278,9.3830
2026-10-04 17:36:43,19801,3.9662,4644647,50.4135,41.0258,9.3878
2026-10-04 17:36:44,19900,3.9860,4667826,50.4033,41.0406,9.3627
2026-10-04 17:37:33,19999,4.0058,4691187,50.4075,41.0406,9.3670
2026-10-04 17:37:34,20098,4.0257,4714382,50.4105,41.0360,9.3745
2026-10-04 17:37:35,20197,4.0455,4738127,50.4011,41.0478,9.3533
2026-10-04 17:37:37,20296,4.0653,4761612,50.4106,41.0374,9.3732
2026-10-04 17:37:38,20395,4.0851,4785434,50.4060,41.0417,9.3643
2026-10-04 17:37:39,20494,4.1050,4809048,50.4122,41.0346,9.3776
2026-10-04 17:37:40,20593,4.1248,4831518,50.4133,41.0387,9.3746
2026-10-04 17:37:41,20692,4.1446,4854337,50.4162,41.0377,9.3785
2026-10-04 17:37:42,20791,4.1645,4876165,50.4024,41.0558,9.3466
2026-10-04 17:37:42,20890,4.1843,4899699,50.3914,41.0673,9.3240
2026-10-04 17:37:43,20989,4.2041,4923073,50.4127,41.0448,9.3679
2026-10-04 17:37:44,21088,4.2240,4946198,50.4179,41.0412,9.3768
2026-10-04 17:37:44,21187,4.2438,4969407,50.4277,41.0336,9.3941
2026-10-04 17:37:45,21286,4.2636,4992996,50.4311,41.0318,9.3993
2026-10-04 17:37:46,21385,4.2834,5016014,50.4455,41.0213,9.4242
2026-10-04 17:38:34,21484,4.3033,5039351,50.4396,41.0285,9.4112
2026-10-04 17:38:34,21583,4.3231,5061307,50.4549,41.0139,9.4411
2026-10-04 17:38:35,21682,4.3429,5085257,50.4539,41.0146,9.4394
2026-10-04 17:38:36,21781,4.3628,5108706,50.4858,40.9843,9.5014
2026-10-04 17:38:37,21880,4.3826,5131614,50.4907,40.9824,9.5083
2026-10-04 17:38:37,21979,4.4024,5154819,50.4859,40.9913,9.4946
2026-10-04 17:38:38,22078,4.4223,5177901,50.5026,40.9744,9.5282
2026-10-04 17:38:38,22177,4.4421,5200907,50.5108,40.9714,9.5395
2026-10-04 17:38:39,22276,4.4619,5224033,50.5084,40.9777,9.5307
2026-10-04 17:38:40,22375,4.4817,5246777,50.5155,40.9746,9.5409
2026-10-04 17:38:41,22474,4.5016,5271377,50.5304,40.9571,9.5732
2026-10-04 17:38:42,22573,4.5214,5295098,50.5284,40.9596,9.5688
2026-10-04 17:38:43,22672,4.5412,5317840,50.5210,40.9702,9.5507
2026-10-04 17:38:43,22771,4.5611,5341098,50.5245,40.9682,9.5563
2026-10-04 17:39:24,22870,4.5809,5364660,50.5220,40.9695,9.5526
2026-10-04 17:39:25,22969,4.6007,5388154,50.5232,40.9697,9.5535
2026-10-04 17:39:28,23068,4.6205,5411508,50.5281,40.9662,9.5619
2026-10-04 17:39:30,23167,4.6404,5435336,50.5259,40.9728,9.5531
2026-10-04 17:39:33,23266,4.6602,5457948,50.5253,40.9736,9.5518
2026-10-04 17:39:34,23365,4.6800,5480943,50.5218,40.9789,9.5428
2026-10-04 17:39:35,23464,4.6999,5504771,50.5385,40.9640,9.5745
2026-10-04 17:39:36,23563,4.7197,5527910,50.5354,40.9668,9.5686
2026-10-04 17:39:37,23662,4.7395,5551084,50.5315,40.9681,9.5634
2026-10-04 17:39:38,23761,4.7594,5573751,50.5297,40.9719,9.5579
2026-10-04 17:39:38,23860,4.7792,5597147,50.5383,40.9656,9.5727
2026-10-04 17:39:39,23959,4.7990,5620489,50.5400,40.9648,9.5751
2026-10-04 17:39:40,24058,4.8188,5643636,50.5425,40.9607,9.5818
2026-10-04 17:39:41,24157,4.8387,5665790,50.5406,40.9624,9.5782
2026-10-04 17:39:42,24256,4.8585,5688346,50.5482,40.9548,9.5934
2026-10-04 17:39:43,24355,4.8783,5709792,50.5487,40.9584,9.5903
2026-10-04 17:39:44,24454,4.8982,5733229,50.5466,40.9627,9.5839
2026-10-04 17:39:45,24553,4.9180,5755736,50.5518,40.9620,9.5898
2026-10-04 17:39:46,24652,4.9378,5778674,50.5583,40.9583,9.6000
2026-10-04 17:39:46,24751,4.9577,5802422,50.5804,40.9357,9.6447
2026-10-04 17:39:48,24850,4.9775,5825311,50.5853,40.9343,9.6510
2026-10-04 17:39:49,24949,4.9973,5847149,50.5918,40.9319,9.6598
2026-10-04 17:39:50,25048,5.0171,5869301,50.6064,40.9213,9.6851
2026-10-04 17:40:33,25147,5.0370,5892346,50.6074,40.9226,9.6848
2026-10-04 17:40:34,25246,5.0568,5914958,50.6034,40.9268,9.6766
2026-10-04 17:40:35,25345,5.0766,5937354,50.6275,40.9037,9.7237
2026-10-04 17:40:36,25444,5.0965,5960576,50.6368,40.8957,9.7411
2026-10-04 17:40:36,25543,5.1163,5982601,50.6345,40.9021,9.7324
2026-10-04 17:40:37,25642,5.1361,6004920,50.6362,40.9020,9.7342
2026-10-04 17:40:38,25741,5.1560,6028053,50.6375,40.8996,9.7378
2026-10-04 17:40:39,25840,5.1758,6049921,50.6390,40.9023,9.7367
2026-10-04 17:40:39,25939,5.1956,6073398,50.6237,40.9180,9.7057
2026-10-04 17:40:40,26038,5.2154,6096259,50.6282,40.9129,9.7154
2026-10-04 17:40:40,26137,5.2353,6118882,50.6411,40.9026,9.7385
2026-10-04 17:40:41,26236,5.2551,6142325,50.6394,40.9048,9.7346
2026-10-04 17:40:42,26335,5.2749,6164531,50.6258,40.9197,9.7061
2026-10-04 17:40:43,26434,5.2948,6187084,50.6435,40.9002,9.7433
2026-10-04 17:40:44,26533,5.3146,6210643,50.6408,40.9044,9.7364
2026-10-04 17:40:44,26632,5.3344,6233741,50.6417,40.9028,9.7390
2026-10-04 17:40:45,26731,5.3543,6257609,50.6354,40.9091,9.7263
2026-10-04 17:40:46,26830,5.3741,6280872,50.6306,40.9133,9.7173
2026-10-04 17:40:47,26929,5.3939,6304404,50.6323,40.9111,9.7213
2026-10-04 17:41:34,27028,5.4137,6327129,50.6341,40.9105,9.7236
2026-10-04 17:41:35,27127,5.4336,6350347,50.6429,40.9036,9.7393
2026-10-04 17:41:35,27226,5.4534,6373228,50.6483,40.8975,9.7508
2026-10-04 17:41:36,27325,5.4732,6397033,50.6572,40.8875,9.7698
2026-10-04 17:41:37,27424,5.4931,6419926,50.6640,40.8809,9.7831
2026-10-04 17:41:38,27523,5.5129,6443350,50.6621,40.8854,9.7767
2026-10-04 17:41:39,27622,5.5327,6466577,50.6864,40.8589,9.8274
2026-10-04 17:41:39,27721,5.5526,6489745,50.6853,40.8624,9.8229
2026-10-04 17:41:40,27820,5.5724,6513606,50.6886,40.8577,9.8309
2026-10-04 17:41:41,27919,5.5922,6535942,50.6928,40.8552,9.8376
2026-10-04 17:41:41,28018,5.6120,6559839,50.6833,40.8642,9.8191
2026-10-04 17:41:42,28117,5.6319,6582588,50.6969,40.8504,9.8465
2026-10-04 17:41:42,28216,5.6517,6605705,50.7024,40.8475,9.8549
2026-10-04 17:41:43,28315,5.6715,6628620,50.7027,40.8476,9.8551
2026-10-04 17:41:44,28414,5.6914,6651678,50.6993,40.8524,9.8469
2026-10-04 17:41:45,28513,5.7112,6674766,50.7005,40.8491,9.8515
2026-10-04 17:41:46,28612,5.7310,6697963,50.7014,40.8496,9.8518
2026-10-04 17:41:47,28711,5.7508,6721219,50.7102,40.8397,9.8705
2026-10-04 17:42:33,28810,5.7707,6744861,50.7110,40.8406,9.8703
2026-10-04 17:42:34,28909,5.7905,6768093,50.7061,40.8480,9.8581
2026-10-04 17:42:35,29008,5.8103,6791736,50.7124,40.8413,9.8711
2026-10-04 17:42:36,29107,5.8302,6815195,50.7124,40.8426,9.8698
2026-10-04 17:42:37,29206,5.8500,6838043,50.7224,40.8335,9.8889
2026-10-04 17:42:38,29305,5.8698,6860984,50.7231,40.8356,9.8876
2026-10-04 17:42:38,29404,5.8897,6883992,50.7237,40.8359,9.8878
2026-10-04 17:42:39,29503,5.9095,6907780,50.7264,40.8330,9.8934
2026-10-04 17:42:40,29602,5.9293,6930183,50.7305,40.8308,9.8998
2026-10-04 17:42:40,29701,5.9491,6953486,50.7508,40.8137,9.9372
2026-10-04 17:42:41,29800,5.9690,6976583,50.7409,40.8246,9.9163
2026-10-04 17:42:42,29899,5.9888,6999571,50.7534,40.8113,9.9421
2026-10-04 17:42:43,29998,6.0086,7022813,50.7536,40.8125,9.9411
2026-10-04 17:42:43,30097,6.0285,7045985,50.7623,40.8048,9.9575
2026-10-04 17:42:44,30196,6.0483,7070021,50.7631,40.8053,9.9577
2026-10-04 17:42:45,30295,6.0681,7093484,50.7748,40.7958,9.9790
2026-10-04 17:42:46,30394,6.0880,7116785,50.7787,40.7927,9.9860
2026-10-04 17:42:47,30493,6.1078,7140200,50.7810,40.7920,9.9890
2026-10-04 17:42:48,30592,6.1276,7163435,50.7864,40.7892,9.9972
2026-10-04 17:43:34,30691,6.1474,7185633,50.7852,40.7922,9.9930
2026-10-04 17:43:35,30790,6.1673,7209246,50.7906,40.7861,10.0045
2026-10-04 17:43:36,30889,6.1871,7232457,50.7977,40.7803,10.0174
2026-10-04 17:43:37,30988,6.2069,7255231,50.8029,40.7767,10.0262
2026-10-04 17:43:38,31087,6.2268,7278230,50.8163,40.7632,10.0530
2026-10-04 17:43:38,31186,6.2466,7302094,50.8211,40.7601,10.0609
2026-10-04 17:43:39,31285,6.2664,7324949,50.8234,40.7565,10.0670
2026-10-04 17:43:40,31384,6.2863,7348810,50.8164,40.7654,10.0510
2026-10-04 17:43:41,31483,6.3061,7371615,50.8171,40.7672,10.0499
2026-10-04 17:43:42,31582,6.3259,7394245,50.8224,40.7634,10.0590
2026-10-04 17:43:42,31681,6.3457,7416330,50.8119,40.7744,10.0375
2026-10-04 17:43:43,31780,6.3656,7438788,50.8099,40.7782,10.0317
2026-10-04 17:43:44,31879,6.3854,7462183,50.8181,40.7701,10.0480
2026-10-04 17:43:45,31978,6.4052,7484270,50.8205,40.7687,10.0518
2026-10-04 17:43:46,32077,6.4251,7507284,50.8284,40.7599,10.0685
2026-10-04 17:43:47,32176,6.4449,7530342,50.8366,40.7529,10.0837
2026-10-04 17:43:47,32275,6.4647,7553310,50.8469,40.7430,10.1039
2026-10-04 17:43:48,32374,6.4846,7575535,50.8465,40.7439,10.1026
2026-10-04 17:43:49,32473,6.5044,7598161,50.8535,40.7389,10.1146
2026-10-04 17:44:34,32572,6.5242,7621419,50.8637,40.7289,10.1348
2026-10-04 17:44:35,32671,6.5440,7644832,50.8759,40.7170,10.1589
2026-10-04 17:44:36,32770,6.5639,7667633,50.8826,40.7108,10.1719
2026-10-04 17:44:37,32869,6.5837,7690510,50.8948,40.6990,10.1958
2026-10-04 17:44:39,32968,6.6035,7712228,50.8884,40.7075,10.1809
2026-10-04 17:44:40,33067,6.6234,7735038,50.8936,40.7038,10.1898
2026-10-04 17:44:41,33166,6.6432,7757501,50.8902,40.7094,10.1807
2026-10-04 17:44:42,33265,6.6630,7780106,50.8939,40.7077,10.1862
2026-10-04 17:44:43,33364,6.6829,7802246,50.8962,40.7085,10.1877
2026-10-04 17:44:44,33463,6.7027,7825341,50.8941,40.7119,10.1822
2026-10-04 17:44:45,33562,6.7225,7848904,50.8984,40.7093,10.1891
2026-10-04 17:44:46,33661,6.7423,7872346,50.9027,40.7083,10.1944
2026-10-04 17:44:47,33760,6.7622,7895970,50.9032,40.7105,10.1927
2026-10-04 17:44:48,33859,6.7820,7918502,50.9066,40.7089,10.1977
2026-10-04 17:44:49,33958,6.8018,7941984,50.9050,40.7122,10.1927
2026-10-04 17:44:49,34057,6.8217,7964833,50.9039,40.7165,10.1874
2026-10-04 17:44:50,34156,6.8415,7988170,50.9078,40.7133,10.1945
2026-10-04 17:44:51,34255,6.8613,8011610,50.9098,40.7127,10.1971
2026-10-04 17:44:51,34354,6.8811,8034309,50.9189,40.7060,10.2128
2026-10-04 17:45:34,34453,6.9010,8057060,50.9305,40.6963,10.2342
2026-10-04 17:45:35,34552,6.9208,8080097,50.9378,40.6900,10.2478
2026-10-04 17:45:36,34651,6.9406,8102956,50.9411,40.6858,10.2553
2026-10-04 17:45:37,34750,6.9605,8125104,50.9440,40.6856,10.2583
2026-10-04 17:45:38,34849,6.9803,8148671,50.9450,40.6854,10.2596
2026-10-04 17:45:39,34948,7.0001,8171806,50.9389,40.6920,10.2469
2026-10-04 17:45:39,35047,7.0200,8194631,50.9301,40.7016,10.2285
2026-10-04 17:45:40,35146,7.0398,8216755,50.9259,40.7085,10.2174
2026-10-04 17:45:40,35245,7.0596,8238547,50.9218,40.7153,10.2065
2026-10-04 17:45:41,35344,7.0794,8261088,50.9208,40.7160,10.2047
2026-10-04 17:45:41,35443,7.0993,8283235,50.9240,40.7184,10.2057
2026-10-04 17:45:42,35542,7.1191,8306133,50.9289,40.7145,10.2144
2026-10-04 17:45:43,35641,7.1389,8328846,50.9247,40.7221,10.2026
2026-10-04 17:45:43,35740,7.1588,8351208,50.9175,40.7301,10.1874
2026-10-04 17:45:44,35839,7.1786,8374376,50.9284,40.7168,10.2117
2026-10-04 17:45:44,35938,7.1984,8397277,50.9314,40.7156,10.2158
2026-10-04 17:45:45,36037,7.2183,8420100,50.9227,40.7264,10.1963
2026-10-04 17:45:46,36136,7.2381,8442646,50.9249,40.7247,10.2002
2026-10-04 17:45:47,36235,7.2579,8465882,50.9207,40.7281,10.1926
2026-10-04 17:46:34,36334,7.2777,8488559,50.9207,40.7295,10.1912
2026-10-04 17:46:35,36433,7.2976,8511099,50.9181,40.7328,10.1853
2026-10-04 17:46:36,36532,7.3174,8533448,50.9184,40.7316,10.1869
2026-10-04 17:46:36,36631,7.3372,8556860,50.9169,40.7332,10.1837
2026-10-04 17:46:37,36730,7.3571,8580159,50.9159,40.7334,10.1825
2026-10-04 17:46:38,36829,7.3769,8603681,50.9191,40.7290,10.1901
2026-10-04 17:46:39,36928,7.3967,8626822,50.9202,40.7271,10.1931
2026-10-04 17:46:40,37027,7.4166,8650043,50.9217,40.7280,10.1937
2026-10-04 17:46:40,37126,7.4364,8672594,50.9168,40.7335,10.1833
2026-10-04 17:46:41,37225,7.4562,8695524,50.9169,40.7342,10.1827
2026-10-04 17:46:41,37324,7.4760,8718505,50.9152,40.7367,10.1785
2026-10-04 17:46:42,37423,7.4959,8741435,50.9173,40.7348,10.1825
2026-10-04 17:46:42,37522,7.5157,8764169,50.9214,40.7325,10.1889
2026-10-04 17:46:43,37621,7.5355,8787113,50.9148,40.7405,10.1744
2026-10-04 17:46:44,37720,7.5554,8811258,50.9202,40.7350,10.1853
2026-10-04 17:46:44,37819,7.5752,8833950,50.9300,40.7270,10.2029
2026-10-04 17:46:45,37918,7.5950,8857061,50.9310,40.7283,10.2027
2026-10-04 17:46:46,38017,7.6149,8879997,50.9307,40.7277,10.2031
2026-10-04 17:46:47,38116,7.6347,8902971,50.9355,40.7214,10.2142
2026-10-04 17:47:34,38215,7.6545,8925001,50.9358,40.7229,10.2129
2026-10-04 17:47:35,38314,7.6743,8948301,50.9268,40.7311,10.1957
2026-10-04 17:47:36,38413,7.6942,8970944,50.9291,40.7301,10.1990
2026-10-04 17:47:36,38512,7.7140,8994551,50.9315,40.7284,10.2030
2026-10-04 17:47:37,38611,7.7338,9018939,50.9277,40.7318,10.1960
2026-10-04 17:47:38,38710,7.7537,9041355,50.9227,40.7375,10.1852
2026-10-04 17:47:39,38809,7.7735,9064771,50.9220,40.7376,10.1844
2026-10-04 17:47:40,38908,7.7933,9088076,50.9166,40.7456,10.1710
2026-10-04 17:47:40,39007,7.8132,9111986,50.9138,40.7483,10.1654
2026-10-04 17:47:41,39106,7.8330,9135048,50.9217,40.7397,10.1821
2026-10-04 17:47:42,39205,7.8528,9158110,50.9186,40.7446,10.1740
2026-10-04 17:47:42,39304,7.8726,9180107,50.9054,40.7606,10.1448
2026-10-04 17:47:43,39403,7.8925,9203060,50.9118,40.7527,10.1591
2026-10-04 17:47:43,39502,7.9123,9224082,50.9173,40.7504,10.1668
2026-10-04 17:47:44,39601,7.9321,9247240,50.9134,40.7560,10.1574
2026-10-04 17:47:45,39700,7.9520,9269939,50.9226,40.7474,10.1752
2026-10-04 17:47:45,39799,7.9718,9293417,50.9243,40.7485,10.1758
2026-10-04 17:47:46,39898,7.9916,9315873,50.9246,40.7477,10.1769
2026-10-04 17:47:46,39997,8.0114,9339438,50.9301,40.7436,10.1866
2026-10-04 17:47:47,40096,8.0313,9362174,50.9295,40.7449,10.1846
2026-10-04 17:47:48,40195,8.0511,9384695,50.9318,40.7421,10.1897
2026-10-04 17:47:49,40294,8.0709,9408210,50.9340,40.7407,10.1933
2026-10-04 17:47:50,40393,8.0908,9430961,50.9368,40.7410,10.1958
2026-10-04 17:47:50,40492,8.1106,9454205,50.9378,40.7396,10.1981
2026-10-04 17:48:34,40591,8.1304,9475613,50.9309,40.7463,10.1846
2026-10-04 17:48:35,40690,8.1503,9498539,50.9371,40.7404,10.1966
2026-10-04 17:48:36,40789,8.1701,9521074,50.9387,40.7412,10.1975
2026-10-04 17:48:38,40888,8.1899,9543386,50.9361,40.7451,10.1910
2026-10-04 17:48:38,40987,8.2097,9566598,50.9333,40.7490,10.1843
2026-10-04 17:48:39,41086,8.2296,9590545,50.9338,40.7479,10.1859
2026-10-04 17:48:40,41185,8.2494,9613808,50.9337,40.7493,10.1844
2026-10-04 17:48:41,41284,8.2692,9636651,50.9346,40.7478,10.1869
2026-10-04 17:48:41,41383,8.2891,9659737,50.9469,40.7377,10.2093
2026-10-04 17:48:42,41482,8.3089,9682531,50.9419,40.7442,10.1977
2026-10-04 17:48:43,41581,8.3287,9704887,50.9386,40.7483,10.1903
2026-10-04 17:48:44,41680,8.3486,9728673,50.9409,40.7468,10.1941
2026-10-04 17:48:44,41779,8.3684,9750873,50.9412,40.7467,10.1946
2026-10-04 17:48:45,41878,8.3882,9773613,50.9466,40.7433,10.2032
2026-10-04 17:48:46,41977,8.4080,9796610,50.9449,40.7465,10.1983
2026-10-04 17:48:47,42076,8.4279,9818649,50.9471,40.7450,10.2021
2026-10-04 17:48:47,42175,8.4477,9840880,50.9426,40.7515,10.1911
2026-10-04 17:48:48,42274,8.4675,9863209,50.9465,40.7479,10.1986
2026-10-04 17:48:49,42373,8.4874,9886178,50.9466,40.7486,10.1980
2026-10-04 17:48:50,42472,8.5072,9909265,50.9511,40.7458,10.2053
2026-10-04 17:48:51,42571,8.5270,9931918,50.9487,40.7496,10.1991
2026-10-04 17:48:52,42670,8.5469,9953925,50.9403,40.7602,10.1801
2026-10-04 17:48:53,42769,8.5667,9976322,50.9430,40.7583,10.1848
2026-10-04 17:48:55,42868,8.5865,9998836,50.9417,40.7596,10.1822
2026-10-04 17:49:35,42967,8.6063,10021334,50.9414,40.7612,10.1802
2026-10-04 17:49:37,43066,8.6262,10043333,50.9423,40.7613,10.1810
2026-10-04 17:49:39,43165,8.6460,10065093,50.9417,40.7632,10.1785
2026-10-04 17:49:40,43264,8.6658,10087467,50.9464,40.7602,10.1863
2026-10-04 17:49:40,43363,8.6857,10109840,50.9442,40.7629,10.1813
2026-10-04 17:49:41,43462,8.7055,10132152,50.9446,40.7640,10.1806
2026-10-04 17:49:42,43561,8.7253,10154335,50.9493,40.7589,10.1905
2026-10-04 17:49:42,43660,8.7452,10176348,50.9566,40.7532,10.2034
2026-10-04 17:49:43,43759,8.7650,10198730,50.9507,40.7601,10.1906
2026-10-04 17:49:44,43858,8.7848,10221811,50.9589,40.7529,10.2060
2026-10-04 17:49:44,43957,8.8046,10243919,50.9578,40.7531,10.2047
2026-10-04 17:49:45,44056,8.8245,10267105,50.9600,40.7490,10.2110
2026-10-04 17:49:46,44155,8.8443,10289483,50.9653,40.7468,10.2185
2026-10-04 17:49:46,44254,8.8641,10312063,50.9657,40.7452,10.2205
2026-10-04 17:49:47,44353,8.8840,10335229,50.9719,40.7363,10.2356
2026-10-04 17:49:47,44452,8.9038,10359122,50.9766,40.7322,10.2444
2026-10-04 17:49:48,44551,8.9236,10381137,50.9715,40.7391,10.2324
2026-10-04 17:49:49,44650,8.9435,10404747,50.9766,40.7343,10.2423
2026-10-04 17:49:49,44749,8.9633,10427579,50.9819,40.7291,10.2528
2026-10-04 17:49:50,44848,8.9831,10449609,50.9799,40.7319,10.2480
2026-10-04 17:49:51,44947,9.0029,10472346,50.9822,40.7313,10.2510
2026-10-04 17:49:52,45046,9.0228,10495280,50.9892,40.7249,10.2643
2026-10-04 17:49:53,45145,9.0426,10518799,50.9896,40.7244,10.2651
2026-10-04 17:50:34,45244,9.0624,10541824,50.9887,40.7271,10.2617
2026-10-04 17:50:35,45343,9.0823,10564666,50.9835,40.7325,10.2511
2026-10-04 17:50:36,45442,9.1021,10588520,50.9863,40.7296,10.2567
2026-10-04 17:50:37,45541,9.1219,10612133,50.9905,40.7253,10.2652
2026-10-04 17:50:39,45640,9.1417,10635056,50.9954,40.7217,10.2737
2026-10-04 17:50:39,45739,9.1616,10658674,50.9989,40.7183,10.2806
2026-10-04 17:50:40,45838,9.1814,10680864,51.0074,40.7118,10.2956
2026-10-04 17:50:41,45937,9.2012,10704941,51.0065,40.7130,10.2934
2026-10-04 17:50:42,46036,9.2211,10728201,51.0060,40.7143,10.2916
2026-10-04 17:50:42,46135,9.2409,10751674,51.0062,40.7130,10.2932
2026-10-04 17:50:43,46234,9.2607,10774944,51.0112,40.7071,10.3040
2026-10-04 17:50:43,46333,9.2806,10797555,51.0218,40.6967,10.3251
2026-10-04 17:50:44,46432,9.3004,10820780,51.0172,40.7019,10.3153
2026-10-04 17:50:45,46531,9.3202,10844177,51.0196,40.6983,10.3213
2026-10-04 17:50:46,46630,9.3400,10866092,51.0206,40.6997,10.3209
2026-10-04 17:50:46,46729,9.3599,10889756,51.0222,40.6973,10.3249
2026-10-04 17:50:47,46828,9.3797,10913083,51.0321,40.6867,10.3454
2026-10-04 17:50:48,46927,9.3995,10935056,51.0323,40.6875,10.3448
2026-10-04 17:50:48,47026,9.4194,10958831,51.0380,40.6806,10.3573
2026-10-04 17:50:49,47125,9.4392,10981341,51.0366,40.6834,10.3532
2026-10-04 17:50:50,47224,9.4590,11004707,51.0396,40.6805,10.3591
2026-10-04 17:50:51,47323,9.4789,11028016,51.0443,40.6769,10.3674
2026-10-04 17:50:52,47422,9.4987,11050945,51.0509,40.6708,10.3801
2026-10-04 17:50:54,47521,9.5185,11074216,51.0568,40.6653,10.3916
2026-10-04 17:51:35,47620,9.5383,11097608,51.0623,40.6600,10.4023
2026-10-04 17:51:35,47719,9.5582,11121181,51.0708,40.6528,10.4180
2026-10-04 17:51:37,47818,9.5780,11143833,51.0733,40.6515,10.4218
2026-10-04 17:51:37,47917,9.5978,11167060,51.0749,40.6505,10.4244
2026-10-04 17:51:38,48016,9.6177,11190814,51.0789,40.6471,10.4318
2026-10-04 17:51:39,48115,9.6375,11214275,51.0803,40.6459,10.4344
2026-10-04 17:51:40,48214,9.6573,11238129,51.0866,40.6400,10.4465
2026-10-04 17:51:42,48313,9.6772,11261957,51.0892,40.6367,10.4525
2026-10-04 17:51:43,48412,9.6970,11285960,51.0963,40.6305,10.4658
2026-10-04 17:51:43,48511,9.7168,11309323,51.1008,40.6248,10.4759
2026-10-04 17:51:44,48610,9.7366,11332797,51.1011,40.6235,10.4776
2026-10-04 17:51:45,48709,9.7565,11355350,51.1057,40.6195,10.4861
2026-10-04 17:51:46,48808,9.7763,11378340,51.1041,40.6214,10.4826
2026-10-04 17:51:47,48907,9.7961,11400396,51.1110,40.6159,10.4951
2026-10-04 17:51:48,49006,9.8160,11422744,51.1075,40.6195,10.4879
2026-10-04 17:51:49,49105,9.8358,11445893,51.1078,40.6200,10.4878
2026-10-04 17:51:50,49204,9.8556,11468538,51.1167,40.6129,10.5038
2026-10-04 17:51:50,49303,9.8755,11491157,51.1155,40.6156,10.5000
2026-10-04 17:51:51,49402,9.8953,11512415,51.1204,40.6129,10.5075
2026-10-04 17:51:52,49501,9.9151,11533951,51.1289,40.6056,10.5233
2026-10-04 17:51:53,49600,9.9349,11558207,51.1337,40.6007,10.5329
2026-10-04 17:51:54,49699,9.9548,11580398,51.1320,40.6032,10.5288
2026-10-04 17:51:54,49798,9.9746,11603099,51.1371,40.5988,10.5383
2026-10-04 17:51:57,49897,9.9944,11625415,51.1386,40.5968,10.5418
2026-10-04 17:51:58,49996,10.0143,11648586,51.1437,40.5919,10.5518
2026-10-04 17:51:59,50095,10.0341,11670550,51.1496,40.5865,10.5630
2026-10-04 17:52:00,50194,10.0539,11693278,51.1536,40.5833,10.5704
2026-10-04 17:52:01,50293,10.0738,11715903,51.1593,40.5780,10.5813
2026-10-04 17:52:02,50392,10.0936,11738965,51.1635,40.5748,10.5887
2026-10-04 17:52:35,50491,10.1134,11762214,51.1674,40.5720,10.5954
2026-10-04 17:52:36,50590,10.1332,11784669,51.1697,40.5718,10.5979
2026-10-04 17:52:37,50689,10.1531,11807774,51.1760,40.5668,10.6092
2026-10-04 17:52:38,50788,10.1729,11830707,51.1839,40.5600,10.6240
2026-10-04 17:52:38,50887,10.1927,11854014,51.1885,40.5561,10.6324
2026-10-04 17:52:39,50986,10.2126,11876333,51.1875,40.5576,10.6299
2026-10-04 17:52:40,51085,10.2324,11900005,51.1916,40.5539,10.6377
2026-10-04 17:52:41,51184,10.2522,11922934,51.1914,40.5546,10.6367
2026-10-04 17:52:41,51283,10.2720,11946020,51.1880,40.5581,10.6299
2026-10-04 17:52:42,51382,10.2919,11969541,51.1920,40.5533,10.6387
2026-10-04 17:52:42,51481,10.3117,11992687,51.1947,40.5495,10.6452
2026-10-04 17:52:43,51580,10.3315,12014735,51.1941,40.5498,10.6443
2026-10-04 17:52:43,51679,10.3514,12036569,51.1981,40.5463,10.6519
2026-10-04 17:52:44,51778,10.3712,12059671,51.1987,40.5439,10.6548
2026-10-04 17:52:44,51877,10.3910,12081969,51.1950,40.5486,10.6464
2026-10-04 17:52:45,51976,10.4109,12104946,51.1916,40.5499,10.6417
2026-10-04 17:52:45,52075,10.4307,12126813,51.2000,40.5416,10.6585
2026-10-04 17:52:46,52174,10.4505,12149129,51.1965,40.5428,10.6537
2026-10-04 17:52:46,52273,10.4703,12172310,51.1976,40.5432,10.6544
2026-10-04 17:52:47,52372,10.4902,12195230,51.1922,40.5474,10.6448
2026-10-04 17:52:47,52471,10.5100,12217386,51.1948,40.5464,10.6484
2026-10-04 17:52:48,52570,10.5298,12239480,51.1879,40.5533,10.6346
2026-10-04 17:52:49,52669,10.5497,12261318,51.1860,40.5543,10.6317
2026-10-04 17:52:50,52768,10.5695,12283586,51.1917,40.5499,10.6418
2026-10-04 17:52:50,52867,10.5893,12305815,51.1848,40.5577,10.6271
2026-10-04 17:52:51,52966,10.6092,12328547,51.1887,40.5528,10.6359
2026-10-04 17:52:52,53065,10.6290,12351565,51.1863,40.5554,10.6308
2026-10-04 17:52:52,53164,10.6488,12374341,51.1890,40.5531,10.6359
2026-10-04 17:52:54,53263,10.6686,12397843,51.1875,40.5534,10.6341
2026-10-04 17:53:35,53362,10.6885,12420582,51.1781,40.5642,10.6139
2026-10-04 17:53:36,53461,10.7083,12443519,51.1768,40.5671,10.6097
2026-10-04 17:53:37,53560,10.7281,12466671,51.1772,40.5683,10.6089
2026-10-04 17:53:38,53659,10.7480,12490111,51.1794,40.5664,10.6130
2026-10-04 17:53:39,53758,10.7678,12512984,51.1815,40.5655,10.6161
2026-10-04 17:53:39,53857,10.7876,12536344,51.1904,40.5578,10.6326
2026-10-04 17:53:40,53956,10.8075,12559107,51.1899,40.5596,10.6303
2026-10-04 17:53:41,54055,10.8273,12580814,51.1991,40.5511,10.6480
2026-10-04 17:53:41,54154,10.8471,12604101,51.2046,40.5479,10.6568
2026-10-04 17:53:42,54253,10.8669,12626100,51.1976,40.5569,10.6407
2026-10-04 17:53:43,54352,10.8868,12648355,51.1976,40.5577,10.6399
2026-10-04 17:53:43,54451,10.9066,12670804,51.1955,40.5603,10.6352
2026-10-04 17:53:44,54550,10.9264,12693393,51.1996,40.5567,10.6429
2026-10-04 17:53:44,54649,10.9463,12715630,51.1948,40.5634,10.6314
2026-10-04 17:53:45,54748,10.9661,12738346,51.1989,40.5592,10.6397
2026-10-04 17:53:46,54847,10.9859,12760723,51.2046,40.5538,10.6507
2026-10-04 17:53:46,54946,11.0058,12783665,51.2011,40.5581,10.6430
2026-10-04 17:53:47,55045,11.0256,12806343,51.2136,40.5456,10.6680
2026-10-04 17:53:47,55144,11.0454,12829202,51.2131,40.5455,10.6676
2026-10-04 17:53:48,55243,11.0652,12851496,51.2134,40.5441,10.6692
2026-10-04 17:53:49,55342,11.0851,12874465,51.2175,40.5416,10.6759
2026-10-04 17:53:49,55441,11.1049,12897196,51.2175,40.5419,10.6756
2026-10-04 17:53:50,55540,11.1247,12920158,51.2182,40.5423,10.6759
2026-10-04 17:53:52,55639,11.1446,12942640,51.2184,40.5420,10.6764
2026-10-04 17:53:53,55738,11.1644,12965218,51.2200,40.5412,10.6789
2026-10-04 17:53:55,55837,11.1842,12987145,51.2209,40.5418,10.6792
2026-10-04 17:53:56,55936,11.2041,13010349,51.2145,40.5487,10.6658
2026-10-04 17:53:58,56035,11.2239,13033225,51.2164,40.5470,10.6694
2026-10-04 17:54:35,56134,11.2437,13056107,51.2193,40.5440,10.6754
2026-10-04 17:54:36,56233,11.2635,13079135,51.2194,40.5435,10.6760
2026-10-04 17:54:37,56332,11.2834,13100901,51.2213,40.5433,10.6781
2026-10-04 17:54:37,56431,11.3032,13123721,51.2240,40.5419,10.6821
2026-10-04 17:54:38,56530,11.3230,13146368,51.2261,40.5411,10.6851
2026-10-04 17:54:39,56629,11.3429,13168892,51.2336,40.5355,10.6981
2026-10-04 17:54:40,56728,11.3627,13190964,51.2380,40.5312,10.7067
2026-10-04 17:54:40,56827,11.3825,13213084,51.2370,40.5345,10.7025
2026-10-04 17:54:41,56926,11.4023,13236133,51.2356,40.5369,10.6988
2026-10-04 17:54:42,57025,11.4222,13258452,51.2402,40.5328,10.7074
2026-10-04 17:54:43,57124,11.4420,13281054,51.2340,40.5404,10.6937
2026-10-04 17:54:43,57223,11.4618,13303923,51.2325,40.5436,10.6890
2026-10-04 17:54:44,57322,11.4817,13326705,51.2271,40.5503,10.6768
2026-10-04 17:54:45,57421,11.5015,13349189,51.2360,40.5413,10.6947
2026-10-04 17:54:45,57520,11.5213,13372576,51.2280,40.5500,10.6780
2026-10-04 17:54:46,57619,11.5412,13396217,51.2314,40.5463,10.6851
2026-10-04 17:54:46,57718,11.5610,13419203,51.2331,40.5456,10.6875
2026-10-04 17:54:47,57817,11.5808,13441293,51.2348,40.5442,10.6906
2026-10-04 17:54:48,57916,11.6006,13464559,51.2425,40.5376,10.7049
2026-10-04 17:54:48,58015,11.6205,13487924,51.2427,40.5380,10.7048
2026-10-04 17:54:49,58114,11.6403,13510158,51.2420,40.5393,10.7027
2026-10-04 17:54:50,58213,11.6601,13532413,51.2441,40.5375,10.7065
2026-10-04 17:54:51,58312,11.6800,13556174,51.2453,40.5367,10.7087
2026-10-04 17:54:52,58411,11.6998,13579367,51.2450,40.5380,10.7071
2026-10-04 17:54:53,58510,11.7196,13602611,51.2429,40.5415,10.7014
2026-10-04 17:54:54,58609,11.7395,13625931,51.2447,40.5403,10.7045
2026-10-04 17:54:55,58708,11.7593,13648722,51.2469,40.5378,10.7092
2026-10-04 17:54:57,58807,11.7791,13671312,51.2466,40.5387,10.7079
2026-10-04 17:54:59,58906,11.7989,13694281,51.2497,40.5363,10.7134
2026-10-04 17:55:35,59005,11.8188,13717147,51.2466,40.5404,10.7062
2026-10-04 17:55:36,59104,11.8386,13739472,51.2477,40.5408,10.7069
2026-10-04 17:55:37,59203,11.8584,13762186,51.2473,40.5402,10.7071
2026-10-04 17:55:38,59302,11.8783,13784845,51.2492,40.5389,10.7103
2026-10-04 17:55:39,59401,11.8981,13807249,51.2498,40.5397,10.7100
2026-10-04 17:55:39,59500,11.9179,13829151,51.2435,40.5461,10.6974
2026-10-04 17:55:40,59599,11.9378,13851300,51.2411,40.5474,10.6937
2026-10-04 17:55:41,59698,11.9576,13874690,51.2358,40.5530,10.6828
2026-10-04 17:55:41,59797,11.9774,13897524,51.2322,40.5557,10.6765
2026-10-04 17:55:42,59896,11.9972,13920084,51.2292,40.5574,10.6718
2026-10-04 17:55:42,59995,12.0171,13942711,51.2338,40.5540,10.6798
2026-10-04 17:55:43,60094,12.0369,13965768,51.2272,40.5614,10.6658
2026-10-04 17:55:44,60193,12.0567,13988193,51.2289,40.5602,10.6687
2026-10-04 17:55:44,60292,12.0766,14011450,51.2238,40.5648,10.6590
2026-10-04 17:55:45,60391,12.0964,14034105,51.2315,40.5569,10.6746
2026-10-04 17:55:45,60490,12.1162,14057073,51.2285,40.5596,10.6689
2026-10-04 17:55:46,60589,12.1361,14080536,51.2353,40.5515,10.6838
2026-10-04 17:55:46,60688,12.1559,14103345,51.2294,40.5593,10.6701
2026-10-04 17:55:47,60787,12.1757,14125584,51.2288,40.5590,10.6698
2026-10-04 17:55:47,60886,12.1955,14148042,51.2321,40.5572,10.6749
2026-10-04 17:55:48,60985,12.2154,14171255,51.2331,40.5560,10.6771
2026-10-04 17:55:48,61084,12.2352,14193987,51.2349,40.5549,10.6800
2026-10-04 17:55:49,61183,12.2550,14216477,51.2304,40.5596,10.6708
2026-10-04 17:55:50,61282,12.2749,14239566,51.2315,40.5579,10.6735
2026-10-04 17:55:50,61381,12.2947,14262420,51.2345,40.5558,10.6787
2026-10-04 17:55:51,61480,12.3145,14284787,51.2286,40.5621,10.6665
2026-10-04 17:55:52,61579,12.3344,14307465,51.2256,40.5654,10.6602
2026-10-04 17:55:52,61678,12.3542,14330091,51.2264,40.5649,10.6615
2026-10-04 17:55:54,61777,12.3740,14352824,51.2214,40.5699,10.6515
2026-10-04 17:56:35,61876,12.3938,14375233,51.2087,40.5841,10.6247
2026-10-04 17:56:36,61975,12.4137,14397797,51.2048,40.5879,10.6169
2026-10-04 17:56:37,62074,12.4335,14420490,51.2063,40.5861,10.6202
2026-10-04 17:56:38,62173,12.4533,14443248,51.2083,40.5857,10.6226
2026-10-04 17:56:38,62272,12.4732,14465781,51.2048,40.5893,10.6154
2026-10-04 17:56:39,62371,12.4930,14488038,51.2015,40.5936,10.6079
2026-10-04 17:56:40,62470,12.5128,14510753,51.2035,40.5925,10.6110
2026-10-04 17:56:40,62569,12.5326,14533090,51.2036,40.5943,10.6093
2026-10-04 17:56:41,62668,12.5525,14555096,51.2056,40.5932,10.6124
2026-10-04 17:56:42,62767,12.5723,14578884,51.2135,40.5856,10.6278
2026-10-04 17:56:42,62866,12.5921,14601371,51.2106,40.5901,10.6204
2026-10-04 17:56:43,62965,12.6120,14623702,51.2143,40.5861,10.6283
2026-10-04 17:56:43,63064,12.6318,14646671,51.2162,40.5851,10.6312
2026-10-04 17:56:44,63163,12.6516,14669670,51.2136,40.5879,10.6257
2026-10-04 17:56:45,63262,12.6715,14692605,51.2183,40.5834,10.6350
2026-10-04 17:56:45,63361,12.6913,14714743,51.2152,40.5869,10.6283
2026-10-04 17:56:46,63460,12.7111,14737918,51.2126,40.5889,10.6237
2026-10-04 17:56:46,63559,12.7309,14760816,51.2107,40.5916,10.6191
2026-10-04 17:56:47,63658,12.7508,14784109,51.2151,40.5868,10.6282
2026-10-04 17:56:47,63757,12.7706,14807068,51.2166,40.5868,10.6297
2026-10-04 17:56:48,63856,12.7904,14829527,51.2208,40.5828,10.6381
2026-10-04 17:56:49,63955,12.8103,14853484,51.2299,40.5743,10.6556
2026-10-04 17:56:49,64054,12.8301,14876364,51.2325,40.5715,10.6610
2026-10-04 17:56:50,64153,12.8499,14898586,51.2311,40.5742,10.6569
2026-10-04 17:56:51,64252,12.8698,14921713,51.2338,40.5715,10.6623
2026-10-04 17:56:52,64351,12.8896,14943960,51.2374,40.5684,10.6691
2026-10-04 17:56:52,64450,12.9094,14965300,51.2358,40.5715,10.6644
2026-10-04 17:56:53,64549,12.9292,14987491,51.2401,40.5663,10.6738
2026-10-04 17:56:56,64648,12.9491,15010822,51.2455,40.5611,10.6844
2026-10-04 17:57:36,64747,12.9689,15034351,51.2441,40.5635,10.6806
2026-10-04 17:57:37,64846,12.9887,15057423,51.2498,40.5579,10.6919
2026-10-04 17:57:38,64945,13.0086,15080040,51.2552,40.5523,10.7029
2026-10-04 17:57:39,65044,13.0284,15102996,51.2566,40.5514,10.7052
2026-10-04 17:57:40,65143,13.0482,15126247,51.2600,40.5488,10.7112
2026-10-04 17:57:40,65242,13.0681,15148821,51.2587,40.5518,10.7069
2026-10-04 17:57:41,65341,13.0879,15170723,51.2594,40.5522,10.7072
2026-10-04 17:57:41,65440,13.1077,15193848,51.2592,40.5536,10.7057
2026-10-04 17:57:42,65539,13.1275,15216458,51.2570,40.5558,10.7012
2026-10-04 17:57:43,65638,13.1474,15239427,51.2644,40.5472,10.7172
2026-10-04 17:57:44,65737,13.1672,15261844,51.2668,40.5462,10.7206
2026-10-04 17:57:44,65836,13.1870,15285348,51.2704,40.5416,10.7288
2026-10-04 17:57:45,65935,13.2069,15307454,51.2690,40.5445,10.7245
2026-10-04 17:57:46,66034,13.2267,15330117,51.2720,40.5412,10.7308
2026-10-04 17:57:46,66133,13.2465,15353198,51.2742,40.5396,10.7347
2026-10-04 17:57:47,66232,13.2664,15376406,51.2720,40.5420,10.7300
2026-10-04 17:57:48,66331,13.2862,15399501,51.2718,40.5430,10.7288
2026-10-04 17:57:49,66430,13.3060,15422918,51.2723,40.5430,10.7293
2026-10-04 17:57:49,66529,13.3258,15445645,51.2692,40.5472,10.7220
2026-10-04 17:57:50,66628,13.3457,15467522,51.2655,40.5529,10.7126
2026-10-04 17:57:51,66727,13.3655,15490614,51.2726,40.5470,10.7256
2026-10-04 17:57:51,66826,13.3853,15512891,51.2736,40.5462,10.7275
2026-10-04 17:57:53,66925,13.4052,15535258,51.2730,40.5476,10.7253
2026-10-04 17:57:53,67024,13.4250,15558172,51.2681,40.5536,10.7145
2026-10-04 17:57:55,67123,13.4448,15580695,51.2709,40.5515,10.7194
2026-10-04 17:57:56,67222,13.4647,15602790,51.2722,40.5505,10.7217
2026-10-04 17:57:56,67321,13.4845,15625161,51.2729,40.5511,10.7218
2026-10-04 17:57:58,67420,13.5043,15647406,51.2735,40.5515,10.7220
2026-10-04 17:58:36,67519,13.5241,15669706,51.2773,40.5486,10.7286
2026-10-04 17:58:37,67618,13.5440,15691876,51.2812,40.5453,10.7358
2026-10-04 17:58:37,67717,13.5638,15712603,51.2832,40.5447,10.7385
2026-10-04 17:58:38,67816,13.5836,15735406,51.2872,40.5415,10.7457
2026-10-04 17:58:39,67915,13.6035,15757525,51.2892,40.5410,10.7482
2026-10-04 17:58:40,68014,13.6233,15780159,51.2939,40.5375,10.7564
2026-10-04 17:58:41,68113,13.6431,15802054,51.2931,40.5398,10.7533
2026-10-04 17:58:41,68212,13.6629,15825717,51.2925,40.5412,10.7513
2026-10-04 17:58:42,68311,13.6828,15848782,51.2967,40.5373,10.7593
2026-10-04 17:58:42,68410,13.7026,15872639,51.2970,40.5376,10.7595
2026-10-04 17:58:43,68509,13.7224,15894657,51.3001,40.5341,10.7660
2026-10-04 17:58:43,68608,13.7423,15917294,51.2980,40.5375,10.7605
2026-10-04 17:58:44,68707,13.7621,15940475,51.3001,40.5341,10.7660
2026-10-04 17:58:44,68806,13.7819,15962864,51.2953,40.5401,10.7552
2026-10-04 17:58:45,68905,13.8018,15985730,51.2911,40.5439,10.7471
2026-10-04 17:58:46,69004,13.8216,16009455,51.2979,40.5367,10.7612
2026-10-04 17:58:46,69103,13.8414,16031850,51.2934,40.5408,10.7526
2026-10-04 17:58:47,69202,13.8612,16055556,51.2984,40.5353,10.7631
2026-10-04 17:58:47,69301,13.8811,16078025,51.3009,40.5326,10.7683
2026-10-04 17:58:48,69400,13.9009,16101234,51.2992,40.5347,10.7644
2026-10-04 17:58:48,69499,13.9207,16123138,51.2951,40.5401,10.7549
2026-10-04 17:58:49,69598,13.9406,16146347,51.2982,40.5360,10.7623
2026-10-04 17:58:49,69697,13.9604,16168605,51.3025,40.5323,10.7702
2026-10-04 17:58:50,69796,13.9802,16191103,51.3054,40.5301,10.7753
2026-10-04 17:58:51,69895,14.0001,16214767,51.3037,40.5318,10.7718
2026-10-04 17:58:52,69994,14.0199,16236730,51.3006,40.5351,10.7655
2026-10-04 17:58:53,70093,14.0397,16258840,51.2966,40.5395,10.7571
2026-10-04 17:58:54,70192,14.0595,16280459,51.2960,40.5402,10.7558
2026-10-04 17:58:55,70291,14.0794,16302842,51.2951,40.5418,10.7533
2026-10-04 17:59:37,70390,14.0992,16325926,51.2977,40.5396,10.7582
2026-10-04 17:59:37,70489,14.1190,16348939,51.2979,40.5400,10.7579
2026-10-04 17:59:38,70588,14.1389,16370980,51.2917,40.5456,10.7461
2026-10-04 17:59:39,70687,14.1587,16393570,51.2913,40.5460,10.7453
2026-10-04 17:59:39,70786,14.1785,16416090,51.2858,40.5525,10.7333
2026-10-04 17:59:40,70885,14.1984,16438554,51.2813,40.5570,10.7243
2026-10-04 17:59:41,70984,14.2182,16461072,51.2812,40.5568,10.7244
2026-10-04 17:59:42,71083,14.2380,16483696,51.2810,40.5579,10.7232
2026-10-04 17:59:42,71182,14.2578,16506429,51.2772,40.5624,10.7148
2026-10-04 17:59:43,71281,14.2777,16529348,51.2774,40.5628,10.7146
2026-10-04 17:59:43,71380,14.2975,16552028,51.2723,40.5687,10.7035
2026-10-04 17:59:44,71479,14.3173,16574515,51.2696,40.5727,10.6970
2026-10-04 17:59:45,71578,14.3372,16598431,51.2695,40.5739,10.6955
2026-10-04 17:59:45,71677,14.3570,16620518,51.2661,40.5783,10.6878
2026-10-04 17:59:46,71776,14.3768,16643315,51.2685,40.5751,10.6934
2026-10-04 17:59:46,71875,14.3967,16665292,51.2662,40.5785,10.6876
2026-10-04 17:59:47,71974,14.4165,16687507,51.2636,40.5811,10.6825
2026-10-04 17:59:47,72073,14.4363,16710375,51.2610,40.5858,10.6751
2026-10-04 17:59:48,72172,14.4561,16732401,51.2645,40.5822,10.6823
2026-10-04 17:59:48,72271,14.4760,16754750,51.2632,40.5841,10.6791
2026-10-04 17:59:49,72370,14.4958,16776998,51.2656,40.5816,10.6840
2026-10-04 17:59:49,72469,14.5156,16799983,51.2720,40.5755,10.6965
2026-10-04 17:59:50,72568,14.5355,16823042,51.2704,40.5776,10.6928
2026-10-04 17:59:51,72667,14.5553,16845855,51.2737,40.5741,10.6996
2026-10-04 17:59:51,72766,14.5751,16867817,51.2769,40.5717,10.7052
2026-10-04 17:59:52,72865,14.5950,16890657,51.2765,40.5721,10.7044
2026-10-04 17:59:53,72964,14.6148,16914075,51.2752,40.5733,10.7018
2026-10-04 17:59:54,73063,14.6346,16936971,51.2778,40.5710,10.7068
2026-10-04 18:00:36,73162,14.6544,16959742,51.2760,40.5727,10.7034
2026-10-04 18:00:37,73261,14.6743,16983266,51.2734,40.5753,10.6981
2026-10-04 18:00:38,73360,14.6941,17006258,51.2721,40.5766,10.6955
2026-10-04 18:00:39,73459,14.7139,17029223,51.2726,40.5756,10.6970
2026-10-04 18:00:40,73558,14.7338,17052160,51.2715,40.5763,10.6952
2026-10-04 18:00:41,73657,14.7536,17074247,51.2677,40.5800,10.6878
2026-10-04 18:00:42,73756,14.7734,17097213,51.2671,40.5802,10.6870
2026-10-04 18:00:42,73855,14.7932,17120172,51.2648,40.5829,10.6818
2026-10-04 18:00:43,73954,14.8131,17142479,51.2597,40.5886,10.6710
2026-10-04 18:00:43,74053,14.8329,17165918,51.2572,40.5923,10.6650
2026-10-04 18:00:44,74152,14.8527,17188212,51.2513,40.5983,10.6530
2026-10-04 18:00:44,74251,14.8726,17211234,51.2522,40.5981,10.6541
2026-10-04 18:00:45,74350,14.8924,17232287,51.2500,40.6019,10.6482
2026-10-04 18:00:46,74449,14.9122,17255674,51.2542,40.5979,10.6563
2026-10-04 18:00:46,74548,14.9321,17278253,51.2474,40.6057,10.6417
2026-10-04 18:00:47,74647,14.9519,17301086,51.2496,40.6038,10.6458
2026-10-04 18:00:47,74746,14.9717,17323887,51.2454,40.6093,10.6361
2026-10-04 18:00:48,74845,14.9915,17346914,51.2477,40.6072,10.6405
2026-10-04 18:00:48,74944,15.0114,17370324,51.2462,40.6092,10.6370
2026-10-04 18:00:49,75043,15.0312,17393536,51.2496,40.6049,10.6447
2026-10-04 18:00:49,75142,15.0510,17416356,51.2463,40.6086,10.6377
2026-10-04 18:00:50,75241,15.0709,17438632,51.2473,40.6074,10.6399
2026-10-04 18:00:50,75340,15.0907,17461460,51.2472,40.6085,10.6387
2026-10-04 18:00:51,75439,15.1105,17484020,51.2399,40.6163,10.6236
2026-10-04 18:00:52,75538,15.1304,17505700,51.2387,40.6178,10.6209
2026-10-04 18:00:53,75637,15.1502,17528460,51.2331,40.6246,10.6085
2026-10-04 18:00:53,75736,15.1700,17551259,51.2320,40.6251,10.6069
2026-10-04 18:00:54,75835,15.1898,17572844,51.2268,40.6299,10.5969
2026-10-04 18:00:56,75934,15.2097,17595353,51.2277,40.6289,10.5988
2026-10-04 18:08:48,76033,15.2295,17617866,51.2213,40.6353,10.5861
2026-10-04 18:08:49,76132,15.2493,17640800,51.2167,40.6400,10.5767
2026-10-04 18:08:50,76231,15.2692,17663292,51.2166,40.6416,10.5751
2026-10-04 18:08:51,76330,15.2890,17685931,51.2142,40.6445,10.5697
2026-10-04 18:08:52,76429,15.3088,17708418,51.2137,40.6451,10.5686
2026-10-04 18:08:52,76528,15.3287,17731065,51.2131,40.6473,10.5659
2026-10-04 18:08:53,76627,15.3485,17752746,51.2116,40.6486,10.5629
2026-10-04 18:08:53,76726,15.3683,17775771,51.2113,40.6499,10.5614
2026-10-04 18:08:54,76825,15.3881,17797948,51.2126,40.6486,10.5639
2026-10-04 18:08:54,76924,15.4080,17820792,51.2120,40.6505,10.5615
2026-10-04 18:08:55,77023,15.4278,17843021,51.2116,40.6510,10.5607
2026-10-04 18:08:55,77122,15.4476,17865342,51.2071,40.6565,10.5506
2026-10-04 18:08:56,77221,15.4675,17886684,51.2088,40.6541,10.5547
2026-10-04 18:08:56,77320,15.4873,17909637,51.2062,40.6577,10.5484
2026-10-04 18:08:57,77419,15.5071,17931107,51.2076,40.6557,10.5518
2026-10-04 18:08:57,77518,15.5270,17953968,51.2105,40.6538,10.5567
2026-10-04 18:08:58,77617,15.5468,17976151,51.2110,40.6546,10.5564
2026-10-04 18:08:59,77716,15.5666,17999333,51.2153,40.6506,10.5647
2026-10-04 18:08:59,77815,15.5864,18021850,51.2148,40.6505,10.5643
2026-10-04 18:09:00,77914,15.6063,18043714,51.2169,40.6484,10.5685
2026-10-04 18:09:00,78013,15.6261,18065893,51.2185,40.6479,10.5706
2026-10-04 18:09:01,78112,15.6459,18088577,51.2183,40.6483,10.5700
2026-10-04 18:09:02,78211,15.6658,18110754,51.2224,40.6453,10.5771
2026-10-04 18:09:02,78310,15.6856,18133607,51.2239,40.6445,10.5793
2026-10-04 18:09:03,78409,15.7054,18156236,51.2283,40.6397,10.5886
2026-10-04 18:09:03,78508,15.7253,18178653,51.2324,40.6353,10.5971
2026-10-04 18:09:04,78607,15.7451,18201822,51.2382,40.6292,10.6090
2026-10-04 18:09:05,78706,15.7649,18225316,51.2433,40.6247,10.6186
2026-10-04 18:09:07,78805,15.7847,18247761,51.2472,40.6209,10.6263
2026-10-04 18:09:17,78904,15.8046,18270635,51.2432,40.6253,10.6179
2026-10-04 18:09:18,79003,15.8244,18293565,51.2443,40.6241,10.6202
2026-10-04 18:09:19,79102,15.8442,18316908,51.2453,40.6231,10.6223
2026-10-04 18:09:19,79201,15.8641,18339579,51.2447,40.6236,10.6211
2026-10-04 18:09:20,79300,15.8839,18362063,51.2389,40.6296,10.6092
2026-10-04 18:09:21,79399,15.9037,18384989,51.2420,40.6252,10.6169
2026-10-04 18:09:22,79498,15.9235,18408392,51.2452,40.6221,10.6231
2026-10-04 18:09:23,79597,15.9434,18431799,51.2479,40.6205,10.6274
2026-10-04 18:09:23,79696,15.9632,18454847,51.2483,40.6198,10.6284
2026-10-04 18:09:24,79795,15.9830,18477848,51.2523,40.6154,10.6369
2026-10-04 18:09:28,79894,16.0029,18500490,51.2561,40.6114,10.6447
2026-10-04 18:09:29,79993,16.0227,18523702,51.2548,40.6123,10.6425
2026-10-04 18:09:31,80092,16.0425,18546911,51.2569,40.6109,10.6460
2026-10-04 18:09:33,80191,16.0624,18568624,51.2580,40.6106,10.6474
2026-10-04 18:09:36,80290,16.0822,18590676,51.2599,40.6086,10.6513
2026-10-04 18:09:38,80389,16.1020,18613316,51.2615,40.6075,10.6540
2026-10-04 18:09:40,80488,16.1218,18635500,51.2623,40.6065,10.6558
2026-10-04 18:09:42,80587,16.1417,18657965,51.2652,40.6040,10.6612
2026-10-04 18:09:43,80686,16.1615,18680401,51.2655,40.6035,10.6620
2026-10-04 18:09:45,80785,16.1813,18702844,51.2650,40.6041,10.6610
2026-10-04 18:09:47,80884,16.2012,18725609,51.2635,40.6059,10.6575
2026-10-04 18:09:48,80983,16.2210,18748634,51.2632,40.6065,10.6567
2026-10-04 18:09:49,81082,16.2408,18771362,51.2632,40.6065,10.6567
2026-10-04 18:09:50,81181,16.2607,18794044,51.2711,40.5978,10.6733
2026-10-04 18:09:53,81280,16.2805,18816977,51.2723,40.5970,10.6753
2026-10-04 18:09:55,81379,16.3003,18839248,51.2753,40.5937,10.6817
2026-10-04 18:09:56,81478,16.3201,18861480,51.2775,40.5916,10.6859
2026-10-04 18:09:57,81577,16.3400,18883536,51.2740,40.5958,10.6782
2026-10-04 18:09:58,81676,16.3598,18905830,51.2752,40.5950,10.6802
2026-10-04 18:09:59,81775,16.3796,18929112,51.2800,40.5893,10.6907
2026-10-04 18:09:59,81874,16.3995,18952525,51.2784,40.5917,10.6867
2026-10-04 18:10:00,81973,16.4193,18974506,51.2761,40.5946,10.6815
2026-10-04 18:10:01,82072,16.4391,18997087,51.2799,40.5904,10.6895
2026-10-04 18:10:01,82171,16.4590,19020241,51.2795,40.5913,10.6881
2026-10-04 18:10:02,82270,16.4788,19042334,51.2744,40.5969,10.6775
2026-10-04 18:10:03,82369,16.4986,19065435,51.2753,40.5948,10.6806
2026-10-04 18:10:03,82468,16.5184,19087243,51.2808,40.5893,10.6915
2026-10-04 18:10:04,82567,16.5383,19108862,51.2750,40.5950,10.6800
2026-10-04 18:10:05,82666,16.5581,19130111,51.2740,40.5964,10.6776
2026-10-04 18:10:06,82765,16.5779,19152014,51.2706,40.6003,10.6703
2026-10-04 18:10:06,82864,16.5978,19174847,51.2701,40.6011,10.6690
2026-10-04 18:10:07,82963,16.6176,19196806,51.2670,40.6052,10.6618
2026-10-04 18:10:08,83062,16.6374,19219523,51.2677,40.6045,10.6632
2026-10-04 18:10:09,83161,16.6573,19243440,51.2659,40.6059,10.6600
2026-10-04 18:10:09,83260,16.6771,19266394,51.2677,40.6043,10.6634
2026-10-04 18:10:10,83359,16.6969,19288286,51.2597,40.6126,10.6471
2026-10-04 18:10:11,83458,16.7167,19311324,51.2646,40.6071,10.6576
2026-10-04 18:10:11,83557,16.7366,19333800,51.2638,40.6087,10.6550
2026-10-04 18:10:12,83656,16.7564,19356226,51.2619,40.6115,10.6504
2026-10-04 18:10:13,83755,16.7762,19379040,51.2614,40.6113,10.6501
2026-10-04 18:10:14,83854,16.7961,19401981,51.2629,40.6089,10.6540
2026-10-04 18:10:14,83953,16.8159,19424173,51.2598,40.6122,10.6475
2026-10-04 18:10:15,84052,16.8357,19446949,51.2630,40.6081,10.6548
2026-10-04 18:10:16,84151,16.8556,19469771,51.2639,40.6073,10.6566
2026-10-04 18:10:17,84250,16.8754,19493529,51.2666,40.6042,10.6623
2026-10-04 18:10:18,84349,16.8952,19516493,51.2688,40.6006,10.6682
2026-10-04 18:10:19,84448,16.9150,19539187,51.2715,40.5969,10.6745
2026-10-04 18:10:21,84547,16.9349,19561916,51.2750,40.5926,10.6823
2026-10-04 18:10:37,84646,16.9547,19584286,51.2741,40.5935,10.6806
2026-10-04 18:10:38,84745,16.9745,19605590,51.2730,40.5938,10.6792
2026-10-04 18:10:39,84844,16.9944,19627498,51.2719,40.5954,10.6765
2026-10-04 18:10:40,84943,17.0142,19650591,51.2767,40.5909,10.6858
2026-10-04 18:10:41,85042,17.0340,19673394,51.2759,40.5922,10.6837
2026-10-04 18:10:42,85141,17.0538,19695091,51.2764,40.5926,10.6838
2026-10-04 18:10:42,85240,17.0737,19717296,51.2726,40.5966,10.6759
2026-10-04 18:10:43,85339,17.0935,19739145,51.2698,40.5997,10.6701
2026-10-04 18:10:44,85438,17.1133,19761430,51.2707,40.5984,10.6723
2026-10-04 18:10:44,85537,17.1332,19784010,51.2695,40.6011,10.6684
2026-10-04 18:10:45,85636,17.1530,19805129,51.2698,40.6007,10.6692
2026-10-04 18:10:45,85735,17.1728,19827553,51.2699,40.6016,10.6682
2026-10-04 18:10:46,85834,17.1927,19849691,51.2655,40.6064,10.6591
2026-10-04 18:10:47,85933,17.2125,19872028,51.2663,40.6052,10.6611
2026-10-04 18:10:47,86032,17.2323,19893653,51.2661,40.6071,10.6590
2026-10-04 18:10:48,86131,17.2521,19915992,51.2603,40.6127,10.6477
2026-10-04 18:10:49,86230,17.2720,19937308,51.2606,40.6130,10.6476
2026-10-04 18:10:49,86329,17.2918,19959526,51.2617,40.6130,10.6487
2026-10-04 18:10:50,86428,17.3116,19982506,51.2615,40.6130,10.6485
2026-10-04 18:10:50,86527,17.3315,20005196,51.2654,40.6101,10.6553
2026-10-04 18:10:51,86626,17.3513,20026796,51.2614,40.6142,10.6472
2026-10-04 18:10:52,86725,17.3711,20049520,51.2640,40.6109,10.6531
2026-10-04 18:10:52,86824,17.3910,20070685,51.2594,40.6171,10.6422
2026-10-04 18:10:53,86923,17.4108,20094040,51.2609,40.6147,10.6462
2026-10-04 18:10:53,87022,17.4306,20115540,51.2600,40.6161,10.6439
2026-10-04 18:10:54,87121,17.4504,20137225,51.2539,40.6222,10.6316
2026-10-04 18:10:55,87220,17.4703,20159824,51.2584,40.6187,10.6397
2026-10-04 18:10:55,87319,17.4901,20182488,51.2558,40.6215,10.6343
2026-10-04 18:10:56,87418,17.5099,20204658,51.2515,40.6250,10.6265
2026-10-04 18:10:57,87517,17.5298,20227655,51.2559,40.6207,10.6352
2026-10-04 18:10:57,87616,17.5496,20250349,51.2576,40.6186,10.6390
2026-10-04 18:10:58,87715,17.5694,20272039,51.2573,40.6187,10.6386
2026-10-04 18:10:59,87814,17.5893,20293586,51.2565,40.6191,10.6374
2026-10-04 18:11:00,87913,17.6091,20316586,51.2561,40.6199,10.6362
2026-10-04 18:11:00,88012,17.6289,20338972,51.2574,40.6185,10.6389
2026-10-04 18:11:01,88111,17.6487,20361778,51.2583,40.6175,10.6408
2026-10-04 18:11:02,88210,17.6686,20384851,51.2509,40.6242,10.6267
2026-10-04 18:11:03,88309,17.6884,20407240,51.2507,40.6248,10.6258
2026-10-04 18:11:04,88408,17.7082,20430953,51.2486,40.6268,10.6217
2026-10-04 18:11:05,88507,17.7281,20453572,51.2450,40.6296,10.6154
2026-10-04 18:11:06,88606,17.7479,20476585,51.2427,40.6310,10.6117
2026-10-04 18:11:07,88705,17.7677,20500059,51.2436,40.6298,10.6138
2026-10-04 18:11:08,88804,17.7876,20523701,51.2408,40.6324,10.6083
2026-10-04 18:11:11,88903,17.8074,20547083,51.2359,40.6371,10.5988
2026-10-04 18:11:38,89002,17.8272,20569951,51.2303,40.6429,10.5874
2026-10-04 18:11:39,89101,17.8470,20591635,51.2311,40.6422,10.5889
2026-10-04 18:11:40,89200,17.8669,20613494,51.2302,40.6427,10.5875
2026-10-04 18:11:41,89299,17.8867,20636137,51.2309,40.6427,10.5882
2026-10-04 18:11:42,89398,17.9065,20658409,51.2269,40.6475,10.5793
2026-10-04 18:11:42,89497,17.9264,20680577,51.2273,40.6481,10.5792
2026-10-04 18:11:43,89596,17.9462,20703021,51.2245,40.6516,10.5729
2026-10-04 18:11:44,89695,17.9660,20726393,51.2236,40.6529,10.5707
2026-10-04 18:11:45,89794,17.9859,20748727,51.2238,40.6532,10.5705
2026-10-04 18:11:45,89893,18.0057,20771859,51.2271,40.6498,10.5773
2026-10-04 18:11:46,89992,18.0255,20794226,51.2267,40.6507,10.5760
2026-10-04 18:11:47,90091,18.0453,20815876,51.2273,40.6500,10.5774
2026-10-04 18:11:48,90190,18.0652,20837432,51.2306,40.6484,10.5822
2026-10-04 18:11:48,90289,18.0850,20859481,51.2292,40.6504,10.5788
2026-10-04 18:11:49,90388,18.1048,20882321,51.2326,40.6471,10.5855
2026-10-04 18:11:50,90487,18.1247,20905326,51.2357,40.6430,10.5927
2026-10-04 18:11:50,90586,18.1445,20927742,51.2393,40.6396,10.5997
2026-10-04 18:11:51,90685,18.1643,20950974,51.2406,40.6380,10.6026
2026-10-04 18:11:52,90784,18.1841,20973969,51.2415,40.6373,10.6042
2026-10-04 18:11:52,90883,18.2040,20997211,51.2404,40.6381,10.6023
2026-10-04 18:11:53,90982,18.2238,21020628,51.2407,40.6370,10.6037
2026-10-04 18:11:54,91081,18.2436,21044050,51.2419,40.6359,10.6060
2026-10-04 18:11:55,91180,18.2635,21067342,51.2416,40.6359,10.6056
2026-10-04 18:11:55,91279,18.2833,21090120,51.2367,40.6400,10.5966
2026-10-04 18:11:56,91378,18.3031,21112907,51.2357,40.6413,10.5944
2026-10-04 18:11:57,91477,18.3230,21135480,51.2386,40.6389,10.5997
2026-10-04 18:11:57,91576,18.3428,21157960,51.2384,40.6386,10.5999
2026-10-04 18:11:58,91675,18.3626,21180726,51.2382,40.6383,10.5998
2026-10-04 18:11:59,91774,18.3824,21203651,51.2364,40.6396,10.5968
2026-10-04 18:11:59,91873,18.4023,21225979,51.2352,40.6408,10.5944
2026-10-04 18:12:00,91972,18.4221,21249259,51.2346,40.6413,10.5933
2026-10-04 18:12:01,92071,18.4419,21272020,51.2342,40.6419,10.5922
2026-10-04 18:12:01,92170,18.4618,21294395,51.2365,40.6398,10.5967
2026-10-04 18:12:02,92269,18.4816,21317191,51.2386,40.6375,10.6010
2026-10-04 18:12:03,92368,18.5014,21340205,51.2424,40.6335,10.6089
2026-10-04 18:12:03,92467,18.5213,21362479,51.2429,40.6328,10.6101
2026-10-04 18:12:04,92566,18.5411,21385943,51.2411,40.6342,10.6069
2026-10-04 18:12:05,92665,18.5609,21408458,51.2458,40.6298,10.6160
2026-10-04 18:12:06,92764,18.5807,21431375,51.2500,40.6260,10.6241
2026-10-04 18:12:06,92863,18.6006,21452900,51.2476,40.6289,10.6188
2026-10-04 18:12:07,92962,18.6204,21476371,51.2454,40.6305,10.6149
2026-10-04 18:12:08,93061,18.6402,21499083,51.2480,40.6272,10.6208
2026-10-04 18:12:10,93160,18.6601,21522450,51.2436,40.6302,10.6134
2026-10-04 18:12:38,93259,18.6799,21546576,51.2383,40.6352,10.6031
2026-10-04 18:12:39,93358,18.6997,21569067,51.2376,40.6359,10.6017
2026-10-04 18:12:39,93457,18.7196,21591580,51.2379,40.6353,10.6026
2026-10-04 18:12:40,93556,18.7394,21613938,51.2366,40.6372,10.5993
2026-10-04 18:12:41,93655,18.7592,21636804,51.2374,40.6371,10.6003
2026-10-04 18:12:42,93754,18.7790,21660028,51.2359,40.6383,10.5976
2026-10-04 18:12:43,93853,18.7989,21682417,51.2356,40.6386,10.5970
2026-10-04 18:12:44,93952,18.8187,21704442,51.2374,40.6369,10.6005
2026-10-04 18:12:45,94051,18.8385,21726398,51.2392,40.6351,10.6041
2026-10-04 18:12:45,94150,18.8584,21748080,51.2407,40.6341,10.6067
2026-10-04 18:12:46,94249,18.8782,21770956,51.2380,40.6372,10.6008
2026-10-04 18:12:47,94348,18.8980,21793108,51.2359,40.6397,10.5962
2026-10-04 18:12:48,94447,18.9179,21815453,51.2335,40.6425,10.5910
2026-10-04 18:12:49,94546,18.9377,21838317,51.2352,40.6416,10.5936
2026-10-04 18:12:50,94645,18.9575,21860643,51.2355,40.6410,10.5945
2026-10-04 18:12:51,94744,18.9773,21882855,51.2346,40.6426,10.5920
2026-10-04 18:12:52,94843,18.9972,21905838,51.2370,40.6403,10.5967
2026-10-04 18:12:54,94942,19.0170,21929084,51.2366,40.6411,10.5955
2026-10-04 18:12:54,95041,19.0368,21952179,51.2368,40.6413,10.5955
2026-10-04 18:12:55,95140,19.0567,21974693,51.2344,40.6441,10.5904
2026-10-04 18:12:56,95239,19.0765,21997546,51.2341,40.6446,10.5895
2026-10-04 18:12:57,95338,19.0963,22020355,51.2371,40.6426,10.5945
2026-10-04 18:12:58,95437,19.1162,22043805,51.2365,40.6440,10.5925
2026-10-04 18:12:58,95536,19.1360,22067253,51.2361,40.6443,10.5918
2026-10-04 18:12:59,95635,19.1558,22090143,51.2296,40.6519,10.5777
2026-10-04 18:13:00,95734,19.1756,22113641,51.2301,40.6516,10.5785
2026-10-04 18:13:01,95833,19.1955,22136727,51.2342,40.6470,10.5872
2026-10-04 18:13:01,95932,19.2153,22159155,51.2328,40.6493,10.5835
2026-10-04 18:13:02,96031,19.2351,22181418,51.2299,40.6521,10.5778
2026-10-04 18:13:03,96130,19.2550,22204546,51.2326,40.6495,10.5831
2026-10-04 18:13:04,96229,19.2748,22227091,51.2322,40.6501,10.5821
2026-10-04 18:13:04,96328,19.2946,22249764,51.2339,40.6490,10.5849
2026-10-04 18:13:05,96427,19.3144,22272309,51.2288,40.6545,10.5743
2026-10-04 18:13:06,96526,19.3343,22295272,51.2320,40.6516,10.5804
2026-10-04 18:13:07,96625,19.3541,22317374,51.2295,40.6547,10.5748
2026-10-04 18:13:07,96724,19.3739,22340469,51.2272,40.6578,10.5694
2026-10-04 18:13:08,96823,19.3938,22363399,51.2267,40.6584,10.5683
2026-10-04 18:13:09,96922,19.4136,22386364,51.2288,40.6566,10.5722
2026-10-04 18:13:09,97021,19.4334,22408915,51.2280,40.6585,10.5695
2026-10-04 18:13:10,97120,19.4533,22431104,51.2251,40.6616,10.5635
2026-10-04 18:13:11,97219,19.4731,22454094,51.2252,40.6615,10.5638
2026-10-04 18:13:12,97318,19.4929,22476375,51.2236,40.6631,10.5605
2026-10-04 18:13:13,97417,19.5127,22499644,51.2222,40.6643,10.5579
2026-10-04 18:13:15,97516,19.5326,22522162,51.2220,40.6640,10.5580
2026-10-04 18:13:38,97615,19.5524,22544656,51.2175,40.6686,10.5489
2026-10-04 18:13:39,97714,19.5722,22567778,51.2173,40.6684,10.5490
2026-10-04 18:13:40,97813,19.5921,22590251,51.2153,40.6700,10.5454
2026-10-04 18:13:41,97912,19.6119,22612957,51.2139,40.6711,10.5428
2026-10-04 18:13:42,98011,19.6317,22635580,51.2147,40.6697,10.5449
2026-10-04 18:13:42,98110,19.6516,22658696,51.2164,40.6680,10.5484
2026-10-04 18:13:43,98209,19.6714,22681580,51.2147,40.6702,10.5445
2026-10-04 18:13:44,98308,19.6912,22704382,51.2152,40.6690,10.5462
2026-10-04 18:13:44,98407,19.7110,22727227,51.2171,40.6677,10.5493
2026-10-04 18:13:45,98506,19.7309,22749412,51.2131,40.6714,10.5416
2026-10-04 18:13:46,98605,19.7507,22773158,51.2163,40.6672,10.5491
2026-10-04 18:13:46,98704,19.7705,22795221,51.2180,40.6657,10.5523
2026-10-04 18:13:47,98803,19.7904,22817048,51.2151,40.6691,10.5460
2026-10-04 18:13:48,98902,19.8102,22840012,51.2164,40.6677,10.5486
2026-10-04 18:13:48,99001,19.8300,22861958,51.2154,40.6691,10.5464
2026-10-04 18:13:49,99100,19.8499,22885518,51.2162,40.6676,10.5486
2026-10-04 18:13:49,99199,19.8697,22908921,51.2143,40.6702,10.5441
2026-10-04 18:13:50,99298,19.8895,22931670,51.2142,40.6701,10.5441
2026-10-04 18:13:51,99397,19.9093,22954636,51.2155,40.6694,10.5461
2026-10-04 18:13:51,99496,19.9292,22977154,51.2118,40.6734,10.5384
2026-10-04 18:13:52,99595,19.9490,22999454,51.2143,40.6709,10.5434
2026-10-04 18:13:52,99694,19.9688,23022775,51.2123,40.6730,10.5392
2026-10-04 18:13:53,99793,19.9887,23045042,51.2130,40.6711,10.5420
2026-10-04 18:13:53,99892,20.0085,23067989,51.2123,40.6724,10.5399
2026-10-04 18:13:54,99991,20.0283,23090316,51.2113,40.6731,10.5382
2026-10-04 18:13:55,100090,20.0482,23112350,51.2141,40.6702,10.5439
2026-10-04 18:13:55,100189,20.0680,23135410,51.2137,40.6705,10.5431
2026-10-04 18:13:56,100288,20.0878,23158868,51.2116,40.6727,10.5388
2026-10-04 18:13:57,100387,20.1076,23181948,51.2120,40.6709,10.5410
2026-10-04 18:13:58,100486,20.1275,23203731,51.2138,40.6690,10.5448
2026-10-04 18:13:58,100585,20.1473,23226139,51.2141,40.6683,10.5458
2026-10-04 18:13:59,100684,20.1671,23249428,51.2135,40.6690,10.5445
2026-10-04 18:14:00,100783,20.1870,23271968,51.2083,40.6745,10.5338
2026-10-04 18:14:01,100882,20.2068,23295094,51.2105,40.6709,10.5396
2026-10-04 18:14:02,100981,20.2266,23318447,51.2089,40.6715,10.5374
2026-10-04 18:14:03,101080,20.2465,23341930,51.2073,40.6731,10.5342
2026-10-04 18:14:04,101179,20.2663,23364157,51.2063,40.6743,10.5320
2026-10-04 18:14:05,101278,20.2861,23386873,51.2060,40.6744,10.5316
2026-10-04 18:14:06,101377,20.3059,23409429,51.2038,40.6768,10.5270
2026-10-04 18:14:07,101476,20.3258,23431976,51.1998,40.6808,10.5190
2026-10-04 18:14:08,101575,20.3456,23454828,51.1991,40.6814,10.5177
2026-10-04 18:14:09,101674,20.3654,23478071,51.1974,40.6818,10.5155
2026-10-04 18:14:10,101773,20.3853,23500411,51.1994,40.6796,10.5199
2026-10-04 18:14:13,101872,20.4051,23522538,51.1994,40.6791,10.5203
2026-10-04 18:14:38,101971,20.4249,23545004,51.1974,40.6813,10.5161
2026-10-04 18:14:39,102070,20.4447,23567984,51.1970,40.6816,10.5154
2026-10-04 18:14:40,102169,20.4646,23590555,51.1934,40.6854,10.5080
2026-10-04 18:14:41,102268,20.4844,23613574,51.1897,40.6890,10.5007
2026-10-04 18:14:42,102367,20.5042,23637231,51.1920,40.6865,10.5054
2026-10-04 18:14:43,102466,20.5241,23659623,51.1910,40.6876,10.5033
2026-10-04 18:14:43,102565,20.5439,23681897,51.1885,40.6906,10.4979
2026-10-04 18:14:44,102664,20.5637,23704106,51.1889,40.6894,10.4996
2026-10-04 18:14:44,102763,20.5836,23727377,51.1885,40.6901,10.4984
2026-10-04 18:14:45,102862,20.6034,23749472,51.1834,40.6950,10.4884
2026-10-04 18:14:46,102961,20.6232,23772671,51.1846,40.6934,10.4912
2026-10-04 18:14:46,103060,20.6430,23795162,51.1863,40.6917,10.4946
2026-10-04 18:14:47,103159,20.6629,23817428,51.1877,40.6895,10.4982
2026-10-04 18:14:48,103258,20.6827,23839425,51.1880,40.6899,10.4981
2026-10-04 18:14:48,103357,20.7025,23861714,51.1809,40.6976,10.4833
2026-10-04 18:14:49,103456,20.7224,23885756,51.1819,40.6953,10.4865
2026-10-04 18:14:49,103555,20.7422,23908037,51.1822,40.6962,10.4859
2026-10-04 18:14:50,103654,20.7620,23930692,51.1794,40.6981,10.4813
2026-10-04 18:14:51,103753,20.7819,23954023,51.1785,40.6995,10.4789
2026-10-04 18:14:51,103852,20.8017,23976572,51.1766,40.7016,10.4750
2026-10-04 18:14:52,103951,20.8215,23998886,51.1818,40.6970,10.4849
2026-10-04 18:14:52,104050,20.8413,24021167,51.1786,40.7009,10.4778
2026-10-04 18:14:53,104149,20.8612,24043646,51.1811,40.6979,10.4832
2026-10-04 18:14:53,104248,20.8810,24066266,51.1823,40.6979,10.4844
2026-10-04 18:14:54,104347,20.9008,24089413,51.1792,40.7005,10.4787
2026-10-04 18:14:54,104446,20.9207,24111883,51.1786,40.7025,10.4760
2026-10-04 18:14:55,104545,20.9405,24134293,51.1793,40.7020,10.4773
2026-10-04 18:14:55,104644,20.9603,24156851,51.1793,40.7027,10.4765
2026-10-04 18:14:56,104743,20.9802,24179425,51.1759,40.7059,10.4700
2026-10-04 18:14:57,104842,21.0000,24203116,51.1760,40.7052,10.4708
2026-10-04 18:14:57,104941,21.0198,24226269,51.1793,40.7016,10.4777
2026-10-04 18:14:58,105040,21.0396,24248522,51.1786,40.7024,10.4762
2026-10-04 18:14:59,105139,21.0595,24271194,51.1795,40.7013,10.4782
2026-10-04 18:14:59,105238,21.0793,24293562,51.1760,40.7050,10.4711
2026-10-04 18:15:00,105337,21.0991,24316650,51.1745,40.7062,10.4683
2026-10-04 18:15:01,105436,21.1190,24338447,51.1735,40.7068,10.4667
2026-10-04 18:15:02,105535,21.1388,24361690,51.1754,40.7043,10.4711
2026-10-04 18:15:02,105634,21.1586,24383769,51.1733,40.7062,10.4671
2026-10-04 18:15:03,105733,21.1785,24406975,51.1726,40.7069,10.4657
2026-10-04 18:15:04,105832,21.1983,24429501,51.1702,40.7090,10.4612
2026-10-04 18:15:05,105931,21.2181,24452576,51.1682,40.7105,10.4577
2026-10-04 18:15:07,106030,21.2379,24475498,51.1631,40.7150,10.4481
2026-10-04 18:15:08,106129,21.2578,24498644,51.1624,40.7151,10.4473
2026-10-04 18:15:38,106228,21.2776,24520846,51.1560,40.7221,10.4339
2026-10-04 18:15:39,106327,21.2974,24543060,51.1525,40.7264,10.4262
2026-10-04 18:15:41,106426,21.3173,24565233,51.1520,40.7272,10.4249
2026-10-04 18:15:42,106525,21.3371,24587291,51.1505,40.7295,10.4210
2026-10-04 18:15:43,106624,21.3569,24609831,51.1484,40.7321,10.4164
2026-10-04 18:15:44,106723,21.3768,24633052,51.1454,40.7356,10.4097
2026-10-04 18:15:45,106822,21.3966,24655632,51.1446,40.7359,10.4087
2026-10-04 18:15:46,106921,21.4164,24678940,51.1427,40.7380,10.4047
2026-10-04 18:15:47,107020,21.4362,24701841,51.1380,40.7429,10.3951
2026-10-04 18:15:48,107119,21.4561,24725352,51.1366,40.7445,10.3921
2026-10-04 18:15:49,107218,21.4759,24748387,51.1333,40.7482,10.3851
2026-10-04 18:15:50,107317,21.4957,24771148,51.1333,40.7490,10.3843
2026-10-04 18:15:51,107416,21.5156,24793599,51.1317,40.7512,10.3805
2026-10-04 18:15:52,107515,21.5354,24815931,51.1279,40.7546,10.3733
2026-10-04 18:15:52,107614,21.5552,24838571,51.1237,40.7593,10.3644
2026-10-04 18:15:53,107713,21.5750,24860627,51.1192,40.7634,10.3558
2026-10-04 18:15:54,107812,21.5949,24883990,51.1182,40.7648,10.3533
2026-10-04 18:15:54,107911,21.6147,24906458,51.1155,40.7675,10.3480
2026-10-04 18:15:55,108010,21.6345,24928951,51.1141,40.7694,10.3447
2026-10-04 18:15:56,108109,21.6544,24952025,51.1110,40.7729,10.3381
2026-10-04 18:15:56,108208,21.6742,24975974,51.1085,40.7755,10.3331
2026-10-04 18:15:57,108307,21.6940,24998142,51.1076,40.7759,10.3317
2026-10-04 18:15:57,108406,21.7139,25021920,51.1081,40.7756,10.3324
2026-10-04 18:15:58,108505,21.7337,25044600,51.1040,40.7802,10.3237
2026-10-04 18:15:59,108604,21.7535,25067587,51.1028,40.7806,10.3222
2026-10-04 18:15:59,108703,21.7733,25091055,51.1028,40.7816,10.3212
2026-10-04 18:16:00,108802,21.7932,25114725,51.1029,40.7803,10.3226
2026-10-04 18:16:00,108901,21.8130,25139077,51.1018,40.7819,10.3199
2026-10-04 18:16:01,109000,21.8328,25161885,51.0990,40.7844,10.3146
2026-10-04 18:16:02,109099,21.8527,25184301,51.1002,40.7830,10.3171
2026-10-04 18:16:02,109198,21.8725,25207280,51.0991,40.7844,10.3147
2026-10-04 18:16:03,109297,21.8923,25230941,51.0945,40.7886,10.3059
2026-10-04 18:16:04,109396,21.9122,25253788,51.0929,40.7898,10.3030
2026-10-04 18:16:04,109495,21.9320,25276420,51.0929,40.7899,10.3030
2026-10-04 18:16:05,109594,21.9518,25299447,51.0885,40.7941,10.2944
2026-10-04 18:16:06,109693,21.9716,25322759,51.0896,40.7932,10.2964
2026-10-04 18:16:06,109792,21.9915,25345298,51.0876,40.7954,10.2922
2026-10-04 18:16:07,109891,22.0113,25367797,51.0865,40.7965,10.2900
2026-10-04 18:16:08,109990,22.0311,25390469,51.0849,40.7983,10.2866
2026-10-04 18:16:08,110089,22.0510,25412793,51.0837,40.7996,10.2840
2026-10-04 18:16:09,110188,22.0708,25435852,51.0808,40.8023,10.2785
2026-10-04 18:16:10,110287,22.0906,25459012,51.0793,40.8040,10.2753
2026-10-04 18:16:11,110386,22.1105,25481285,51.0762,40.8069,10.2693
2026-10-04 18:16:12,110485,22.1303,25503602,51.0724,40.8111,10.2613
2026-10-04 18:16:38,110584,22.1501,25526637,51.0700,40.8131,10.2568
2026-10-04 18:16:39,110683,22.1699,25548964,51.0692,40.8140,10.2551
2026-10-04 18:16:40,110782,22.1898,25571953,51.0689,40.8146,10.2543
2026-10-04 18:16:41,110881,22.2096,25594391,51.0690,40.8141,10.2550
2026-10-04 18:16:42,110980,22.2294,25616942,51.0673,40.8159,10.2514
2026-10-04 18:16:43,111079,22.2493,25640429,51.0670,40.8154,10.2517
2026-10-04 18:16:43,111178,22.2691,25663958,51.0653,40.8175,10.2477
2026-10-04 18:16:44,111277,22.2889,25686678,51.0645,40.8185,10.2460
2026-10-04 18:16:45,111376,22.3088,25710094,51.0651,40.8174,10.2477
2026-10-04 18:16:46,111475,22.3286,25732593,51.0645,40.8179,10.2466
2026-10-04 18:16:47,111574,22.3484,25755304,51.0631,40.8198,10.2433
2026-10-04 18:16:48,111673,22.3682,25777225,51.0628,40.8202,10.2426
2026-10-04 18:16:49,111772,22.3881,25800000,51.0650,40.8174,10.2476
2026-10-04 18:16:49,111871,22.4079,25822327,51.0642,40.8184,10.2458
2026-10-04 18:16:50,111970,22.4277,25844844,51.0633,40.8194,10.2438
2026-10-04 18:16:51,112069,22.4476,25866802,51.0647,40.8180,10.2467
2026-10-04 18:16:51,112168,22.4674,25889586,51.0601,40.8230,10.2370
2026-10-04 18:16:52,112267,22.4872,25913128,51.0609,40.8220,10.2389
2026-10-04 18:16:52,112366,22.5071,25936255,51.0654,40.8177,10.2477
2026-10-04 18:16:53,112465,22.5269,25958715,51.0618,40.8214,10.2404
2026-10-04 18:16:54,112564,22.5467,25982962,51.0667,40.8161,10.2507
2026-10-04 18:16:54,112663,22.5665,26006128,51.0655,40.8175,10.2480
2026-10-04 18:16:55,112762,22.5864,26028911,51.0659,40.8170,10.2490
2026-10-04 18:16:56,112861,22.6062,26051745,51.0667,40.8160,10.2507
2026-10-04 18:16:56,112960,22.6260,26074948,51.0659,40.8175,10.2485
2026-10-04 18:16:57,113059,22.6459,26097869,51.0640,40.8201,10.2438
2026-10-04 18:16:58,113158,22.6657,26120970,51.0666,40.8175,10.2491
2026-10-04 18:16:58,113257,22.6855,26142834,51.0683,40.8158,10.2525
2026-10-04 18:16:59,113356,22.7053,26165844,51.0689,40.8151,10.2538
2026-10-04 18:16:59,113455,22.7252,26188394,51.0688,40.8154,10.2533
2026-10-04 18:17:00,113554,22.7450,26211967,51.0694,40.8151,10.2544
2026-10-04 18:17:01,113653,22.7648,26235006,51.0697,40.8149,10.2548
2026-10-04 18:17:01,113752,22.7847,26257206,51.0664,40.8184,10.2481
2026-10-04 18:17:02,113851,22.8045,26280181,51.0618,40.8236,10.2382
2026-10-04 18:17:03,113950,22.8243,26303687,51.0605,40.8249,10.2357
2026-10-04 18:17:03,114049,22.8442,26327109,51.0598,40.8257,10.2341
2026-10-04 18:17:04,114148,22.8640,26350368,51.0592,40.8265,10.2327
2026-10-04 18:17:05,114247,22.8838,26373245,51.0592,40.8261,10.2331
2026-10-04 18:17:06,114346,22.9036,26396809,51.0573,40.8274,10.2299
2026-10-04 18:17:07,114445,22.9235,26421370,51.0579,40.8262,10.2317
2026-10-04 18:17:08,114544,22.9433,26444314,51.0571,40.8265,10.2306
2026-10-04 18:17:09,114643,22.9631,26468494,51.0548,40.8285,10.2263
2026-10-04 18:17:10,114742,22.9830,26491308,51.0534,40.8296,10.2238
2026-10-04 18:17:13,114841,23.0028,26514090,51.0515,40.8310,10.2205
2026-10-04 18:17:39,114940,23.0226,26537100,51.0480,40.8351,10.2129
2026-10-04 18:17:40,115039,23.0425,26559661,51.0478,40.8350,10.2128
2026-10-04 18:17:42,115138,23.0623,26582149,51.0476,40.8350,10.2126
2026-10-04 18:17:43,115237,23.0821,26604576,51.0470,40.8358,10.2112
2026-10-04 18:17:44,115336,23.1019,26627062,51.0467,40.8358,10.2109
2026-10-04 18:17:45,115435,23.1218,26649604,51.0484,40.8344,10.2141
2026-10-04 18:17:46,115534,23.1416,26672122,51.0492,40.8338,10.2154
2026-10-04 18:17:46,115633,23.1614,26694439,51.0441,40.8395,10.2046
2026-10-04 18:17:47,115732,23.1813,26717129,51.0454,40.8383,10.2071
2026-10-04 18:17:48,115831,23.2011,26739477,51.0440,40.8400,10.2040
2026-10-04 18:17:49,115930,23.2209,26762137,51.0445,40.8396,10.2050
2026-10-04 18:17:49,116029,23.2408,26784705,51.0432,40.8414,10.2018
2026-10-04 18:17:50,116128,23.2606,26807965,51.0428,40.8415,10.2012
2026-10-04 18:17:51,116227,23.2804,26829746,51.0426,40.8419,10.2007
2026-10-04 18:17:51,116326,23.3002,26852364,51.0407,40.8446,10.1961
2026-10-04 18:17:52,116425,23.3201,26874937,51.0392,40.8462,10.1930
2026-10-04 18:17:53,116524,23.3399,26897465,51.0416,40.8435,10.1981
2026-10-04 18:17:54,116623,23.3597,26920312,51.0431,40.8420,10.2012
2026-10-04 18:17:55,116722,23.3796,26942615,51.0423,40.8432,10.1991
2026-10-04 18:17:55,116821,23.3994,26965009,51.0443,40.8413,10.2030
2026-10-04 18:17:56,116920,23.4192,26987567,51.0413,40.8446,10.1967
2026-10-04 18:17:57,117019,23.4391,27011109,51.0394,40.8459,10.1935
2026-10-04 18:17:58,117118,23.4589,27033657,51.0385,40.8473,10.1912
2026-10-04 18:17:58,117217,23.4787,27056150,51.0413,40.8446,10.1966
2026-10-04 18:17:59,117316,23.4985,27079614,51.0395,40.8462,10.1933
2026-10-04 18:18:00,117415,23.5184,27101978,51.0387,40.8470,10.1917
2026-10-04 18:18:01,117514,23.5382,27124395,51.0385,40.8469,10.1916
2026-10-04 18:18:02,117613,23.5580,27146395,51.0372,40.8479,10.1893
2026-10-04 18:18:03,117712,23.5779,27169861,51.0390,40.8456,10.1934
2026-10-04 18:18:04,117811,23.5977,27192863,51.0393,40.8460,10.1932
2026-10-04 18:18:05,117910,23.6175,27215659,51.0392,40.8461,10.1931
2026-10-04 18:18:05,118009,23.6374,27239261,51.0402,40.8448,10.1954
2026-10-04 18:18:06,118108,23.6572,27262259,51.0368,40.8484,10.1884
2026-10-04 18:18:07,118207,23.6770,27284479,51.0352,40.8502,10.1849
2026-10-04 18:18:08,118306,23.6968,27307132,51.0343,40.8511,10.1832
2026-10-04 18:18:09,118405,23.7167,27329402,51.0322,40.8536,10.1786
2026-10-04 18:18:10,118504,23.7365,27351762,51.0330,40.8526,10.1804
2026-10-04 18:18:11,118603,23.7563,27374854,51.0341,40.8522,10.1818
2026-10-04 18:18:12,118702,23.7762,27397211,51.0321,40.8543,10.1778
2026-10-04 18:18:13,118801,23.7960,27420537,51.0321,40.8545,10.1776
2026-10-04 18:18:15,118900,23.8158,27443837,51.0321,40.8536,10.1785
2026-10-04 18:18:17,118999,23.8356,27466950,51.0300,40.8558,10.1741
2026-10-04 18:18:19,119098,23.8555,27490202,51.0303,40.8554,10.1749
2026-10-04 18:18:23,119197,23.8753,27513646,51.0311,40.8543,10.1768
2026-10-04 18:18:24,119296,23.8951,27535955,51.0303,40.8548,10.1756
2026-10-04 18:18:27,119395,23.9150,27559774,51.0305,40.8538,10.1767
2026-10-04 18:18:30,119494,23.9348,27582032,51.0286,40.8555,10.1732
2026-10-04 18:18:33,119593,23.9546,27605412,51.0295,40.8545,10.1750
2026-10-04 18:18:39,119692,23.9745,27627277,51.0283,40.8556,10.1727
2026-10-04 18:18:40,119791,23.9943,27649278,51.0279,40.8559,10.1720
2026-10-04 18:18:40,119890,24.0141,27672736,51.0284,40.8553,10.1731
2026-10-04 18:18:41,119989,24.0339,27695401,51.0254,40.8583,10.1671
2026-10-04 18:18:42,120088,24.0538,27718529,51.0276,40.8557,10.1718
2026-10-04 18:18:43,120187,24.0736,27740355,51.0275,40.8554,10.1722
2026-10-04 18:18:44,120286,24.0934,27763594,51.0259,40.8572,10.1687
2026-10-04 18:18:44,120385,24.1133,27787257,51.0255,40.8571,10.1683
2026-10-04 18:18:45,120484,24.1331,27809970,51.0240,40.8582,10.1658
2026-10-04 18:18:46,120583,24.1529,27833402,51.0269,40.8551,10.1718
2026-10-04 18:18:46,120682,24.1728,27856607,51.0289,40.8534,10.1755
2026-10-04 18:18:47,120781,24.1926,27879237,51.0246,40.8582,10.1664
2026-10-04 18:18:48,120880,24.2124,27901309,51.0255,40.8568,10.1687
2026-10-04 18:18:48,120979,24.2322,27923767,51.0262,40.8562,10.1700
2026-10-04 18:18:49,121078,24.2521,27946812,51.0208,40.8613,10.1595
2026-10-04 18:18:50,121177,24.2719,27968623,51.0209,40.8610,10.1600
2026-10-04 18:18:50,121276,24.2917,27990685,51.0208,40.8613,10.1595
2026-10-04 18:18:51,121375,24.3116,28012410,51.0226,40.8594,10.1633
2026-10-04 18:18:52,121474,24.3314,28034250,51.0211,40.8615,10.1596
2026-10-04 18:18:52,121573,24.3512,28057220,51.0170,40.8658,10.1512
2026-10-04 18:18:53,121672,24.3711,28079633,51.0179,40.8643,10.1537
2026-10-04 18:18:53,121771,24.3909,28101627,51.0191,40.8636,10.1555
2026-10-04 18:18:54,121870,24.4107,28124612,51.0151,40.8675,10.1476
2026-10-04 18:18:55,121969,24.4305,28147331,51.0184,40.8641,10.1543
2026-10-04 18:18:55,122068,24.4504,28169187,51.0142,40.8689,10.1453
2026-10-04 18:18:56,122167,24.4702,28192726,51.0167,40.8658,10.1508
2026-10-04 18:18:56,122266,24.4900,28215697,51.0169,40.8663,10.1506
2026-10-04 18:18:57,122365,24.5099,28238326,51.0168,40.8663,10.1505
2026-10-04 18:18:57,122464,24.5297,28261509,51.0169,40.8661,10.1508
2026-10-04 18:18:58,122563,24.5495,28283748,51.0102,40.8737,10.1364
2026-10-04 18:18:59,122662,24.5694,28305805,51.0136,40.8703,10.1433
2026-10-04 18:18:59,122761,24.5892,28328490,51.0120,40.8723,10.1397
2026-10-04 18:19:00,122860,24.6090,28351301,51.0134,40.8706,10.1428
2026-10-04 18:19:00,122959,24.6288,28374957,51.0137,40.8709,10.1428
2026-10-04 18:19:01,123058,24.6487,28396868,51.0093,40.8756,10.1337
2026-10-04 18:19:02,123157,24.6685,28420383,51.0095,40.8754,10.1341
2026-10-04 18:19:02,123256,24.6883,28442895,51.0069,40.8779,10.1290
2026-10-04 18:19:03,123355,24.7082,28465404,51.0056,40.8790,10.1266
2026-10-04 18:19:04,123454,24.7280,28487380,51.0062,40.8788,10.1274
2026-10-04 18:19:04,123553,24.7478,28510884,51.0037,40.8815,10.1222
2026-10-04 18:19:05,123652,24.7677,28533119,51.0033,40.8815,10.1218
2026-10-04 18:19:06,123751,24.7875,28555898,51.0052,40.8797,10.1255
2026-10-04 18:19:06,123850,24.8073,28579471,51.0028,40.8823,10.1205
2026-10-04 18:19:07,123949,24.8271,28602533,51.0020,40.8825,10.1195
2026-10-04 18:19:07,124048,24.8470,28624640,51.0023,40.8826,10.1197
2026-10-04 18:19:08,124147,24.8668,28647064,51.0010,40.8840,10.1169
2026-10-04 18:19:09,124246,24.8866,28670155,50.9999,40.8845,10.1154
2026-10-04 18:19:11,124345,24.9065,28692615,50.9961,40.8880,10.1081
2026-10-04 18:19:39,124444,24.9263,28715090,50.9908,40.8932,10.0977
2026-10-04 18:19:40,124543,24.9461,28736067,50.9932,40.8908,10.1023
2026-10-04 18:19:40,124642,24.9659,28759034,50.9924,40.8920,10.1004
2026-10-04 18:19:41,124741,24.9858,28781138,50.9915,40.8930,10.0985
2026-10-04 18:19:42,124840,25.0056,28803176,50.9912,40.8938,10.0974
2026-10-04 18:19:43,124939,25.0254,28826236,50.9918,40.8936,10.0983
2026-10-04 18:19:44,125038,25.0453,28849008,50.9891,40.8968,10.0923
2026-10-04 18:19:45,125137,25.0651,28871197,50.9878,40.8984,10.0893
2026-10-04 18:19:46,125236,25.0849,28894080,50.9884,40.8977,10.0908
2026-10-04 18:19:46,125335,25.1048,28916075,50.9882,40.8983,10.0899
2026-10-04 18:19:47,125434,25.1246,28938635,50.9880,40.8985,10.0895
2026-10-04 18:19:48,125533,25.1444,28961303,50.9864,40.8997,10.0867
2026-10-04 18:19:49,125632,25.1642,28983932,50.9881,40.8978,10.0903
2026-10-04 18:19:50,125731,25.1841,29007737,50.9868,40.8994,10.0874
2026-10-04 18:19:50,125830,25.2039,29030744,50.9872,40.8993,10.0880
2026-10-04 18:19:51,125929,25.2237,29053803,50.9862,40.9002,10.0860
2026-10-04 18:19:52,126028,25.2436,29077065,50.9847,40.9006,10.0842
2026-10-04 18:19:52,126127,25.2634,29100367,50.9880,40.8979,10.0901
2026-10-04 18:19:53,126226,25.2832,29123119,50.9859,40.8995,10.0865
2026-10-04 18:19:54,126325,25.3031,29145534,50.9858,40.8999,10.0859
2026-10-04 18:19:55,126424,25.3229,29168633,50.9837,40.9022,10.0815
2026-10-04 18:19:56,126523,25.3427,29190761,50.9841,40.9019,10.0822
2026-10-04 18:19:56,126622,25.3625,29213545,50.9868,40.8995,10.0874
2026-10-04 18:19:57,126721,25.3824,29235527,50.9836,40.9028,10.0808
2026-10-04 18:19:58,126820,25.4022,29258158,50.9846,40.9011,10.0835
2026-10-04 18:19:58,126919,25.4220,29280471,50.9863,40.8998,10.0864
2026-10-04 18:19:59,127018,25.4419,29302676,50.9843,40.9015,10.0828
2026-10-04 18:20:00,127117,25.4617,29326013,50.9847,40.9010,10.0837
2026-10-04 18:20:00,127216,25.4815,29349063,50.9855,40.8998,10.0857
2026-10-04 18:20:01,127315,25.5014,29371658,50.9858,40.8995,10.0862
2026-10-04 18:20:03,127414,25.5212,29394307,50.9848,40.9003,10.0845
2026-10-04 18:20:04,127513,25.5410,29416472,50.9820,40.9028,10.0791
2026-10-04 18:20:05,127612,25.5608,29439620,50.9811,40.9038,10.0773
2026-10-04 18:20:06,127711,25.5807,29460799,50.9825,40.9021,10.0804
2026-10-04 18:20:06,127810,25.6005,29482503,50.9836,40.9016,10.0820
2026-10-04 18:20:07,127909,25.6203,29504180,50.9830,40.9022,10.0808
2026-10-04 18:20:08,128008,25.6402,29526201,50.9815,40.9039,10.0776
2026-10-04 18:20:08,128107,25.6600,29548197,50.9801,40.9058,10.0744
2026-10-04 18:20:09,128206,25.6798,29570555,50.9776,40.9089,10.0686
2026-10-04 18:20:10,128305,25.6997,29593901,50.9779,40.9087,10.0691
2026-10-04 18:20:10,128404,25.7195,29617603,50.9799,40.9070,10.0729
2026-10-04 18:20:11,128503,25.7393,29640110,50.9770,40.9102,10.0668
2026-10-04 18:20:12,128602,25.7591,29662811,50.9770,40.9098,10.0672
2026-10-04 18:20:13,128701,25.7790,29685864,50.9790,40.9080,10.0710
2026-10-04 18:20:13,128800,25.7988,29708107,50.9786,40.9082,10.0703
2026-10-04 18:20:14,128899,25.8186,29729750,50.9747,40.9125,10.0622
2026-10-04 18:20:15,128998,25.8385,29752315,50.9736,40.9137,10.0598
2026-10-04 18:20:16,129097,25.8583,29774847,50.9720,40.9150,10.0570
2026-10-04 18:20:17,129196,25.8781,29798253,50.9722,40.9145,10.0577
2026-10-04 18:20:39,129295,25.8980,29820988,50.9715,40.9146,10.0570
2026-10-04 18:20:41,129394,25.9178,29844032,50.9707,40.9152,10.0555
2026-10-04 18:20:43,129493,25.9376,29867692,50.9708,40.9150,10.0558
2026-10-04 18:20:44,129592,25.9574,29890410,50.9702,40.9157,10.0545
2026-10-04 18:20:45,129691,25.9773,29912338,50.9712,40.9147,10.0565
2026-10-04 18:20:46,129790,25.9971,29934920,50.9708,40.9150,10.0558
2026-10-04 18:20:46,129889,26.0169,29957980,50.9711,40.9149,10.0562
2026-10-04 18:20:47,129988,26.0368,29980348,50.9681,40.9181,10.0501
2026-10-04 18:20:48,130087,26.0566,30003195,50.9693,40.9165,10.0528
2026-10-04 18:20:48,130186,26.0764,30026452,50.9712,40.9152,10.0560
2026-10-04 18:20:49,130285,26.0962,30048808,50.9681,40.9190,10.0491
2026-10-04 18:20:50,130384,26.1161,30070873,50.9707,40.9163,10.0544
2026-10-04 18:20:51,130483,26.1359,30093811,50.9707,40.9167,10.0540
2026-10-04 18:20:51,130582,26.1557,30117451,50.9721,40.9155,10.0566
2026-10-04 18:20:52,130681,26.1756,30140821,50.9701,40.9182,10.0519
2026-10-04 18:20:53,130780,26.1954,30163043,50.9714,40.9167,10.0547
2026-10-04 18:20:53,130879,26.2152,30186206,50.9710,40.9175,10.0535
2026-10-04 18:20:54,130978,26.2351,30209158,50.9697,40.9182,10.0515
2026-10-04 18:20:54,131077,26.2549,30232253,50.9706,40.9178,10.0528
2026-10-04 18:20:55,131176,26.2747,30254853,50.9660,40.9230,10.0429
2026-10-04 18:20:55,131275,26.2945,30278337,50.9705,40.9181,10.0524
2026-10-04 18:20:56,131374,26.3144,30300897,50.9662,40.9234,10.0428
2026-10-04 18:20:57,131473,26.3342,30323301,50.9681,40.9210,10.0471
2026-10-04 18:20:57,131572,26.3540,30344675,50.9637,40.9260,10.0377
2026-10-04 18:20:58,131671,26.3739,30367091,50.9639,40.9258,10.0382
2026-10-04 18:20:58,131770,26.3937,30390105,50.9616,40.9286,10.0330
2026-10-04 18:20:59,131869,26.4135,30412561,50.9611,40.9292,10.0319
2026-10-04 18:21:00,131968,26.4334,30435240,50.9604,40.9296,10.0307
2026-10-04 18:21:00,132067,26.4532,30458293,50.9612,40.9292,10.0320
2026-10-04 18:21:01,132166,26.4730,30480982,50.9573,40.9332,10.0241
2026-10-04 18:21:02,132265,26.4928,30502901,50.9579,40.9320,10.0259
2026-10-04 18:21:02,132364,26.5127,30526037,50.9578,40.9324,10.0254
2026-10-04 18:21:03,132463,26.5325,30547965,50.9575,40.9322,10.0253
2026-10-04 18:21:04,132562,26.5523,30570534,50.9562,40.9336,10.0226
2026-10-04 18:21:04,132661,26.5722,30592689,50.9561,40.9341,10.0220
2026-10-04 18:21:05,132760,26.5920,30615499,50.9560,40.9340,10.0220
2026-10-04 18:21:06,132859,26.6118,30637606,50.9561,40.9334,10.0227
2026-10-04 18:21:07,132958,26.6317,30659704,50.9540,40.9353,10.0187
2026-10-04 18:21:08,133057,26.6515,30682320,50.9536,40.9356,10.0180
2026-10-04 18:21:08,133156,26.6713,30704289,50.9510,40.9383,10.0128
2026-10-04 18:21:09,133255,26.6911,30727339,50.9509,40.9383,10.0125
2026-10-04 18:21:10,133354,26.7110,30750430,50.9499,40.9393,10.0107
2026-10-04 18:21:11,133453,26.7308,30774030,50.9499,40.9394,10.0105
2026-10-04 18:21:12,133552,26.7506,30796165,50.9514,40.9377,10.0137
2026-10-04 18:21:13,133651,26.7705,30819823,50.9511,40.9377,10.0134
2026-10-04 18:21:14,133750,26.7903,30842608,50.9507,40.9379,10.0128
2026-10-04 18:21:15,133849,26.8101,30865995,50.9498,40.9388,10.0110
2026-10-04 18:21:16,133948,26.8300,30889407,50.9497,40.9387,10.0111
2026-10-04 18:21:21,134047,26.8498,30912404,50.9503,40.9373,10.0130
2026-10-04 18:21:39,134146,26.8696,30934969,50.9499,40.9381,10.0118
2026-10-04 18:21:40,134245,26.8894,30958107,50.9470,40.9414,10.0056
2026-10-04 18:21:41,134344,26.9093,30980961,50.9477,40.9407,10.0071
2026-10-04 18:21:42,134443,26.9291,31004548,50.9479,40.9403,10.0076
2026-10-04 18:21:43,134542,26.9489,31027236,50.9483,40.9396,10.0087
2026-10-04 18:21:44,134641,26.9688,31049553,50.9492,40.9389,10.0104
2026-10-04 18:21:44,134740,26.9886,31071141,50.9507,40.9375,10.0131
2026-10-04 18:21:45,134839,27.0084,31094416,50.9510,40.9374,10.0136
2026-10-04 18:21:46,134938,27.0283,31117347,50.9536,40.9347,10.0188
2026-10-04 18:21:46,135037,27.0481,31140330,50.9529,40.9357,10.0173
2026-10-04 18:21:47,135136,27.0679,31162647,50.9527,40.9357,10.0170
2026-10-04 18:21:48,135235,27.0877,31184957,50.9546,40.9336,10.0210
2026-10-04 18:21:48,135334,27.1076,31208211,50.9556,40.9330,10.0227
2026-10-04 18:21:49,135433,27.1274,31230950,50.9535,40.9350,10.0185
2026-10-04 18:21:50,135532,27.1472,31254933,50.9557,40.9322,10.0235
2026-10-04 18:21:51,135631,27.1671,31277918,50.9563,40.9312,10.0251
2026-10-04 18:21:51,135730,27.1869,31300475,50.9577,40.9295,10.0283
2026-10-04 18:21:52,135829,27.2067,31323585,50.9572,40.9298,10.0274
2026-10-04 18:21:53,135928,27.2265,31347743,50.9580,40.9283,10.0297
2026-10-04 18:21:53,136027,27.2464,31371075,50.9586,40.9281,10.0305
2026-10-04 18:21:54,136126,27.2662,31394722,50.9555,40.9307,10.0249
2026-10-04 18:21:55,136225,27.2860,31418548,50.9572,40.9285,10.0288
2026-10-04 18:21:55,136324,27.3059,31441380,50.9582,40.9273,10.0308
2026-10-04 18:21:56,136423,27.3257,31463918,50.9556,40.9300,10.0256
2026-10-04 18:21:57,136522,27.3455,31486895,50.9542,40.9307,10.0235
2026-10-04 18:21:58,136621,27.3654,31510198,50.9513,40.9334,10.0179
2026-10-04 18:21:59,136720,27.3852,31533206,50.9503,40.9341,10.0162
2026-10-04 18:22:00,136819,27.4050,31555887,50.9486,40.9356,10.0130
2026-10-04 18:22:01,136918,27.4248,31579255,50.9458,40.9380,10.0078
2026-10-04 18:22:02,137017,27.4447,31602424,50.9415,40.9422,9.9993
2026-10-04 18:22:03,137116,27.4645,31625192,50.9370,40.9466,9.9904
2026-10-04 18:22:04,137215,27.4843,31649329,50.9361,40.9470,9.9890
2026-10-04 18:22:04,137314,27.5042,31673219,50.9349,40.9481,9.9869
2026-10-04 18:22:05,137413,27.5240,31695872,50.9328,40.9506,9.9822
2026-10-04 18:22:06,137512,27.5438,31719287,50.9322,40.9505,9.9817
2026-10-04 18:22:06,137611,27.5637,31742613,50.9291,40.9536,9.9755
2026-10-04 18:22:07,137710,27.5835,31765658,50.9248,40.9580,9.9668
2026-10-04 18:22:08,137809,27.6033,31789024,50.9250,40.9569,9.9681
2026-10-04 18:22:08,137908,27.6231,31812621,50.9236,40.9584,9.9652
2026-10-04 18:22:09,138007,27.6430,31835752,50.9247,40.9572,9.9675
2026-10-04 18:22:10,138106,27.6628,31858914,50.9224,40.9585,9.9639
2026-10-04 18:22:10,138205,27.6826,31882447,50.9233,40.9575,9.9659
2026-10-04 18:22:11,138304,27.7025,31906636,50.9224,40.9580,9.9645
2026-10-04 18:22:12,138403,27.7223,31930563,50.9216,40.9583,9.9633
2026-10-04 18:22:13,138502,27.7421,31954977,50.9194,40.9600,9.9595
2026-10-04 18:22:14,138601,27.7620,31977747,50.9193,40.9600,9.9593
2026-10-04 18:22:14,138700,27.7818,32001333,50.9187,40.9604,9.9583
2026-10-04 18:22:16,138799,27.8016,32024583,50.9158,40.9634,9.9524
2026-10-04 18:22:39,138898,27.8214,32047539,50.9148,40.9645,9.9503
2026-10-04 18:22:40,138997,27.8413,32070730,50.9152,40.9640,9.9511
2026-10-04 18:22:41,139096,27.8611,32094033,50.9182,40.9603,9.9579
2026-10-04 18:22:43,139195,27.8809,32116978,50.9171,40.9611,9.9560
2026-10-04 18:22:44,139294,27.9008,32140016,50.9172,40.9609,9.9563
2026-10-04 18:22:45,139393,27.9206,32163062,50.9177,40.9600,9.9577
2026-10-04 18:22:47,139492,27.9404,32186275,50.9153,40.9622,9.9531
2026-10-04 18:22:48,139591,27.9603,32208401,50.9155,40.9616,9.9538
2026-10-04 18:22:50,139690,27.9801,32230932,50.9150,40.9618,9.9532
2026-10-04 18:22:52,139789,27.9999,32254614,50.9156,40.9610,9.9546
2026-10-04 18:22:53,139888,28.0197,32277660,50.9143,40.9622,9.9522
2026-10-04 18:22:54,139987,28.0396,32299730,50.9115,40.9647,9.9468
2026-10-04 18:22:55,140086,28.0594,32322282,50.9118,40.9644,9.9474
2026-10-04 18:22:57,140185,28.0792,32344569,50.9115,40.9646,9.9470
2026-10-04 18:22:58,140284,28.0991,32367767,50.9095,40.9669,9.9426
2026-10-04 18:22:59,140383,28.1189,32390176,50.9115,40.9647,9.9468
2026-10-04 18:23:00,140482,28.1387,32412251,50.9127,40.9632,9.9495
2026-10-04 18:23:01,140581,28.1586,32436406,50.9150,40.9611,9.9539
2026-10-04 18:23:02,140680,28.1784,32459479,50.9148,40.9618,9.9530
2026-10-04 18:23:03,140779,28.1982,32481947,50.9151,40.9617,9.9534
2026-10-04 18:23:04,140878,28.2180,32504123,50.9128,40.9645,9.9483
2026-10-04 18:23:05,140977,28.2379,32526540,50.9126,40.9653,9.9473
2026-10-04 18:23:06,141076,28.2577,32549521,50.9117,40.9667,9.9451
2026-10-04 18:23:07,141175,28.2775,32571637,50.9094,40.9696,9.9398
2026-10-04 18:23:07,141274,28.2974,32595041,50.9091,40.9704,9.9387
2026-10-04 18:23:08,141373,28.3172,32618128,50.9054,40.9744,9.9310
2026-10-04 18:23:09,141472,28.3370,32641303,50.9070,40.9725,9.9345
2026-10-04 18:23:09,141571,28.3568,32664077,50.9061,40.9736,9.9325
2026-10-04 18:23:10,141670,28.3767,32686660,50.9065,40.9731,9.9334
2026-10-04 18:23:11,141769,28.3965,32709297,50.9082,40.9713,9.9369
2026-10-04 18:23:11,141868,28.4163,32730781,50.9078,40.9720,9.9358
2026-10-04 18:23:12,141967,28.4362,32753600,50.9072,40.9730,9.9342
2026-10-04 18:23:12,142066,28.4560,32776487,50.9105,40.9696,9.9408
2026-10-04 18:23:13,142165,28.4758,32799198,50.9070,40.9730,9.9340
2026-10-04 18:23:14,142264,28.4957,32822926,50.9072,40.9728,9.9344
2026-10-04 18:23:14,142363,28.5155,32845131,50.9092,40.9709,9.9383
2026-10-04 18:23:15,142462,28.5353,32868869,50.9070,40.9725,9.9345
2026-10-04 18:23:15,142561,28.5551,32891681,50.9064,40.9734,9.9330
2026-10-04 18:23:16,142660,28.5750,32915092,50.9039,40.9760,9.9279
2026-10-04 18:23:17,142759,28.5948,32938571,50.9045,40.9750,9.9295
2026-10-04 18:23:17,142858,28.6146,32961834,50.9030,40.9768,9.9261
2026-10-04 18:23:18,142957,28.6345,32985057,50.9003,40.9788,9.9215
2026-10-04 18:23:19,143056,28.6543,33008016,50.9035,40.9755,9.9281
2026-10-04 18:23:19,143155,28.6741,33030748,50.9007,40.9789,9.9218
2026-10-04 18:23:20,143254,28.6940,33054007,50.8994,40.9798,9.9196
2026-10-04 18:23:21,143353,28.7138,33077565,50.8984,40.9801,9.9183
2026-10-04 18:23:22,143452,28.7336,33100236,50.8982,40.9800,9.9181
2026-10-04 18:23:23,143551,28.7534,33122434,50.8952,40.9828,9.9125
2026-10-04 18:23:25,143650,28.7733,33145396,50.8963,40.9813,9.9150
2026-10-04 18:23:39,143749,28.7931,33167708,50.8978,40.9802,9.9176
2026-10-04 18:23:40,143848,28.8129,33190130,50.8956,40.9822,9.9135
2026-10-04 18:23:41,143947,28.8328,33212291,50.8925,40.9857,9.9068
2026-10-04 18:23:42,144046,28.8526,33234675,50.8938,40.9844,9.9094
2026-10-04 18:23:43,144145,28.8724,33256855,50.8928,40.9856,9.9072
2026-10-04 18:23:44,144244,28.8923,33279634,50.8923,40.9854,9.9069
2026-10-04 18:23:44,144343,28.9121,33303434,50.8915,40.9862,9.9053
2026-10-04 18:23:45,144442,28.9319,33325933,50.8906,40.9871,9.9034
2026-10-04 18:23:46,144541,28.9517,33348339,50.8886,40.9888,9.8998
2026-10-04 18:23:47,144640,28.9716,33370693,50.8892,40.9881,9.9012
2026-10-04 18:23:47,144739,28.9914,33393896,50.8876,40.9897,9.8979
2026-10-04 18:23:48,144838,29.0112,33416783,50.8866,40.9896,9.8970
2026-10-04 18:23:49,144937,29.0311,33439377,50.8849,40.9914,9.8935
2026-10-04 18:23:49,145036,29.0509,33461616,50.8829,40.9937,9.8892
2026-10-04 18:23:50,145135,29.0707,33483191,50.8803,40.9967,9.8835
2026-10-04 18:23:50,145234,29.0906,33505134,50.8781,40.9989,9.8792
2026-10-04 18:23:51,145333,29.1104,33528143,50.8760,40.9999,9.8761
2026-10-04 18:23:51,145432,29.1302,33551387,50.8735,41.0030,9.8705
2026-10-04 18:23:52,145531,29.1500,33573777,50.8721,41.0044,9.8677
2026-10-04 18:23:53,145630,29.1699,33597157,50.8689,41.0074,9.8615
2026-10-04 18:23:53,145729,29.1897,33619800,50.8685,41.0076,9.8609
2026-10-04 18:23:54,145828,29.2095,33642646,50.8672,41.0089,9.8583
2026-10-04 18:23:54,145927,29.2294,33665461,50.8665,41.0097,9.8568
2026-10-04 18:23:55,146026,29.2492,33688168,50.8641,41.0122,9.8519
2026-10-04 18:23:56,146125,29.2690,33710419,50.8665,41.0097,9.8567
2026-10-04 18:23:56,146224,29.2889,33734291,50.8654,41.0108,9.8547
2026-10-04 18:23:57,146323,29.3087,33756960,50.8657,41.0106,9.8551
2026-10-04 18:23:57,146422,29.3285,33778916,50.8638,41.0128,9.8510
2026-10-04 18:23:58,146521,29.3483,33802521,50.8607,41.0155,9.8452
2026-10-04 18:23:59,146620,29.3682,33825164,50.8594,41.0164,9.8431
2026-10-04 18:24:00,146719,29.3880,33847334,50.8578,41.0181,9.8397
2026-10-04 18:24:01,146818,29.4078,33870778,50.8588,41.0171,9.8417
2026-10-04 18:24:01,146917,29.4277,33893895,50.8580,41.0180,9.8400
2026-10-04 18:24:02,147016,29.4475,33917252,50.8569,41.0188,9.8381
2026-10-04 18:24:04,147115,29.4673,33940496,50.8545,41.0213,9.8332
2026-10-04 18:24:05,147214,29.4871,33963503,50.8530,41.0229,9.8301
2026-10-04 18:24:06,147313,29.5070,33987358,50.8506,41.0256,9.8250
2026-10-04 18:24:07,147412,29.5268,34009974,50.8486,41.0274,9.8212
2026-10-04 18:24:08,147511,29.5466,34032884,50.8473,41.0290,9.8184
2026-10-04 18:24:09,147610,29.5665,34055956,50.8476,41.0286,9.8190
2026-10-04 18:24:10,147709,29.5863,34079224,50.8460,41.0299,9.8162
2026-10-04 18:24:11,147808,29.6061,34103018,50.8449,41.0309,9.8141
2026-10-04 18:24:12,147907,29.6260,34125913,50.8457,41.0301,9.8155
2026-10-04 18:24:13,148006,29.6458,34148607,50.8448,41.0311,9.8137
2026-10-04 18:24:15,148105,29.6656,34172363,50.8444,41.0312,9.8132
2026-10-04 18:24:16,148204,29.6854,34194676,50.8434,41.0326,9.8107
2026-10-04 18:24:19,148303,29.7053,34217904,50.8412,41.0344,9.8068
2026-10-04 18:24:20,148402,29.7251,34241020,50.8408,41.0350,9.8058
2026-10-04 18:24:21,148501,29.7449,34263777,50.8397,41.0356,9.8041
2026-10-04 18:24:39,148600,29.7648,34286592,50.8393,41.0359,9.8034
2026-10-04 18:24:40,148699,29.7846,34309001,50.8390,41.0363,9.8026
2026-10-04 18:24:42,148798,29.8044,34332016,50.8369,41.0387,9.7981
2026-10-04 18:24:43,148897,29.8243,34354867,50.8355,41.0403,9.7953
2026-10-04 18:24:44,148996,29.8441,34377126,50.8348,41.0414,9.7935
2026-10-04 18:24:45,149095,29.8639,34398681,50.8343,41.0424,9.7919
2026-10-04 18:24:45,149194,29.8837,34420787,50.8338,41.0435,9.7903
2026-10-04 18:24:46,149293,29.9036,34444074,50.8329,41.0443,9.7886
2026-10-04 18:24:47,149392,29.9234,34466686,50.8334,41.0434,9.7900
2026-10-04 18:24:47,149491,29.9432,34488641,50.8323,41.0449,9.7874
2026-10-04 18:24:48,149590,29.9631,34511953,50.8299,41.0474,9.7824
2026-10-04 18:24:49,149689,29.9829,34534756,50.8295,41.0477,9.7818
2026-10-04 18:24:49,149788,30.0027,34557827,50.8297,41.0483,9.7813
2026-10-04 18:24:50,149887,30.0226,34581290,50.8294,41.0483,9.7811
2026-10-04 18:24:50,149986,30.0424,34604001,50.8317,41.0464,9.7853
2026-10-04 18:24:51,150085,30.0622,34626933,50.8292,41.0491,9.7801
2026-10-04 18:24:52,150184,30.0820,34649439,50.8321,41.0463,9.7858
2026-10-04 18:24:52,150283,30.1019,34672100,50.8311,41.0472,9.7839
2026-10-04 18:24:53,150382,30.1217,34694956,50.8304,41.0472,9.7831
2026-10-04 18:24:53,150481,30.1415,34717202,50.8302,41.0477,9.7825
2026-10-04 18:24:54,150580,30.1614,34740874,50.8282,41.0498,9.7785
2026-10-04 18:24:55,150679,30.1812,34764038,50.8262,41.0515,9.7747
2026-10-04 18:24:55,150778,30.2010,34786114,50.8288,41.0493,9.7795
2026-10-04 18:24:56,150877,30.2209,34809737,50.8282,41.0499,9.7783
2026-10-04 18:24:57,150976,30.2407,34833204,50.8266,41.0511,9.7756
2026-10-04 18:24:57,151075,30.2605,34855413,50.8275,41.0508,9.7766
2026-10-04 18:24:58,151174,30.2803,34878399,50.8264,41.0517,9.7747
2026-10-04 18:24:59,151273,30.3002,34901231,50.8276,41.0506,9.7771
2026-10-04 18:24:59,151372,30.3200,34924351,50.8281,41.0502,9.7779
2026-10-04 18:25:00,151471,30.3398,34946794,50.8266,41.0517,9.7749
2026-10-04 18:25:01,151570,30.3597,34969079,50.8243,41.0540,9.7704
2026-10-04 18:25:02,151669,30.3795,34991833,50.8252,41.0530,9.7722
2026-10-04 18:25:03,151768,30.3993,35014716,50.8263,41.0518,9.7746
2026-10-04 18:25:03,151867,30.4192,35037775,50.8262,41.0520,9.7742
2026-10-04 18:25:04,151966,30.4390,35061167,50.8258,41.0520,9.7739
2026-10-04 18:25:06,152065,30.4588,35084028,50.8230,41.0544,9.7687
2026-10-04 18:25:07,152164,30.4786,35106806,50.8224,41.0552,9.7672
2026-10-04 18:25:08,152263,30.4985,35129266,50.8220,41.0557,9.7663
2026-10-04 18:25:08,152362,30.5183,35151969,50.8224,41.0552,9.7672
2026-10-04 18:25:10,152461,30.5381,35174518,50.8208,41.0566,9.7642
2026-10-04 18:25:10,152560,30.5580,35197144,50.8208,41.0567,9.7640
2026-10-04 18:25:11,152659,30.5778,35220503,50.8208,41.0567,9.7640
2026-10-04 18:25:12,152758,30.5976,35242755,50.8208,41.0567,9.7641
2026-10-04 18:25:13,152857,30.6174,35265883,50.8239,41.0533,9.7706
2026-10-04 18:25:13,152956,30.6373,35288214,50.8252,41.0517,9.7735
2026-10-04 18:25:14,153055,30.6571,35311711,50.8258,41.0509,9.7749
2026-10-04 18:25:15,153154,30.6769,35334370,50.8256,41.0509,9.7747
2026-10-04 18:25:16,153253,30.6968,35356806,50.8264,41.0498,9.7766
2026-10-04 18:25:19,153352,30.7166,35379294,50.8253,41.0511,9.7742
2026-10-04 18:25:40,153451,30.7364,35402161,50.8251,41.0512,9.7739
2026-10-04 18:25:42,153550,30.7563,35424289,50.8239,41.0527,9.7713
2026-10-04 18:25:44,153649,30.7761,35447080,50.8216,41.0548,9.7668
2026-10-04 18:25:45,153748,30.7959,35469923,50.8192,41.0572,9.7621
2026-10-04 18:25:45,153847,30.8157,35493582,50.8199,41.0565,9.7634
2026-10-04 18:25:46,153946,30.8356,35517201,50.8183,41.0586,9.7597
2026-10-04 18:25:47,154045,30.8554,35540590,50.8179,41.0587,9.7592
2026-10-04 18:25:47,154144,30.8752,35563762,50.8198,41.0571,9.7627
2026-10-04 18:25:48,154243,30.8951,35586701,50.8157,41.0616,9.7541
2026-10-04 18:25:49,154342,30.9149,35609419,50.8168,41.0603,9.7565
2026-10-04 18:25:49,154441,30.9347,35631818,50.8141,41.0632,9.7509
2026-10-04 18:25:50,154540,30.9546,35654466,50.8136,41.0631,9.7504
2026-10-04 18:25:50,154639,30.9744,35678673,50.8145,41.0619,9.7526
2026-10-04 18:25:51,154738,30.9942,35701638,50.8125,41.0640,9.7485
2026-10-04 18:25:52,154837,31.0140,35725391,50.8127,41.0629,9.7498
2026-10-04 18:25:52,154936,31.0339,35747291,50.8132,41.0627,9.7505
2026-10-04 18:25:53,155035,31.0537,35769769,50.8113,41.0650,9.7463
2026-10-04 18:25:54,155134,31.0735,35792447,50.8114,41.0646,9.7468
2026-10-04 18:25:54,155233,31.0934,35814393,50.8113,41.0648,9.7465
2026-10-04 18:25:55,155332,31.1132,35837386,50.8113,41.0643,9.7470
2026-10-04 18:25:55,155431,31.1330,35860160,50.8129,41.0627,9.7502
2026-10-04 18:25:56,155530,31.1529,35882851,50.8086,41.0676,9.7410
2026-10-04 18:25:57,155629,31.1727,35906518,50.8094,41.0666,9.7428
2026-10-04 18:25:57,155728,31.1925,35929383,50.8090,41.0676,9.7414
2026-10-04 18:25:58,155827,31.2123,35952324,50.8088,41.0671,9.7417
2026-10-04 18:25:58,155926,31.2322,35975589,50.8076,41.0688,9.7388
2026-10-04 18:25:59,156025,31.2520,35999574,50.8041,41.0717,9.7324
2026-10-04 18:25:59,156124,31.2718,36023272,50.8053,41.0708,9.7345
2026-10-04 18:26:00,156223,31.2917,36046307,50.8024,41.0738,9.7286
2026-10-04 18:26:01,156322,31.3115,36069646,50.8022,41.0737,9.7286
2026-10-04 18:26:01,156421,31.3313,36092872,50.8018,41.0745,9.7273
2026-10-04 18:26:02,156520,31.3512,36116136,50.8013,41.0748,9.7265
2026-10-04 18:26:02,156619,31.3710,36139722,50.8031,41.0726,9.7305
2026-10-04 18:26:03,156718,31.3908,36162523,50.8007,41.0749,9.7258
2026-10-04 18:26:04,156817,31.4106,36185506,50.8022,41.0734,9.7288
2026-10-04 18:26:04,156916,31.4305,36208885,50.8020,41.0732,9.7288
2026-10-04 18:26:05,157015,31.4503,36232270,50.7994,41.0760,9.7234
2026-10-04 18:26:06,157114,31.4701,36255638,50.7959,41.0792,9.7166
2026-10-04 18:26:06,157213,31.4900,36278655,50.7961,41.0786,9.7175
2026-10-04 18:26:07,157312,31.5098,36302482,50.7923,41.0819,9.7104
2026-10-04 18:26:08,157411,31.5296,36325609,50.7922,41.0817,9.7105
2026-10-04 18:26:08,157510,31.5495,36348877,50.7924,41.0809,9.7116
2026-10-04 18:26:09,157609,31.5693,36371861,50.7896,41.0840,9.7056
2026-10-04 18:26:10,157708,31.5891,36395060,50.7878,41.0855,9.7023
2026-10-04 18:26:11,157807,31.6089,36418477,50.7857,41.0874,9.6983
2026-10-04 18:26:12,157906,31.6288,36442234,50.7851,41.0876,9.6975
2026-10-04 18:26:13,158005,31.6486,36465658,50.7823,41.0897,9.6926
2026-10-04 18:26:14,158104,31.6684,36488840,50.7815,41.0897,9.6918
2026-10-04 18:26:16,158203,31.6883,36511300,50.7805,41.0907,9.6898
2026-10-04 18:26:40,158302,31.7081,36534827,50.7787,41.0926,9.6861
2026-10-04 18:26:41,158401,31.7279,36558478,50.7772,41.0946,9.6827
2026-10-04 18:26:42,158500,31.7477,36581514,50.7784,41.0935,9.6849
2026-10-04 18:26:43,158599,31.7676,36604993,50.7761,41.0957,9.6803
2026-10-04 18:26:44,158698,31.7874,36628177,50.7747,41.0973,9.6774
2026-10-04 18:26:44,158797,31.8072,36651290,50.7772,41.0942,9.6830
2026-10-04 18:26:45,158896,31.8271,36673873,50.7748,41.0965,9.6784
2026-10-04 18:26:46,158995,31.8469,36696557,50.7751,41.0958,9.6793
2026-10-04 18:26:46,159094,31.8667,36719800,50.7749,41.0962,9.6787
2026-10-04 18:26:47,159193,31.8866,36743718,50.7753,41.0957,9.6796
2026-10-04 18:26:48,159292,31.9064,36766876,50.7743,41.0960,9.6782
2026-10-04 18:26:49,159391,31.9262,36789638,50.7751,41.0950,9.6801
2026-10-04 18:26:50,159490,31.9460,36813398,50.7744,41.0955,9.6788
2026-10-04 18:26:50,159589,31.9659,36836593,50.7743,41.0952,9.6791
2026-10-04 18:26:51,159688,31.9857,36860258,50.7727,41.0972,9.6754
2026-10-04 18:26:53,159787,32.0055,36883594,50.7705,41.0990,9.6714
2026-10-04 18:26:54,159886,32.0254,36906699,50.7691,41.1002,9.6689
2026-10-04 18:26:55,159985,32.0452,36929306,50.7690,41.1003,9.6687
2026-10-04 18:26:56,160084,32.0650,36952206,50.7694,41.0997,9.6697
2026-10-04 18:26:57,160183,32.0849,36975352,50.7676,41.1016,9.6660
2026-10-04 18:26:58,160282,32.1047,36999102,50.7671,41.1019,9.6652
2026-10-04 18:26:59,160381,32.1245,37022953,50.7687,41.1000,9.6688
2026-10-04 18:27:00,160480,32.1443,37045532,50.7688,41.0997,9.6690
2026-10-04 18:27:01,160579,32.1642,37068663,50.7650,41.1036,9.6615
2026-10-04 18:27:02,160678,32.1840,37091233,50.7649,41.1036,9.6612
2026-10-04 18:27:02,160777,32.2038,37113369,50.7658,41.1030,9.6628
2026-10-04 18:27:03,160876,32.2237,37135958,50.7645,41.1047,9.6598
2026-10-04 18:27:04,160975,32.2435,37159011,50.7666,41.1026,9.6640
2026-10-04 18:27:04,161074,32.2633,37181598,50.7641,41.1055,9.6586
2026-10-04 18:27:05,161173,32.2832,37205034,50.7646,41.1049,9.6597
2026-10-04 18:27:05,161272,32.3030,37227674,50.7649,41.1053,9.6597
2026-10-04 18:27:06,161371,32.3228,37250508,50.7631,41.1069,9.6562
2026-10-04 18:27:07,161470,32.3426,37273720,50.7652,41.1043,9.6609
2026-10-04 18:27:07,161569,32.3625,37296794,50.7643,41.1057,9.6586
2026-10-04 18:27:08,161668,32.3823,37319211,50.7653,41.1045,9.6607
2026-10-04 18:27:09,161767,32.4021,37341976,50.7661,41.1036,9.6624
2026-10-04 18:27:09,161866,32.4220,37364437,50.7662,41.1036,9.6625
2026-10-04 18:27:10,161965,32.4418,37387398,50.7661,41.1032,9.6629
2026-10-04 18:27:10,162064,32.4616,37409934,50.7684,41.1008,9.6676
2026-10-04 18:27:11,162163,32.4815,37432978,50.7688,41.1007,9.6681
2026-10-04 18:27:12,162262,32.5013,37456397,50.7680,41.1007,9.6673
2026-10-04 18:27:13,162361,32.5211,37479691,50.7671,41.1014,9.6657
2026-10-04 18:27:13,162460,32.5409,37503316,50.7677,41.1005,9.6672
2026-10-04 18:27:14,162559,32.5608,37525606,50.7676,41.1008,9.6668
2026-10-04 18:27:15,162658,32.5806,37548103,50.7673,41.1010,9.6664
2026-10-04 18:27:16,162757,32.6004,37571388,50.7655,41.1026,9.6629
2026-10-04 18:27:18,162856,32.6203,37594370,50.7655,41.1020,9.6635
2026-10-04 18:27:19,162955,32.6401,37616597,50.7646,41.1028,9.6617
2026-10-04 18:27:23,163054,32.6599,37639789,50.7635,41.1038,9.6597
2026-10-04 18:27:40,163153,32.6798,37663120,50.7624,41.1054,9.6570
2026-10-04 18:27:41,163252,32.6996,37685555,50.7628,41.1047,9.6580
2026-10-04 18:27:43,163351,32.7194,37708873,50.7613,41.1058,9.6555
2026-10-04 18:27:44,163450,32.7392,37732234,50.7595,41.1076,9.6519
2026-10-04 18:27:45,163549,32.7591,37755509,50.7599,41.1073,9.6526
2026-10-04 18:27:46,163648,32.7789,37779157,50.7618,41.1053,9.6565
2026-10-04 18:27:46,163747,32.7987,37802141,50.7632,41.1041,9.6591
2026-10-04 18:27:47,163846,32.8186,37824603,50.7626,41.1046,9.6580
2026-10-04 18:27:48,163945,32.8384,37848518,50.7629,41.1037,9.6592
2026-10-04 18:27:49,164044,32.8582,37871365,50.7624,41.1039,9.6585
2026-10-04 18:27:49,164143,32.8780,37894073,50.7625,41.1037,9.6588
2026-10-04 18:27:50,164242,32.8979,37916477,50.7609,41.1054,9.6555
2026-10-04 18:27:51,164341,32.9177,37939363,50.7609,41.1054,9.6556
2026-10-04 18:27:52,164440,32.9375,37962873,50.7621,41.1039,9.6583
2026-10-04 18:27:53,164539,32.9574,37985528,50.7629,41.1027,9.6602
2026-10-04 18:27:53,164638,32.9772,38007911,50.7612,41.1049,9.6563
2026-10-04 18:27:54,164737,32.9970,38031637,50.7613,41.1041,9.6572
2026-10-04 18:27:55,164836,33.0169,38054336,50.7607,41.1049,9.6558
2026-10-04 18:27:55,164935,33.0367,38077006,50.7606,41.1049,9.6556
2026-10-04 18:27:56,165034,33.0565,38100132,50.7627,41.1027,9.6601
2026-10-04 18:27:56,165133,33.0763,38122820,50.7631,41.1026,9.6605
2026-10-04 18:27:57,165232,33.0962,38146887,50.7631,41.1021,9.6610
2026-10-04 18:27:58,165331,33.1160,38169380,50.7646,41.1005,9.6640
2026-10-04 18:27:58,165430,33.1358,38193091,50.7640,41.1012,9.6628
2026-10-04 18:27:59,165529,33.1557,38216330,50.7642,41.1005,9.6636
2026-10-04 18:27:59,165628,33.1755,38239646,50.7635,41.1014,9.6621
2026-10-04 18:28:00,165727,33.1953,38262811,50.7626,41.1021,9.6606
2026-10-04 18:28:00,165826,33.2152,38285471,50.7653,41.0996,9.6657
2026-10-04 18:28:01,165925,33.2350,38309411,50.7634,41.1015,9.6618
2026-10-04 18:28:02,166024,33.2548,38332585,50.7634,41.1010,9.6624
2026-10-04 18:28:02,166123,33.2746,38355071,50.7643,41.1004,9.6639
2026-10-04 18:28:03,166222,33.2945,38378277,50.7625,41.1020,9.6605
2026-10-04 18:28:03,166321,33.3143,38401911,50.7634,41.1009,9.6625
2026-10-04 18:28:04,166420,33.3341,38425565,50.7621,41.1025,9.6596
2026-10-04 18:28:05,166519,33.3540,38448879,50.7624,41.1014,9.6610
2026-10-04 18:28:05,166618,33.3738,38471562,50.7608,41.1033,9.6576
2026-10-04 18:28:06,166717,33.3936,38495253,50.7603,41.1027,9.6576
2026-10-04 18:28:06,166816,33.4135,38518617,50.7625,41.1004,9.6621
2026-10-04 18:28:07,166915,33.4333,38541231,50.7597,41.1034,9.6562
2026-10-04 18:28:08,167014,33.4531,38564081,50.7606,41.1023,9.6582
2026-10-04 18:28:08,167113,33.4729,38587816,50.7562,41.1068,9.6494
2026-10-04 18:28:09,167212,33.4928,38612191,50.7571,41.1053,9.6518
2026-10-04 18:28:09,167311,33.5126,38634638,50.7570,41.1055,9.6515
2026-10-04 18:28:10,167410,33.5324,38657206,50.7546,41.1075,9.6471
2026-10-04 18:28:11,167509,33.5523,38680506,50.7549,41.1067,9.6482
2026-10-04 18:28:12,167608,33.5721,38702746,50.7553,41.1058,9.6495
2026-10-04 18:28:12,167707,33.5919,38725660,50.7543,41.1066,9.6477
2026-10-04 18:28:14,167806,33.6118,38749405,50.7529,41.1078,9.6452
2026-10-04 18:28:15,167905,33.6316,38771982,50.7514,41.1092,9.6422
2026-10-04 18:28:40,168004,33.6514,38795523,50.7493,41.1113,9.6380
2026-10-04 18:28:41,168103,33.6712,38819186,50.7506,41.1100,9.6406
2026-10-04 18:28:42,168202,33.6911,38842574,50.7526,41.1074,9.6452
2026-10-04 18:28:43,168301,33.7109,38866083,50.7536,41.1058,9.6479
2026-10-04 18:28:43,168400,33.7307,38888962,50.7538,41.1057,9.6480
2026-10-04 18:28:44,168499,33.7506,38911621,50.7524,41.1076,9.6448
2026-10-04 18:28:45,168598,33.7704,38934940,50.7514,41.1083,9.6430
2026-10-04 18:28:45,168697,33.7902,38958463,50.7528,41.1071,9.6456
2026-10-04 18:28:46,168796,33.8101,38981021,50.7508,41.1090,9.6418
2026-10-04 18:28:47,168895,33.8299,39003627,50.7512,41.1084,9.6428
2026-10-04 18:28:47,168994,33.8497,39026806,50.7514,41.1081,9.6433
2026-10-04 18:28:48,169093,33.8695,39050187,50.7519,41.1068,9.6451
2026-10-04 18:28:48,169192,33.8894,39073312,50.7519,41.1072,9.6447
2026-10-04 18:28:49,169291,33.9092,39096806,50.7501,41.1087,9.6414
2026-10-04 18:28:50,169390,33.9290,39119982,50.7499,41.1087,9.6412
2026-10-04 18:28:50,169489,33.9489,39143507,50.7492,41.1094,9.6398
2026-10-04 18:28:51,169588,33.9687,39166902,50.7490,41.1098,9.6391
2026-10-04 18:28:52,169687,33.9885,39190694,50.7476,41.1110,9.6366
2026-10-04 18:28:53,169786,34.0083,39213971,50.7483,41.1102,9.6381
2026-10-04 18:28:53,169885,34.0282,39236651,50.7478,41.1110,9.6369
2026-10-04 18:28:54,169984,34.0480,39260295,50.7458,41.1131,9.6327
2026-10-04 18:28:55,170083,34.0678,39283218,50.7445,41.1139,9.6306
2026-10-04 18:28:56,170182,34.0877,39307067,50.7444,41.1139,9.6305
2026-10-04 18:28:57,170281,34.1075,39330126,50.7437,41.1148,9.6289
2026-10-04 18:28:58,170380,34.1273,39352648,50.7443,41.1142,9.6301
2026-10-04 18:28:59,170479,34.1472,39375587,50.7444,41.1142,9.6303
2026-10-04 18:29:00,170578,34.1670,39399237,50.7443,41.1137,9.6306
2026-10-04 18:29:01,170677,34.1868,39422002,50.7416,41.1164,9.6252
2026-10-04 18:29:02,170776,34.2066,39445059,50.7417,41.1162,9.6255
2026-10-04 18:29:04,170875,34.2265,39468142,50.7408,41.1169,9.6238
2026-10-04 18:29:05,170974,34.2463,39490470,50.7392,41.1185,9.6207
2026-10-04 18:29:06,171073,34.2661,39513351,50.7395,41.1177,9.6218
2026-10-04 18:29:06,171172,34.2860,39536201,50.7410,41.1165,9.6245
2026-10-04 18:29:07,171271,34.3058,39559745,50.7378,41.1197,9.6181
2026-10-04 18:29:08,171370,34.3256,39582993,50.7370,41.1204,9.6166
2026-10-04 18:29:08,171469,34.3455,39606298,50.7365,41.1209,9.6156
2026-10-04 18:29:09,171568,34.3653,39629174,50.7379,41.1192,9.6187
2026-10-04 18:29:09,171667,34.3851,39652620,50.7395,41.1179,9.6216
2026-10-04 18:29:10,171766,34.4049,39675733,50.7357,41.1217,9.6140
2026-10-04 18:29:11,171865,34.4248,39699348,50.7356,41.1216,9.6140
2026-10-04 18:29:11,171964,34.4446,39722355,50.7359,41.1215,9.6144
2026-10-04 18:29:12,172063,34.4644,39745269,50.7333,41.1241,9.6092
2026-10-04 18:29:13,172162,34.4843,39768637,50.7331,41.1240,9.6091
2026-10-04 18:29:13,172261,34.5041,39792080,50.7352,41.1217,9.6136
2026-10-04 18:29:14,172360,34.5239,39815018,50.7356,41.1210,9.6146
2026-10-04 18:29:15,172459,34.5438,39837416,50.7356,41.1209,9.6147
2026-10-04 18:29:16,172558,34.5636,39860553,50.7340,41.1220,9.6120
2026-10-04 18:29:18,172657,34.5834,39883247,50.7322,41.1238,9.6084
2026-10-04 18:29:20,172756,34.6032,39905704,50.7319,41.1243,9.6076
2026-10-04 18:29:40,172855,34.6231,39928518,50.7285,41.1273,9.6012
2026-10-04 18:29:41,172954,34.6429,39950478,50.7295,41.1267,9.6027
2026-10-04 18:29:41,173053,34.6627,39973265,50.7283,41.1275,9.6008
2026-10-04 18:29:42,173152,34.6826,39996833,50.7273,41.1285,9.5988
2026-10-04 18:29:43,173251,34.7024,40019046,50.7261,41.1299,9.5962
2026-10-04 18:29:44,173350,34.7222,40041302,50.7255,41.1300,9.5955
2026-10-04 18:29:45,173449,34.7421,40064879,50.7256,41.1300,9.5956
2026-10-04 18:29:45,173548,34.7619,40088270,50.7252,41.1307,9.5945
2026-10-04 18:29:46,173647,34.7817,40111667,50.7264,41.1291,9.5973
2026-10-04 18:29:46,173746,34.8015,40135776,50.7272,41.1286,9.5986
2026-10-04 18:29:47,173845,34.8214,40158506,50.7241,41.1318,9.5923
2026-10-04 18:29:47,173944,34.8412,40181727,50.7265,41.1294,9.5971
2026-10-04 18:29:48,174043,34.8610,40204831,50.7239,41.1328,9.5911
2026-10-04 18:29:49,174142,34.8809,40228021,50.7245,41.1321,9.5924
2026-10-04 18:29:49,174241,34.9007,40250803,50.7233,41.1336,9.5897
2026-10-04 18:29:50,174340,34.9205,40274073,50.7223,41.1342,9.5881
2026-10-04 18:29:50,174439,34.9404,40296441,50.7214,41.1359,9.5855
2026-10-04 18:29:51,174538,34.9602,40320009,50.7223,41.1343,9.5880
2026-10-04 18:29:51,174637,34.9800,40343274,50.7211,41.1359,9.5852
2026-10-04 18:29:52,174736,34.9998,40366614,50.7200,41.1366,9.5835
2026-10-04 18:29:52,174835,35.0197,40389095,50.7217,41.1354,9.5863
2026-10-04 18:29:53,174934,35.0395,40411816,50.7212,41.1353,9.5858
2026-10-04 18:29:53,175033,35.0593,40434251,50.7214,41.1356,9.5858
2026-10-04 18:29:54,175132,35.0792,40458845,50.7196,41.1366,9.5830
2026-10-04 18:29:54,175231,35.0990,40482684,50.7216,41.1346,9.5870
2026-10-04 18:29:55,175330,35.1188,40505375,50.7208,41.1351,9.5856
2026-10-04 18:29:55,175429,35.1386,40528548,50.7232,41.1326,9.5907
2026-10-04 18:29:56,175528,35.1585,40552043,50.7210,41.1347,9.5863
2026-10-04 18:29:56,175627,35.1783,40575363,50.7220,41.1338,9.5882
2026-10-04 18:29:57,175726,35.1981,40597905,50.7204,41.1355,9.5849
2026-10-04 18:29:57,175825,35.2180,40620798,50.7217,41.1340,9.5876
2026-10-04 18:29:58,175924,35.2378,40643552,50.7190,41.1372,9.5818
2026-10-04 18:29:59,176023,35.2576,40667149,50.7209,41.1349,9.5859
2026-10-04 18:29:59,176122,35.2775,40690236,50.7191,41.1369,9.5821
2026-10-04 18:30:00,176221,35.2973,40714381,50.7195,41.1356,9.5839
2026-10-04 18:30:00,176320,35.3171,40738038,50.7199,41.1354,9.5844
2026-10-04 18:30:01,176419,35.3369,40760761,50.7177,41.1378,9.5799
2026-10-04 18:30:02,176518,35.3568,40784697,50.7178,41.1369,9.5809
2026-10-04 18:30:03,176617,35.3766,40808422,50.7187,41.1356,9.5831
2026-10-04 18:30:03,176716,35.3964,40830859,50.7167,41.1383,9.5785
2026-10-04 18:30:04,176815,35.4163,40854213,50.7163,41.1381,9.5782
2026-10-04 18:30:05,176914,35.4361,40878401,50.7176,41.1367,9.5809
2026-10-04 18:30:05,177013,35.4559,40901907,50.7163,41.1377,9.5786
2026-10-04 18:30:06,177112,35.4758,40925581,50.7143,41.1393,9.5749
2026-10-04 18:30:07,177211,35.4956,40949311,50.7137,41.1396,9.5742
2026-10-04 18:30:08,177310,35.5154,40973401,50.7126,41.1404,9.5722
2026-10-04 18:30:09,177409,35.5352,40997019,50.7132,41.1393,9.5739
2026-10-04 18:30:10,177508,35.5551,41020877,50.7119,41.1402,9.5717
2026-10-04 18:30:12,177607,35.5749,41044323,50.7080,41.1439,9.5641
2026-10-04 18:30:41,177706,35.5947,41067936,50.7057,41.1460,9.5597
2026-10-04 18:30:42,177805,35.6146,41090369,50.7062,41.1457,9.5605
2026-10-04 18:30:43,177904,35.6344,41114358,50.7069,41.1451,9.5618
2026-10-04 18:30:44,178003,35.6542,41137226,50.7062,41.1456,9.5605
2026-10-04 18:30:45,178102,35.6741,41159883,50.7069,41.1454,9.5615
2026-10-04 18:30:46,178201,35.6939,41183480,50.7063,41.1459,9.5604
2026-10-04 18:30:47,178300,35.7137,41207464,50.7072,41.1451,9.5622
2026-10-04 18:30:48,178399,35.7335,41230908,50.7066,41.1456,9.5609
2026-10-04 18:30:49,178498,35.7534,41254828,50.7049,41.1472,9.5577
2026-10-04 18:30:50,178597,35.7732,41278236,50.7059,41.1463,9.5596
2026-10-04 18:30:51,178696,35.7930,41301614,50.7067,41.1449,9.5618
2026-10-04 18:30:52,178795,35.8129,41325350,50.7065,41.1449,9.5617
2026-10-04 18:30:54,178894,35.8327,41348948,50.7053,41.1457,9.5596
2026-10-04 18:30:55,178993,35.8525,41371393,50.7025,41.1485,9.5541
2026-10-04 18:30:57,179092,35.8724,41394581,50.7017,41.1493,9.5524
2026-10-04 18:30:58,179191,35.8922,41418091,50.7036,41.1474,9.5562
2026-10-04 18:30:58,179290,35.9120,41441762,50.7020,41.1494,9.5526
2026-10-04 18:30:59,179389,35.9318,41464857,50.7012,41.1500,9.5512
2026-10-04 18:31:00,179488,35.9517,41487726,50.7014,41.1498,9.5516
2026-10-04 18:31:00,179587,35.9715,41510670,50.7006,41.1511,9.5495
2026-10-04 18:31:01,179686,35.9913,41534176,50.6997,41.1517,9.5479
2026-10-04 18:31:02,179785,36.0112,41557072,50.7006,41.1511,9.5495
2026-10-04 18:31:02,179884,36.0310,41580416,50.7009,41.1508,9.5501
2026-10-04 18:31:03,179983,36.0508,41603974,50.7007,41.1507,9.5500
2026-10-04 18:31:04,180082,36.0707,41627381,50.7009,41.1504,9.5504
2026-10-04 18:31:04,180181,36.0905,41650467,50.7002,41.1517,9.5485
2026-10-04 18:31:05,180280,36.1103,41674140,50.6993,41.1522,9.5470
2026-10-04 18:31:05,180379,36.1301,41697158,50.7003,41.1516,9.5486
2026-10-04 18:31:06,180478,36.1500,41720539,50.6975,41.1545,9.5430
2026-10-04 18:31:06,180577,36.1698,41744225,50.7002,41.1512,9.5491
2026-10-04 18:31:07,180676,36.1896,41767608,50.6991,41.1530,9.5461
2026-10-04 18:31:08,180775,36.2095,41791572,50.7020,41.1493,9.5527
2026-10-04 18:31:08,180874,36.2293,41814449,50.7003,41.1519,9.5484
2026-10-04 18:31:09,180973,36.2491,41838658,50.7001,41.1515,9.5486
2026-10-04 18:31:09,181072,36.2689,41861688,50.7003,41.1516,9.5487
2026-10-04 18:31:10,181171,36.2888,41885203,50.7000,41.1512,9.5488
2026-10-04 18:31:10,181270,36.3086,41907987,50.6997,41.1519,9.5478
2026-10-04 18:31:11,181369,36.3284,41931631,50.6968,41.1544,9.5425
2026-10-04 18:31:11,181468,36.3483,41954788,50.6973,41.1544,9.5428
2026-10-04 18:31:12,181567,36.3681,41977785,50.6957,41.1559,9.5398
2026-10-04 18:31:12,181666,36.3879,42001134,50.6963,41.1548,9.5415
2026-10-04 18:31:13,181765,36.4078,42024345,50.6941,41.1573,9.5369
2026-10-04 18:31:14,181864,36.4276,42048738,50.6927,41.1581,9.5347
2026-10-04 18:31:14,181963,36.4474,42071439,50.6929,41.1575,9.5354
2026-10-04 18:31:15,182062,36.4672,42094906,50.6920,41.1585,9.5336
2026-10-04 18:31:16,182161,36.4871,42118809,50.6905,41.1595,9.5310
2026-10-04 18:31:17,182260,36.5069,42141733,50.6880,41.1617,9.5263
2026-10-04 18:31:18,182359,36.5267,42164655,50.6865,41.1629,9.5236
2026-10-04 18:31:40,182458,36.5466,42187832,50.6844,41.1647,9.5197
2026-10-04 18:31:41,182557,36.5664,42210404,50.6837,41.1651,9.5186
2026-10-04 18:31:42,182656,36.5862,42234193,50.6832,41.1653,9.5179
2026-10-04 18:31:42,182755,36.6061,42257222,50.6828,41.1656,9.5172
2026-10-04 18:31:43,182854,36.6259,42279432,50.6808,41.1680,9.5128
2026-10-04 18:31:44,182953,36.6457,42303275,50.6797,41.1690,9.5107
2026-10-04 18:31:45,183052,36.6655,42326184,50.6803,41.1683,9.5120
2026-10-04 18:31:46,183151,36.6854,42348724,50.6804,41.1684,9.5120
2026-10-04 18:31:46,183250,36.7052,42371413,50.6782,41.1712,9.5071
2026-10-04 18:31:47,183349,36.7250,42394196,50.6793,41.1701,9.5093
2026-10-04 18:31:47,183448,36.7449,42417315,50.6783,41.1712,9.5071
2026-10-04 18:31:48,183547,36.7647,42439905,50.6775,41.1716,9.5059
2026-10-04 18:31:48,183646,36.7845,42463010,50.6779,41.1712,9.5067
2026-10-04 18:31:49,183745,36.8044,42486696,50.6743,41.1749,9.4994
2026-10-04 18:31:49,183844,36.8242,42510160,50.6771,41.1717,9.5054
2026-10-04 18:31:50,183943,36.8440,42532917,50.6758,41.1734,9.5025
2026-10-04 18:31:51,184042,36.8638,42555504,50.6763,41.1728,9.5035
2026-10-04 18:31:51,184141,36.8837,42579212,50.6781,41.1707,9.5074
2026-10-04 18:31:52,184240,36.9035,42603035,50.6753,41.1737,9.5016
2026-10-04 18:31:53,184339,36.9233,42626206,50.6766,41.1719,9.5047
2026-10-04 18:31:53,184438,36.9432,42650042,50.6741,41.1745,9.4996
2026-10-04 18:31:54,184537,36.9630,42673328,50.6744,41.1739,9.5006
2026-10-04 18:31:54,184636,36.9828,42696572,50.6746,41.1738,9.5009
2026-10-04 18:31:55,184735,37.0027,42719911,50.6746,41.1733,9.5013
2026-10-04 18:31:55,184834,37.0225,42743818,50.6751,41.1726,9.5025
2026-10-04 18:31:56,184933,37.0423,42766658,50.6730,41.1751,9.4979
2026-10-04 18:31:57,185032,37.0621,42789787,50.6716,41.1757,9.4960
2026-10-04 18:31:58,185131,37.0820,42813574,50.6723,41.1747,9.4976
2026-10-04 18:31:58,185230,37.1018,42836223,50.6702,41.1771,9.4932
2026-10-04 18:31:59,185329,37.1216,42859689,50.6693,41.1772,9.4921
2026-10-04 18:31:59,185428,37.1415,42882664,50.6698,41.1771,9.4927
2026-10-04 18:32:00,185527,37.1613,42906710,50.6681,41.1786,9.4895
2026-10-04 18:32:01,185626,37.1811,42930842,50.6685,41.1778,9.4907
2026-10-04 18:32:01,185725,37.2010,42953673,50.6683,41.1778,9.4905
2026-10-04 18:32:02,185824,37.2208,42975839,50.6645,41.1816,9.4828
2026-10-04 18:32:03,185923,37.2406,42999139,50.6644,41.1814,9.4830
2026-10-04 18:32:03,186022,37.2604,43022392,50.6657,41.1800,9.4858
2026-10-04 18:32:04,186121,37.2803,43045550,50.6642,41.1816,9.4825
2026-10-04 18:32:05,186220,37.3001,43068647,50.6627,41.1828,9.4800
2026-10-04 18:32:06,186319,37.3199,43091141,50.6607,41.1846,9.4762
2026-10-04 18:32:07,186418,37.3398,43114564,50.6592,41.1856,9.4736
2026-10-04 18:32:08,186517,37.3596,43139125,50.6594,41.1849,9.4745
2026-10-04 18:32:08,186616,37.3794,43161655,50.6578,41.1863,9.4716
2026-10-04 18:32:09,186715,37.3992,43184876,50.6559,41.1883,9.4677
2026-10-04 18:32:10,186814,37.4191,43207637,50.6557,41.1882,9.4675
2026-10-04 18:32:11,186913,37.4389,43230557,50.6545,41.1894,9.4651
2026-10-04 18:32:12,187012,37.4587,43254018,50.6547,41.1892,9.4655
2026-10-04 18:32:13,187111,37.4786,43277372,50.6537,41.1902,9.4634
2026-10-04 18:32:15,187210,37.4984,43300056,50.6540,41.1898,9.4643
2026-10-04 18:32:19,187309,37.5182,43323978,50.6537,41.1898,9.4639
2026-10-04 18:32:40,187408,37.5381,43346322,50.6527,41.1907,9.4620
2026-10-04 18:32:41,187507,37.5579,43370070,50.6501,41.1933,9.4568
2026-10-04 18:32:42,187606,37.5777,43393570,50.6465,41.1970,9.4494
2026-10-04 18:32:43,187705,37.5975,43417454,50.6447,41.1987,9.4460
2026-10-04 18:32:44,187804,37.6174,43440480,50.6422,41.2009,9.4413
2026-10-04 18:32:44,187903,37.6372,43462918,50.6427,41.2007,9.4420
2026-10-04 18:32:45,188002,37.6570,43486879,50.6409,41.2025,9.4384
2026-10-04 18:32:46,188101,37.6769,43510316,50.6400,41.2031,9.4370
2026-10-04 18:32:46,188200,37.6967,43532427,50.6390,41.2046,9.4344
2026-10-04 18:32:47,188299,37.7165,43554700,50.6343,41.2093,9.4250
2026-10-04 18:32:48,188398,37.7364,43577870,50.6342,41.2093,9.4249
2026-10-04 18:32:48,188497,37.7562,43600916,50.6321,41.2111,9.4210
2026-10-04 18:32:49,188596,37.7760,43624398,50.6314,41.2119,9.4195
2026-10-04 18:32:49,188695,37.7958,43647017,50.6311,41.2122,9.4189
2026-10-04 18:32:50,188794,37.8157,43670735,50.6292,41.2139,9.4153
2026-10-04 18:32:51,188893,37.8355,43694198,50.6301,41.2130,9.4171
2026-10-04 18:32:51,188992,37.8553,43717209,50.6268,41.2164,9.4104
2026-10-04 18:32:52,189091,37.8752,43740768,50.6258,41.2175,9.4083
2026-10-04 18:32:52,189190,37.8950,43764260,50.6251,41.2186,9.4065
2026-10-04 18:32:53,189289,37.9148,43788024,50.6235,41.2200,9.4034
2026-10-04 18:32:53,189388,37.9347,43811237,50.6238,41.2199,9.4038
2026-10-04 18:32:54,189487,37.9545,43834111,50.6217,41.2220,9.3997
2026-10-04 18:32:54,189586,37.9743,43857350,50.6226,41.2212,9.4014
2026-10-04 18:32:55,189685,37.9941,43879726,50.6184,41.2260,9.3925
2026-10-04 18:32:56,189784,38.0140,43902964,50.6180,41.2261,9.3919
2026-10-04 18:32:56,189883,38.0338,43925037,50.6160,41.2282,9.3878
2026-10-04 18:32:57,189982,38.0536,43948546,50.6128,41.2311,9.3817
2026-10-04 18:32:57,190081,38.0735,43971871,50.6127,41.2314,9.3814
2026-10-04 18:32:58,190180,38.0933,43994456,50.6097,41.2342,9.3755
2026-10-04 18:32:58,190279,38.1131,44017747,50.6117,41.2324,9.3794
2026-10-04 18:32:59,190378,38.1330,44041840,50.6095,41.2344,9.3751
2026-10-04 18:32:59,190477,38.1528,44064741,50.6097,41.2343,9.3754
2026-10-04 18:33:00,190576,38.1726,44086985,50.6052,41.2390,9.3662
2026-10-04 18:33:00,190675,38.1924,44110442,50.6080,41.2357,9.3723
2026-10-04 18:33:01,190774,38.2123,44133293,50.6057,41.2383,9.3674
2026-10-04 18:33:02,190873,38.2321,44157002,50.6065,41.2372,9.3693
2026-10-04 18:33:02,190972,38.2519,44178521,50.6062,41.2378,9.3685
2026-10-04 18:33:03,191071,38.2718,44202033,50.6042,41.2393,9.3649
2026-10-04 18:33:03,191170,38.2916,44224798,50.6048,41.2389,9.3659
2026-10-04 18:33:04,191269,38.3114,44248046,50.6007,41.2432,9.3575
2026-10-04 18:33:05,191368,38.3313,44270323,50.6009,41.2426,9.3582
2026-10-04 18:33:05,191467,38.3511,44293204,50.5994,41.2444,9.3550
2026-10-04 18:33:06,191566,38.3709,44316464,50.5978,41.2455,9.3523
2026-10-04 18:33:07,191665,38.3907,44339566,50.5974,41.2457,9.3517
2026-10-04 18:33:07,191764,38.4106,44362240,50.5947,41.2487,9.3460
2026-10-04 18:33:08,191863,38.4304,44384426,50.5928,41.2508,9.3421
2026-10-04 18:33:09,191962,38.4502,44407533,50.5913,41.2521,9.3392
2026-10-04 18:33:10,192061,38.4701,44430922,50.5893,41.2538,9.3355
2026-10-04 18:33:12,192160,38.4899,44453802,50.5854,41.2578,9.3276
2026-10-04 18:33:41,192259,38.5097,44476737,50.5831,41.2603,9.3228
2026-10-04 18:33:42,192358,38.5295,44498829,50.5818,41.2619,9.3199
2026-10-04 18:33:43,192457,38.5494,44521328,50.5830,41.2609,9.3220
2026-10-04 18:33:43,192556,38.5692,44543998,50.5834,41.2607,9.3227
2026-10-04 18:33:44,192655,38.5890,44566958,50.5826,41.2615,9.3211
2026-10-04 18:33:45,192754,38.6089,44589727,50.5813,41.2626,9.3187
2026-10-04 18:33:46,192853,38.6287,44612580,50.5812,41.2626,9.3186
2026-10-04 18:33:47,192952,38.6485,44635365,50.5785,41.2658,9.3127
2026-10-04 18:33:47,193051,38.6684,44658228,50.5770,41.2676,9.3094
2026-10-04 18:33:48,193150,38.6882,44680676,50.5740,41.2709,9.3031
2026-10-04 18:33:49,193249,38.7080,44703033,50.5729,41.2716,9.3013
2026-10-04 18:33:49,193348,38.7278,44725936,50.5726,41.2722,9.3004
2026-10-04 18:33:50,193447,38.7477,44748554,50.5709,41.2739,9.2970
2026-10-04 18:33:51,193546,38.7675,44771580,50.5704,41.2741,9.2963
2026-10-04 18:33:51,193645,38.7873,44794547,50.5702,41.2740,9.2962
2026-10-04 18:33:52,193744,38.8072,44817038,50.5686,41.2761,9.2925
2026-10-04 18:33:53,193843,38.8270,44839700,50.5683,41.2761,9.2922
2026-10-04 18:33:54,193942,38.8468,44863613,50.5685,41.2758,9.2927
2026-10-04 18:33:54,194041,38.8667,44886773,50.5667,41.2779,9.2889
2026-10-04 18:33:55,194140,38.8865,44910629,50.5672,41.2770,9.2902
2026-10-04 18:33:55,194239,38.9063,44934283,50.5680,41.2764,9.2916
2026-10-04 18:33:56,194338,38.9261,44958115,50.5644,41.2800,9.2844
2026-10-04 18:33:57,194437,38.9460,44981917,50.5645,41.2799,9.2846
2026-10-04 18:33:57,194536,38.9658,45004838,50.5642,41.2805,9.2836
2026-10-04 18:33:58,194635,38.9856,45028257,50.5638,41.2807,9.2832
2026-10-04 18:33:58,194734,39.0055,45051743,50.5643,41.2807,9.2836
2026-10-04 18:33:59,194833,39.0253,45074352,50.5612,41.2842,9.2770
2026-10-04 18:34:00,194932,39.0451,45098004,50.5644,41.2808,9.2836
2026-10-04 18:34:00,195031,39.0650,45120956,50.5623,41.2828,9.2795
2026-10-04 18:34:01,195130,39.0848,45143340,50.5639,41.2808,9.2831
2026-10-04 18:34:01,195229,39.1046,45166392,50.5633,41.2815,9.2819
2026-10-04 18:34:02,195328,39.1244,45190075,50.5623,41.2819,9.2804
2026-10-04 18:34:02,195427,39.1443,45213040,50.5636,41.2809,9.2827
2026-10-04 18:34:03,195526,39.1641,45236552,50.5626,41.2821,9.2805
2026-10-04 18:34:04,195625,39.1839,45259492,50.5610,41.2834,9.2776
2026-10-04 18:34:05,195724,39.2038,45283146,50.5637,41.2803,9.2833
2026-10-04 18:34:05,195823,39.2236,45306609,50.5628,41.2815,9.2813
2026-10-04 18:34:06,195922,39.2434,45330021,50.5618,41.2823,9.2794
2026-10-04 18:34:07,196021,39.2633,45354075,50.5614,41.2820,9.2795
2026-10-04 18:34:07,196120,39.2831,45377408,50.5603,41.2829,9.2773
2026-10-04 18:34:08,196219,39.3029,45400836,50.5600,41.2833,9.2767
2026-10-04 18:34:09,196318,39.3227,45424204,50.5592,41.2840,9.2752
2026-10-04 18:34:10,196417,39.3426,45446573,50.5586,41.2843,9.2743
2026-10-04 18:34:11,196516,39.3624,45470051,50.5572,41.2857,9.2715
2026-10-04 18:34:11,196615,39.3822,45493277,50.5577,41.2850,9.2727
2026-10-04 18:34:12,196714,39.4021,45516994,50.5568,41.2856,9.2712
2026-10-04 18:34:14,196813,39.4219,45539994,50.5554,41.2869,9.2685
2026-10-04 18:34:15,196912,39.4417,45562567,50.5542,41.2883,9.2659
2026-10-04 18:34:16,197011,39.4616,45586178,50.5525,41.2899,9.2626
2026-10-04 18:34:41,197110,39.4814,45608631,50.5504,41.2921,9.2583
2026-10-04 18:34:42,197209,39.5012,45631585,50.5505,41.2921,9.2585
2026-10-04 18:34:44,197308,39.5210,45655068,50.5484,41.2941,9.2543
2026-10-04 18:34:45,197407,39.5409,45678266,50.5474,41.2952,9.2523
2026-10-04 18:34:46,197506,39.5607,45701594,50.5464,41.2962,9.2502
2026-10-04 18:34:47,197605,39.5805,45724633,50.5468,41.2959,9.2510
2026-10-04 18:34:48,197704,39.6004,45747960,50.5455,41.2973,9.2481
2026-10-04 18:34:50,197803,39.6202,45771527,50.5438,41.2993,9.2445
2026-10-04 18:34:51,197902,39.6400,45795539,50.5435,41.2993,9.2442
2026-10-04 18:34:52,198001,39.6598,45818062,50.5421,41.3010,9.2411
2026-10-04 18:34:53,198100,39.6797,45841171,50.5422,41.3011,9.2411
2026-10-04 18:34:54,198199,39.6995,45864604,50.5409,41.3022,9.2388
2026-10-04 18:34:54,198298,39.7193,45888200,50.5420,41.3014,9.2406
2026-10-04 18:34:55,198397,39.7392,45911503,50.5409,41.3027,9.2383
2026-10-04 18:34:56,198496,39.7590,45934536,50.5403,41.3031,9.2371
2026-10-04 18:34:56,198595,39.7788,45957249,50.5399,41.3040,9.2359
2026-10-04 18:34:57,198694,39.7987,45979824,50.5354,41.3086,9.2268
2026-10-04 18:34:58,198793,39.8185,46003644,50.5366,41.3073,9.2292
2026-10-04 18:34:58,198892,39.8383,46026133,50.5356,41.3083,9.2273
2026-10-04 18:34:59,198991,39.8581,46049864,50.5361,41.3076,9.2284
2026-10-04 18:34:59,199090,39.8780,46073445,50.5364,41.3076,9.2288
2026-10-04 18:35:00,199189,39.8978,46096443,50.5349,41.3087,9.2263
2026-10-04 18:35:01,199288,39.9176,46120295,50.5334,41.3100,9.2233
2026-10-04 18:35:01,199387,39.9375,46143132,50.5316,41.3118,9.2198
2026-10-04 18:35:02,199486,39.9573,46167137,50.5297,41.3128,9.2169
2026-10-04 18:35:02,199585,39.9771,46190264,50.5293,41.3136,9.2158
2026-10-04 18:35:03,199684,39.9970,46213344,50.5266,41.3158,9.2108
2026-10-04 18:35:04,199783,40.0168,46235981,50.5256,41.3167,9.2089
2026-10-04 18:35:04,199882,40.0366,46259168,50.5263,41.3157,9.2105
2026-10-04 18:35:05,199981,40.0564,46282641,50.5241,41.3174,9.2067
2026-10-04 18:35:05,200080,40.0763,46305587,50.5243,41.3171,9.2072
2026-10-04 18:35:06,200179,40.0961,46328104,50.5225,41.3191,9.2034
2026-10-04 18:35:07,200278,40.1159,46351674,50.5212,41.3199,9.2013
2026-10-04 18:35:07,200377,40.1358,46374857,50.5202,41.3211,9.1991
2026-10-04 18:35:08,200476,40.1556,46397581,50.5177,41.3234,9.1943
2026-10-04 18:35:08,200575,40.1754,46420494,50.5178,41.3231,9.1947
2026-10-04 18:35:09,200674,40.1953,46443335,50.5142,41.3270,9.1872
2026-10-04 18:35:10,200773,40.2151,46467368,50.5131,41.3280,9.1850
2026-10-04 18:35:10,200872,40.2349,46490457,50.5124,41.3288,9.1835
2026-10-04 18:35:11,200971,40.2547,46513480,50.5117,41.3289,9.1828
2026-10-04 18:35:11,201070,40.2746,46537219,50.5130,41.3276,9.1854
2026-10-04 18:35:12,201169,40.2944,46559906,50.5096,41.3308,9.1788
2026-10-04 18:35:12,201268,40.3142,46583469,50.5119,41.3284,9.1835
2026-10-04 18:35:13,201367,40.3341,46606909,50.5089,41.3317,9.1772
2026-10-04 18:35:14,201466,40.3539,46630087,50.5077,41.3323,9.1754
2026-10-04 18:35:15,201565,40.3737,46653582,50.5079,41.3317,9.1762
2026-10-04 18:35:15,201664,40.3936,46676184,50.5068,41.3329,9.1739
2026-10-04 18:35:16,201763,40.4134,46699217,50.5050,41.3342,9.1709
2026-10-04 18:35:17,201862,40.4332,46722669,50.5032,41.3357,9.1675
2026-10-04 18:35:41,201961,40.4530,46745349,50.5006,41.3382,9.1624
2026-10-04 18:35:42,202060,40.4729,46768618,50.4995,41.3392,9.1602
2026-10-04 18:35:43,202159,40.4927,46791433,50.4979,41.3411,9.1569
2026-10-04 18:35:44,202258,40.5125,46814834,50.4965,41.3427,9.1538
2026-10-04 18:35:45,202357,40.5324,46837989,50.4958,41.3434,9.1524
2026-10-04 18:35:46,202456,40.5522,46861594,50.4942,41.3451,9.1491
2026-10-04 18:35:47,202555,40.5720,46884694,50.4936,41.3458,9.1478
2026-10-04 18:35:48,202654,40.5919,46908121,50.4927,41.3467,9.1460
2026-10-04 18:35:50,202753,40.6117,46931235,50.4902,41.3490,9.1412
2026-10-04 18:35:51,202852,40.6315,46954540,50.4893,41.3501,9.1392
2026-10-04 18:35:52,202951,40.6513,46977807,50.4887,41.3506,9.1380
2026-10-04 18:35:53,203050,40.6712,47000901,50.4887,41.3509,9.1377
2026-10-04 18:35:54,203149,40.6910,47024452,50.4884,41.3508,9.1376
2026-10-04 18:35:55,203248,40.7108,47047307,50.4881,41.3510,9.1371
2026-10-04 18:35:55,203347,40.7307,47069692,50.4869,41.3520,9.1349
2026-10-04 18:35:56,203446,40.7505,47093685,50.4856,41.3530,9.1326
2026-10-04 18:35:57,203545,40.7703,47117307,50.4844,41.3545,9.1299
2026-10-04 18:35:58,203644,40.7901,47140798,50.4825,41.3563,9.1263
2026-10-04 18:35:59,203743,40.8100,47163890,50.4827,41.3560,9.1266
2026-10-04 18:36:00,203842,40.8298,47188632,50.4827,41.3559,9.1268
2026-10-04 18:36:00,203941,40.8496,47211885,50.4816,41.3570,9.1245
2026-10-04 18:36:01,204040,40.8695,47234397,50.4812,41.3568,9.1244
2026-10-04 18:36:01,204139,40.8893,47257295,50.4812,41.3567,9.1245
2026-10-04 18:36:02,204238,40.9091,47279979,50.4777,41.3603,9.1174
2026-10-04 18:36:03,204337,40.9290,47303485,50.4796,41.3586,9.1210
2026-10-04 18:36:03,204436,40.9488,47326904,50.4772,41.3610,9.1162
2026-10-04 18:36:04,204535,40.9686,47349959,50.4769,41.3608,9.1161
2026-10-04 18:36:04,204634,40.9884,47372029,50.4769,41.3614,9.1155
2026-10-04 18:36:05,204733,41.0083,47395144,50.4758,41.3620,9.1138
2026-10-04 18:36:05,204832,41.0281,47418468,50.4764,41.3613,9.1150
2026-10-04 18:36:06,204931,41.0479,47441441,50.4736,41.3642,9.1094
2026-10-04 18:36:07,205030,41.0678,47464667,50.4749,41.3626,9.1123
2026-10-04 18:36:07,205129,41.0876,47487239,50.4724,41.3658,9.1065
2026-10-04 18:36:08,205228,41.1074,47510818,50.4728,41.3651,9.1077
2026-10-04 18:36:08,205327,41.1273,47534196,50.4722,41.3660,9.1062
2026-10-04 18:36:09,205426,41.1471,47557128,50.4705,41.3674,9.1031
2026-10-04 18:36:09,205525,41.1669,47580653,50.4722,41.3660,9.1062
2026-10-04 18:36:10,205624,41.1867,47603138,50.4708,41.3672,9.1036
2026-10-04 18:36:10,205723,41.2066,47626916,50.4715,41.3666,9.1049
2026-10-04 18:36:11,205822,41.2264,47650276,50.4677,41.3707,9.0970
2026-10-04 18:36:11,205921,41.2462,47673546,50.4695,41.3685,9.1010
2026-10-04 18:36:12,206020,41.2661,47695812,50.4668,41.3715,9.0954
2026-10-04 18:36:13,206119,41.2859,47719691,50.4652,41.3728,9.0924
2026-10-04 18:36:14,206218,41.3057,47743713,50.4662,41.3716,9.0946
2026-10-04 18:36:14,206317,41.3256,47766691,50.4660,41.3721,9.0939
2026-10-04 18:36:15,206416,41.3454,47789489,50.4645,41.3732,9.0913
2026-10-04 18:36:16,206515,41.3652,47813321,50.4633,41.3743,9.0890
2026-10-04 18:36:17,206614,41.3850,47836005,50.4631,41.3745,9.0886
2026-10-04 18:36:18,206713,41.4049,47859222,50.4617,41.3760,9.0857
2026-10-04 18:36:21,206812,41.4247,47882914,50.4596,41.3779,9.0817
2026-10-04 18:36:41,206911,41.4445,47906340,50.4570,41.3805,9.0766
2026-10-04 18:36:42,207010,41.4644,47929562,50.4556,41.3821,9.0735
2026-10-04 18:36:43,207109,41.4842,47952510,50.4535,41.3840,9.0694
2026-10-04 18:36:44,207208,41.5040,47975686,50.4531,41.3842,9.0689
2026-10-04 18:36:45,207307,41.5239,47998716,50.4519,41.3850,9.0669
2026-10-04 18:36:46,207406,41.5437,48022085,50.4526,41.3844,9.0682
2026-10-04 18:36:46,207505,41.5635,48045583,50.4516,41.3855,9.0661
2026-10-04 18:36:47,207604,41.5833,48068395,50.4504,41.3867,9.0637
2026-10-04 18:36:48,207703,41.6032,48091963,50.4496,41.3870,9.0626
2026-10-04 18:36:49,207802,41.6230,48115784,50.4483,41.3881,9.0603
2026-10-04 18:36:49,207901,41.6428,48139379,50.4489,41.3873,9.0616
2026-10-04 18:36:50,208000,41.6627,48163076,50.4447,41.3915,9.0532
2026-10-04 18:36:51,208099,41.6825,48186334,50.4454,41.3907,9.0546
2026-10-04 18:36:51,208198,41.7023,48210128,50.4444,41.3919,9.0526
2026-10-04 18:36:52,208297,41.7222,48233503,50.4444,41.3917,9.0526
2026-10-04 18:36:53,208396,41.7420,48257667,50.4443,41.3919,9.0524
2026-10-04 18:36:54,208495,41.7618,48280527,50.4421,41.3941,9.0480
2026-10-04 18:36:54,208594,41.7816,48304333,50.4414,41.3947,9.0467
2026-10-04 18:36:56,208693,41.8015,48327260,50.4397,41.3964,9.0434
2026-10-04 18:36:57,208792,41.8213,48350218,50.4393,41.3967,9.0427
2026-10-04 18:36:57,208891,41.8411,48373758,50.4385,41.3975,9.0409
2026-10-04 18:36:58,208990,41.8610,48396236,50.4362,41.4000,9.0362
2026-10-04 18:36:59,209089,41.8808,48419013,50.4352,41.4010,9.0343
2026-10-04 18:37:00,209188,41.9006,48442293,50.4348,41.4011,9.0337
2026-10-04 18:37:01,209287,41.9204,48464890,50.4346,41.4014,9.0332
2026-10-04 18:37:02,209386,41.9403,48487711,50.4345,41.4015,9.0330
2026-10-04 18:37:02,209485,41.9601,48510592,50.4329,41.4035,9.0295
2026-10-04 18:37:03,209584,41.9799,48532745,50.4315,41.4050,9.0265
2026-10-04 18:37:04,209683,41.9998,48556025,50.4298,41.4069,9.0229
2026-10-04 18:37:05,209782,42.0196,48580593,50.4308,41.4059,9.0249
2026-10-04 18:37:06,209881,42.0394,48604036,50.4315,41.4050,9.0266
2026-10-04 18:37:07,209980,42.0593,48627020,50.4291,41.4078,9.0213
2026-10-04 18:37:08,210079,42.0791,48650128,50.4293,41.4078,9.0214
2026-10-04 18:37:09,210178,42.0989,48673137,50.4274,41.4100,9.0175
2026-10-04 18:37:10,210277,42.1187,48696963,50.4268,41.4104,9.0163
2026-10-04 18:37:11,210376,42.1386,48720500,50.4256,41.4116,9.0140
2026-10-04 18:37:12,210475,42.1584,48742883,50.4234,41.4138,9.0096
2026-10-04 18:37:14,210574,42.1782,48767014,50.4221,41.4148,9.0074
2026-10-04 18:37:15,210673,42.1981,48789944,50.4204,41.4163,9.0041
2026-10-04 18:37:16,210772,42.2179,48814159,50.4192,41.4174,9.0018
2026-10-04 18:37:18,210871,42.2377,48837782,50.4179,41.4186,8.9992
2026-10-04 18:37:19,210970,42.2576,48860722,50.4169,41.4193,8.9976
2026-10-04 18:37:20,211069,42.2774,48884034,50.4151,41.4211,8.9940
2026-10-04 18:37:22,211168,42.2972,48906954,50.4147,41.4215,8.9932
2026-10-04 18:37:23,211267,42.3170,48930963,50.4153,41.4212,8.9941
2026-10-04 18:37:25,211366,42.3369,48954063,50.4144,41.4223,8.9921
2026-10-04 18:37:26,211465,42.3567,48977595,50.4133,41.4235,8.9898
2026-10-04 18:37:27,211564,42.3765,49001701,50.4136,41.4231,8.9905
2026-10-04 18:37:29,211663,42.3964,49024681,50.4122,41.4245,8.9877
2026-10-04 18:37:41,211762,42.4162,49047460,50.4121,41.4245,8.9875
2026-10-04 18:37:42,211861,42.4360,49071157,50.4119,41.4246,8.9873
2026-10-04 18:37:43,211960,42.4559,49094388,50.4121,41.4248,8.9873
2026-10-04 18:37:44,212059,42.4757,49117432,50.4098,41.4272,8.9826
2026-10-04 18:37:45,212158,42.4955,49141004,50.4089,41.4280,8.9808
2026-10-04 18:37:46,212257,42.5153,49163550,50.4086,41.4285,8.9802
2026-10-04 18:37:46,212356,42.5352,49187284,50.4096,41.4278,8.9819
2026-10-04 18:37:47,212455,42.5550,49210052,50.4092,41.4279,8.9813
2026-10-04 18:37:48,212554,42.5748,49233373,50.4098,41.4275,8.9822
2026-10-04 18:37:48,212653,42.5947,49256367,50.4081,41.4294,8.9787
2026-10-04 18:37:49,212752,42.6145,49279467,50.4079,41.4295,8.9784
2026-10-04 18:37:49,212851,42.6343,49302735,50.4089,41.4288,8.9801
2026-10-04 18:37:50,212950,42.6542,49325264,50.4064,41.4315,8.9748
2026-10-04 18:37:51,213049,42.6740,49349027,50.4074,41.4302,8.9771
2026-10-04 18:37:51,213148,42.6938,49372907,50.4070,41.4307,8.9763
2026-10-04 18:37:52,213247,42.7136,49395498,50.4058,41.4317,8.9741
2026-10-04 18:37:52,213346,42.7335,49420142,50.4072,41.4301,8.9771
2026-10-04 18:37:53,213445,42.7533,49443431,50.4046,41.4329,8.9716
2026-10-04 18:37:54,213544,42.7731,49467641,50.4041,41.4331,8.9710
2026-10-04 18:37:54,213643,42.7930,49491230,50.4021,41.4356,8.9664
2026-10-04 18:37:55,213742,42.8128,49514256,50.4029,41.4345,8.9684
2026-10-04 18:37:55,213841,42.8326,49538143,50.4020,41.4357,8.9663
2026-10-04 18:37:56,213940,42.8525,49562373,50.4013,41.4361,8.9652
2026-10-04 18:37:56,214039,42.8723,49587184,50.4023,41.4355,8.9667
2026-10-04 18:37:57,214138,42.8921,49610883,50.4006,41.4367,8.9638
2026-10-04 18:37:57,214237,42.9119,49634486,50.4018,41.4358,8.9660
2026-10-04 18:37:58,214336,42.9318,49657876,50.3999,41.4379,8.9620
2026-10-04 18:37:59,214435,42.9516,49681716,50.4009,41.4365,8.9644
2026-10-04 18:37:59,214534,42.9714,49705107,50.3982,41.4397,8.9585
2026-10-04 18:38:00,214633,42.9913,49729901,50.3988,41.4391,8.9597
2026-10-04 18:38:00,214732,43.0111,49754053,50.3986,41.4389,8.9597
2026-10-04 18:38:01,214831,43.0309,49777811,50.3975,41.4392,8.9583
2026-10-04 18:38:01,214930,43.0507,49801517,50.3988,41.4383,8.9605
2026-10-04 18:38:02,215029,43.0706,49824624,50.3959,41.4412,8.9547
2026-10-04 18:38:02,215128,43.0904,49848589,50.3969,41.4402,8.9568
2026-10-04 18:38:03,215227,43.1102,49872208,50.3953,41.4421,8.9532
2026-10-04 18:38:04,215326,43.1301,49894923,50.3949,41.4422,8.9527
2026-10-04 18:38:04,215425,43.1499,49918207,50.3930,41.4441,8.9489
2026-10-04 18:38:05,215524,43.1697,49942094,50.3921,41.4450,8.9471
2026-10-04 18:38:05,215623,43.1896,49965906,50.3930,41.4443,8.9487
2026-10-04 18:38:06,215722,43.2094,49988688,50.3924,41.4446,8.9478
2026-10-04 18:38:06,215821,43.2292,50012245,50.3922,41.4449,8.9473
2026-10-04 18:38:07,215920,43.2490,50035763,50.3904,41.4468,8.9435
2026-10-04 18:38:08,216019,43.2689,50059563,50.3893,41.4475,8.9418
2026-10-04 18:38:08,216118,43.2887,50082661,50.3893,41.4476,8.9417
2026-10-04 18:38:09,216217,43.3085,50106820,50.3867,41.4499,8.9368
2026-10-04 18:38:10,216316,43.3284,50130479,50.3858,41.4503,8.9356
2026-10-04 18:38:11,216415,43.3482,50154399,50.3839,41.4519,8.9320
2026-10-04 18:38:12,216514,43.3680,50178203,50.3833,41.4522,8.9311
2026-10-04 18:38:41,216613,43.3879,50201787,50.3827,41.4523,8.9305
2026-10-04 18:38:42,216712,43.4077,50225327,50.3832,41.4518,8.9314
2026-10-04 18:38:43,216811,43.4275,50248791,50.3821,41.4528,8.9293
2026-10-04 18:38:45,216910,43.4473,50271486,50.3818,41.4528,8.9290
2026-10-04 18:38:45,217009,43.4672,50294168,50.3808,41.4539,8.9268
2026-10-04 18:38:46,217108,43.4870,50317444,50.3793,41.4556,8.9238
2026-10-04 18:38:47,217207,43.5068,50340424,50.3783,41.4567,8.9216
2026-10-04 18:38:48,217306,43.5267,50365046,50.3781,41.4566,8.9215
2026-10-04 18:38:49,217405,43.5465,50388408,50.3766,41.4582,8.9185
2026-10-04 18:38:50,217504,43.5663,50412825,50.3749,41.4602,8.9147
2026-10-04 18:38:50,217603,43.5862,50436965,50.3761,41.4592,8.9169
2026-10-04 18:38:51,217702,43.6060,50460979,50.3735,41.4620,8.9114
2026-10-04 18:38:52,217801,43.6258,50484500,50.3722,41.4634,8.9088
2026-10-04 18:38:53,217900,43.6456,50507143,50.3701,41.4657,8.9043
2026-10-04 18:38:54,217999,43.6655,50530611,50.3687,41.4672,8.9014
2026-10-04 18:38:55,218098,43.6853,50554295,50.3677,41.4681,8.8996
2026-10-04 18:38:56,218197,43.7051,50577026,50.3671,41.4687,8.8984
2026-10-04 18:38:56,218296,43.7250,50599896,50.3654,41.4706,8.8948
2026-10-04 18:38:57,218395,43.7448,50623801,50.3634,41.4727,8.8907
2026-10-04 18:38:58,218494,43.7646,50646463,50.3649,41.4710,8.8939
2026-10-04 18:38:58,218593,43.7845,50669228,50.3648,41.4709,8.8939
2026-10-04 18:38:59,218692,43.8043,50691387,50.3640,41.4713,8.8927
2026-10-04 18:38:59,218791,43.8241,50715680,50.3655,41.4698,8.8958
2026-10-04 18:39:00,218890,43.8439,50739324,50.3640,41.4717,8.8923
2026-10-04 18:39:01,218989,43.8638,50762089,50.3639,41.4718,8.8921
2026-10-04 18:39:01,219088,43.8836,50785521,50.3642,41.4716,8.8926
2026-10-04 18:39:02,219187,43.9034,50808632,50.3623,41.4736,8.8887
2026-10-04 18:39:02,219286,43.9233,50832605,50.3638,41.4722,8.8916
2026-10-04 18:39:03,219385,43.9431,50856083,50.3616,41.4743,8.8873
2026-10-04 18:39:03,219484,43.9629,50880158,50.3636,41.4721,8.8915
2026-10-04 18:39:04,219583,43.9828,50902527,50.3617,41.4741,8.8876
2026-10-04 18:39:05,219682,44.0026,50926482,50.3615,41.4739,8.8877
2026-10-04 18:39:05,219781,44.0224,50949969,50.3621,41.4732,8.8890
2026-10-04 18:39:06,219880,44.0422,50973537,50.3599,41.4753,8.8847
2026-10-04 18:39:07,219979,44.0621,50996136,50.3582,41.4769,8.8813
2026-10-04 18:39:08,220078,44.0819,51018875,50.3575,41.4774,8.8801
2026-10-04 18:39:08,220177,44.1017,51041949,50.3582,41.4766,8.8816
2026-10-04 18:39:09,220276,44.1216,51065053,50.3574,41.4773,8.8801
2026-10-04 18:39:10,220375,44.1414,51087852,50.3547,41.4800,8.8747
2026-10-04 18:39:11,220474,44.1612,51111365,50.3547,41.4797,8.8750
2026-10-04 18:39:12,220573,44.1810,51134870,50.3538,41.4803,8.8735
2026-10-04 18:39:13,220672,44.2009,51157975,50.3530,41.4807,8.8723
2026-10-04 18:39:14,220771,44.2207,51181292,50.3532,41.4801,8.8731
2026-10-04 18:39:16,220870,44.2405,51204595,50.3531,41.4798,8.8732
2026-10-04 18:39:18,220969,44.2604,51227462,50.3532,41.4795,8.8737
2026-10-04 18:39:20,221068,44.2802,51250459,50.3535,41.4792,8.8744
2026-10-04 18:39:22,221167,44.3000,51273748,50.3527,41.4799,8.8728
2026-10-04 18:39:24,221266,44.3199,51296316,50.3509,41.4816,8.8692
2026-10-04 18:39:26,221365,44.3397,51318937,50.3502,41.4823,8.8679
2026-10-04 18:39:28,221464,44.3595,51341622,50.3504,41.4819,8.8685
2026-10-04 18:39:41,221563,44.3793,51365045,50.3520,41.4802,8.8718
2026-10-04 18:39:43,221662,44.3992,51388559,50.3525,41.4796,8.8729
2026-10-04 18:39:43,221761,44.4190,51411121,50.3522,41.4799,8.8722
2026-10-04 18:39:44,221860,44.4388,51433051,50.3516,41.4809,8.8707
2026-10-04 18:39:45,221959,44.4587,51455553,50.3494,41.4834,8.8659
2026-10-04 18:39:46,222058,44.4785,51479606,50.3505,41.4821,8.8684
2026-10-04 18:39:46,222157,44.4983,51502151,50.3508,41.4819,8.8689
2026-10-04 18:39:47,222256,44.5182,51525354,50.3474,41.4854,8.8619
2026-10-04 18:39:48,222355,44.5380,51549321,50.3485,41.4844,8.8641
2026-10-04 18:39:48,222454,44.5578,51572976,50.3480,41.4849,8.8632
2026-10-04 18:39:49,222553,44.5776,51595856,50.3463,41.4862,8.8601
2026-10-04 18:39:49,222652,44.5975,51619660,50.3473,41.4847,8.8626
2026-10-04 18:39:50,222751,44.6173,51641593,50.3446,41.4877,8.8569
2026-10-04 18:39:51,222850,44.6371,51665017,50.3432,41.4887,8.8546
2026-10-04 18:39:51,222949,44.6570,51687894,50.3433,41.4887,8.8547
2026-10-04 18:39:52,223048,44.6768,51711449,50.3416,41.4900,8.8516
2026-10-04 18:39:52,223147,44.6966,51733887,50.3423,41.4894,8.8529
2026-10-04 18:39:53,223246,44.7165,51757508,50.3411,41.4901,8.8510
2026-10-04 18:39:53,223345,44.7363,51781542,50.3420,41.4894,8.8525
2026-10-04 18:39:54,223444,44.7561,51805132,50.3400,41.4915,8.8485
2026-10-04 18:39:55,223543,44.7759,51829323,50.3399,41.4909,8.8490
2026-10-04 18:39:55,223642,44.7958,51853059,50.3400,41.4912,8.8488
2026-10-04 18:39:56,223741,44.8156,51876157,50.3395,41.4912,8.8483
2026-10-04 18:39:56,223840,44.8354,51900561,50.3408,41.4896,8.8513
2026-10-04 18:39:57,223939,44.8553,51923976,50.3387,41.4920,8.8467
2026-10-04 18:39:58,224038,44.8751,51948051,50.3383,41.4922,8.8461
2026-10-04 18:39:58,224137,44.8949,51971157,50.3386,41.4919,8.8467
2026-10-04 18:39:59,224236,44.9148,51994857,50.3366,41.4935,8.8431
2026-10-04 18:40:00,224335,44.9346,52018674,50.3359,41.4942,8.8417
2026-10-04 18:40:00,224434,44.9544,52041772,50.3354,41.4946,8.8408
2026-10-04 18:40:01,224533,44.9742,52065210,50.3331,41.4966,8.8365
2026-10-04 18:40:01,224632,44.9941,52088681,50.3327,41.4970,8.8358
2026-10-04 18:40:02,224731,45.0139,52111143,50.3298,41.5005,8.8293
2026-10-04 18:40:03,224830,45.0337,52135047,50.3284,41.5017,8.8267
2026-10-04 18:40:03,224929,45.0536,52158213,50.3277,41.5026,8.8251
2026-10-04 18:40:04,225028,45.0734,52180957,50.3261,41.5038,8.8223
2026-10-04 18:40:04,225127,45.0932,52204272,50.3271,41.5029,8.8242
2026-10-04 18:40:05,225226,45.1131,52226565,50.3251,41.5049,8.8202
2026-10-04 18:40:06,225325,45.1329,52249944,50.3236,41.5060,8.8177
2026-10-04 18:40:06,225424,45.1527,52274181,50.3251,41.5044,8.8207
2026-10-04 18:40:07,225523,45.1725,52297340,50.3237,41.5060,8.8177
2026-10-04 18:40:08,225622,45.1924,52320688,50.3215,41.5083,8.8132
2026-10-04 18:40:09,225721,45.2122,52344683,50.3204,41.5090,8.8114
2026-10-04 18:40:09,225820,45.2320,52368731,50.3202,41.5092,8.8111
2026-10-04 18:40:10,225919,45.2519,52392231,50.3178,41.5117,8.8060
2026-10-04 18:40:11,226018,45.2717,52416032,50.3177,41.5114,8.8063
2026-10-04 18:40:12,226117,45.2915,52439608,50.3177,41.5112,8.8064
2026-10-04 18:40:13,226216,45.3113,52463020,50.3169,41.5117,8.8052
2026-10-04 18:40:15,226315,45.3312,52487341,50.3165,41.5117,8.8048
2026-10-04 18:40:42,226414,45.3510,52511151,50.3159,41.5117,8.8042
2026-10-04 18:40:42,226513,45.3708,52534287,50.3152,41.5127,8.8025
2026-10-04 18:40:43,226612,45.3907,52557101,50.3130,41.5148,8.7982
2026-10-04 18:40:44,226711,45.4105,52580769,50.3107,41.5170,8.7936
2026-10-04 18:40:45,226810,45.4303,52603660,50.3104,41.5170,8.7933
2026-10-04 18:40:46,226909,45.4502,52627132,50.3104,41.5168,8.7936
2026-10-04 18:40:46,227008,45.4700,52650825,50.3104,41.5167,8.7937
2026-10-04 18:40:47,227107,45.4898,52674181,50.3082,41.5193,8.7889
2026-10-04 18:40:48,227206,45.5096,52697311,50.3062,41.5214,8.7848
2026-10-04 18:40:49,227305,45.5295,52721073,50.3062,41.5211,8.7852
2026-10-04 18:40:49,227404,45.5493,52744902,50.3062,41.5213,8.7850
2026-10-04 18:40:50,227503,45.5691,52768412,50.3027,41.5250,8.7778
2026-10-04 18:40:51,227602,45.5890,52791115,50.3031,41.5244,8.7787
2026-10-04 18:40:51,227701,45.6088,52814982,50.3030,41.5249,8.7780
2026-10-04 18:40:52,227800,45.6286,52838658,50.2996,41.5282,8.7714
2026-10-04 18:40:53,227899,45.6485,52862834,50.3001,41.5275,8.7726
2026-10-04 18:40:53,227998,45.6683,52886068,50.2972,41.5308,8.7664
2026-10-04 18:40:54,228097,45.6881,52909585,50.2977,41.5299,8.7678
2026-10-04 18:40:54,228196,45.7079,52932343,50.2977,41.5303,8.7674
2026-10-04 18:40:55,228295,45.7278,52955568,50.2960,41.5316,8.7644
2026-10-04 18:40:55,228394,45.7476,52978646,50.2970,41.5308,8.7661
2026-10-04 18:40:56,228493,45.7674,53002246,50.2955,41.5321,8.7634
2026-10-04 18:40:56,228592,45.7873,53025552,50.2963,41.5315,8.7648
2026-10-04 18:40:57,228691,45.8071,53048956,50.2944,41.5328,8.7617
2026-10-04 18:40:57,228790,45.8269,53073094,50.2945,41.5327,8.7618
2026-10-04 18:40:58,228889,45.8468,53096740,50.2921,41.5349,8.7572
2026-10-04 18:40:58,228988,45.8666,53120280,50.2942,41.5327,8.7615
2026-10-04 18:40:59,229087,45.8864,53142885,50.2902,41.5366,8.7536
2026-10-04 18:41:00,229186,45.9062,53167099,50.2909,41.5357,8.7552
2026-10-04 18:41:00,229285,45.9261,53190294,50.2918,41.5347,8.7572
2026-10-04 18:41:01,229384,45.9459,53214269,50.2906,41.5351,8.7555
2026-10-04 18:41:01,229483,45.9657,53238425,50.2913,41.5344,8.7569
2026-10-04 18:41:02,229582,45.9856,53261535,50.2890,41.5363,8.7527
2026-10-04 18:41:03,229681,46.0054,53285753,50.2891,41.5360,8.7531
2026-10-04 18:41:03,229780,46.0252,53309589,50.2894,41.5357,8.7537
2026-10-04 18:41:04,229879,46.0451,53333500,50.2878,41.5369,8.7509
2026-10-04 18:41:04,229978,46.0649,53356442,50.2884,41.5363,8.7522
2026-10-04 18:41:05,230077,46.0847,53379708,50.2877,41.5370,8.7507
2026-10-04 18:41:06,230176,46.1045,53403660,50.2874,41.5365,8.7509
2026-10-04 18:41:06,230275,46.1244,53426557,50.2888,41.5351,8.7537
2026-10-04 18:41:07,230374,46.1442,53450305,50.2860,41.5377,8.7483
2026-10-04 18:41:08,230473,46.1640,53474115,50.2876,41.5357,8.7519
2026-10-04 18:41:08,230572,46.1839,53497290,50.2867,41.5366,8.7501
2026-10-04 18:41:09,230671,46.2037,53520376,50.2863,41.5366,8.7496
2026-10-04 18:41:09,230770,46.2235,53543200,50.2862,41.5364,8.7499
2026-10-04 18:41:10,230869,46.2433,53566672,50.2859,41.5364,8.7495
2026-10-04 18:41:11,230968,46.2632,53589443,50.2836,41.5382,8.7454
2026-10-04 18:41:12,231067,46.2830,53613296,50.2821,41.5394,8.7427
2026-10-04 18:41:13,231166,46.3028,53637138,50.2816,41.5397,8.7419
2026-10-04 18:41:41,231265,46.3227,53659493,50.2803,41.5404,8.7399
2026-10-04 18:41:42,231364,46.3425,53682362,50.2805,41.5404,8.7401
2026-10-04 18:41:44,231463,46.3623,53706352,50.2792,41.5414,8.7378
2026-10-04 18:41:45,231562,46.3822,53730237,50.2781,41.5427,8.7354
2026-10-04 18:41:47,231661,46.4020,53752762,50.2777,41.5433,8.7344
2026-10-04 18:41:47,231760,46.4218,53777085,50.2777,41.5434,8.7343
2026-10-04 18:41:48,231859,46.4416,53800830,50.2765,41.5448,8.7317
2026-10-04 18:41:49,231958,46.4615,53824419,50.2773,41.5439,8.7334
2026-10-04 18:41:50,232057,46.4813,53848067,50.2766,41.5448,8.7317
2026-10-04 18:41:50,232156,46.5011,53871200,50.2762,41.5455,8.7307
2026-10-04 18:41:51,232255,46.5210,53894770,50.2754,41.5461,8.7294
2026-10-04 18:41:51,232354,46.5408,53918655,50.2756,41.5458,8.7298
2026-10-04 18:41:52,232453,46.5606,53942912,50.2746,41.5471,8.7275
2026-10-04 18:41:53,232552,46.5805,53966392,50.2732,41.5479,8.7253
2026-10-04 18:41:54,232651,46.6003,53990314,50.2728,41.5486,8.7242
2026-10-04 18:41:54,232750,46.6201,54013470,50.2721,41.5492,8.7229
2026-10-04 18:41:55,232849,46.6399,54036948,50.2701,41.5511,8.7190
2026-10-04 18:41:56,232948,46.6598,54060375,50.2699,41.5512,8.7187
2026-10-04 18:41:57,233047,46.6796,54083120,50.2688,41.5523,8.7165
2026-10-04 18:41:58,233146,46.6994,54105735,50.2679,41.5529,8.7150
2026-10-04 18:41:59,233245,46.7193,54129448,50.2668,41.5541,8.7127
2026-10-04 18:42:00,233344,46.7391,54152899,50.2664,41.5545,8.7119
2026-10-04 18:42:01,233443,46.7589,54176348,50.2646,41.5562,8.7084
2026-10-04 18:42:02,233542,46.7788,54199361,50.2644,41.5564,8.7080
2026-10-04 18:42:04,233641,46.7986,54222852,50.2627,41.5582,8.7045
2026-10-04 18:42:05,233740,46.8184,54245878,50.2621,41.5586,8.7035
2026-10-04 18:42:06,233839,46.8382,54269421,50.2614,41.5593,8.7021
2026-10-04 18:42:07,233938,46.8581,54293061,50.2623,41.5581,8.7042
2026-10-04 18:42:08,234037,46.8779,54316963,50.2620,41.5585,8.7035
2026-10-04 18:42:09,234136,46.8977,54340424,50.2604,41.5605,8.6999
2026-10-04 18:42:10,234235,46.9176,54363677,50.2601,41.5608,8.6993
2026-10-04 18:42:11,234334,46.9374,54387861,50.2600,41.5609,8.6991
2026-10-04 18:42:11,234433,46.9572,54410861,50.2592,41.5621,8.6971
2026-10-04 18:42:12,234532,46.9771,54433806,50.2582,41.5627,8.6955
2026-10-04 18:42:12,234631,46.9969,54456762,50.2585,41.5624,8.6960
2026-10-04 18:42:13,234730,47.0167,54479858,50.2547,41.5664,8.6884
2026-10-04 18:42:14,234829,47.0365,54503271,50.2561,41.5651,8.6909
2026-10-04 18:42:14,234928,47.0564,54527749,50.2543,41.5670,8.6873
2026-10-04 18:42:15,235027,47.0762,54551051,50.2528,41.5688,8.6840
2026-10-04 18:42:16,235126,47.0960,54574805,50.2527,41.5688,8.6839
2026-10-04 18:42:16,235225,47.1159,54598065,50.2532,41.5685,8.6847
2026-10-04 18:42:17,235324,47.1357,54621852,50.2513,41.5704,8.6809
2026-10-04 18:42:18,235423,47.1555,54645383,50.2494,41.5723,8.6771
2026-10-04 18:42:19,235522,47.1754,54669761,50.2483,41.5730,8.6753
2026-10-04 18:42:19,235621,47.1952,54693505,50.2473,41.5740,8.6733
2026-10-04 18:42:20,235720,47.2150,54717161,50.2463,41.5748,8.6715
2026-10-04 18:42:21,235819,47.2348,54740695,50.2453,41.5760,8.6693
2026-10-04 18:42:22,235918,47.2547,54764703,50.2457,41.5751,8.6706
2026-10-04 18:42:24,236017,47.2745,54789259,50.2437,41.5765,8.6671
2026-10-04 18:42:26,236116,47.2943,54813490,50.2431,41.5770,8.6662
2026-10-04 18:42:41,236215,47.3142,54837103,50.2432,41.5768,8.6665
2026-10-04 18:42:42,236314,47.3340,54860203,50.2432,41.5771,8.6661
2026-10-04 18:42:43,236413,47.3538,54882936,50.2420,41.5786,8.6634
2026-10-04 18:42:44,236512,47.3736,54905793,50.2425,41.5782,8.6643
2026-10-04 18:42:45,236611,47.3935,54929720,50.2405,41.5802,8.6602
2026-10-04 18:42:45,236710,47.4133,54953115,50.2397,41.5810,8.6587
2026-10-04 18:42:46,236809,47.4331,54976192,50.2362,41.5848,8.6515
2026-10-04 18:42:47,236908,47.4530,54999631,50.2369,41.5839,8.6530
2026-10-04 18:42:47,237007,47.4728,55023170,50.2376,41.5835,8.6540
2026-10-04 18:42:48,237106,47.4926,55047331,50.2342,41.5872,8.6470
2026-10-04 18:42:48,237205,47.5125,55071227,50.2340,41.5873,8.6467
2026-10-04 18:42:49,237304,47.5323,55094682,50.2332,41.5887,8.6446
2026-10-04 18:42:50,237403,47.5521,55117815,50.2344,41.5876,8.6467
2026-10-04 18:42:50,237502,47.5719,55142138,50.2339,41.5882,8.6457
2026-10-04 18:42:51,237601,47.5918,55166261,50.2326,41.5896,8.6430
2026-10-04 18:42:52,237700,47.6116,55190621,50.2331,41.5889,8.6442
2026-10-04 18:42:52,237799,47.6314,55214177,50.2335,41.5887,8.6448
2026-10-04 18:42:53,237898,47.6513,55237948,50.2333,41.5889,8.6444
2026-10-04 18:42:53,237997,47.6711,55261725,50.2316,41.5912,8.6404
2026-10-04 18:42:54,238096,47.6909,55285378,50.2301,41.5926,8.6375
2026-10-04 18:42:54,238195,47.7108,55309311,50.2299,41.5932,8.6366
2026-10-04 18:42:55,238294,47.7306,55331957,50.2283,41.5948,8.6335
2026-10-04 18:42:55,238393,47.7504,55355706,50.2290,41.5941,8.6349
2026-10-04 18:42:56,238492,47.7702,55378641,50.2269,41.5963,8.6305
2026-10-04 18:42:56,238591,47.7901,55402879,50.2289,41.5943,8.6346
2026-10-04 18:42:57,238690,47.8099,55426019,50.2260,41.5973,8.6288
2026-10-04 18:42:57,238789,47.8297,55450140,50.2258,41.5974,8.6284
2026-10-04 18:42:58,238888,47.8496,55473770,50.2226,41.6008,8.6218
2026-10-04 18:42:59,238987,47.8694,55497615,50.2238,41.5995,8.6243
2026-10-04 18:42:59,239086,47.8892,55520404,50.2220,41.6016,8.6204
2026-10-04 18:43:00,239185,47.9091,55543836,50.2205,41.6026,8.6179
2026-10-04 18:43:00,239284,47.9289,55566901,50.2195,41.6038,8.6157
2026-10-04 18:43:01,239383,47.9487,55590645,50.2189,41.6040,8.6149
2026-10-04 18:43:01,239482,47.9685,55614744,50.2209,41.6019,8.6190
2026-10-04 18:43:02,239581,47.9884,55638267,50.2174,41.6054,8.6120
2026-10-04 18:43:03,239680,48.0082,55661602,50.2197,41.6031,8.6166
2026-10-04 18:43:03,239779,48.0280,55684359,50.2178,41.6051,8.6127
2026-10-04 18:43:04,239878,48.0479,55707339,50.2165,41.6060,8.6106
2026-10-04 18:43:04,239977,48.0677,55730902,50.2161,41.6062,8.6099
2026-10-04 18:43:05,240076,48.0875,55754533,50.2134,41.6093,8.6041
2026-10-04 18:43:06,240175,48.1074,55777203,50.2120,41.6105,8.6016
2026-10-04 18:43:06,240274,48.1272,55801251,50.2116,41.6107,8.6009
2026-10-04 18:43:07,240373,48.1470,55824523,50.2096,41.6129,8.5966
2026-10-04 18:43:08,240472,48.1668,55847750,50.2074,41.6145,8.5929
2026-10-04 18:43:09,240571,48.1867,55870868,50.2070,41.6149,8.5921
2026-10-04 18:43:10,240670,48.2065,55895135,50.2069,41.6151,8.5918
2026-10-04 18:43:11,240769,48.2263,55918960,50.2052,41.6168,8.5884
2026-10-04 18:43:11,240868,48.2462,55942566,50.2046,41.6176,8.5870
2026-10-04 18:43:13,240967,48.2660,55965349,50.2026,41.6197,8.5829
2026-10-04 18:43:41,241066,48.2858,55989119,50.2020,41.6199,8.5821
2026-10-04 18:43:42,241165,48.3057,56013524,50.2001,41.6221,8.5780
2026-10-04 18:43:43,241264,48.3255,56036398,50.1979,41.6243,8.5736
2026-10-04 18:43:44,241363,48.3453,56060260,50.1978,41.6242,8.5736
2026-10-04 18:43:45,241462,48.3651,56084737,50.1986,41.6230,8.5755
2026-10-04 18:43:46,241561,48.3850,56107774,50.1997,41.6219,8.5778
2026-10-04 18:43:46,241660,48.4048,56131263,50.1994,41.6226,8.5768
2026-10-04 18:43:47,241759,48.4246,56155020,50.1970,41.6252,8.5718
2026-10-04 18:43:48,241858,48.4445,56178728,50.1977,41.6243,8.5734
2026-10-04 18:43:48,241957,48.4643,56201669,50.1964,41.6261,8.5703
2026-10-04 18:43:49,242056,48.4841,56224428,50.1953,41.6271,8.5681
2026-10-04 18:43:49,242155,48.5039,56248494,50.1949,41.6273,8.5675
2026-10-04 18:43:50,242254,48.5238,56271853,50.1930,41.6294,8.5636
2026-10-04 18:43:51,242353,48.5436,56295447,50.1934,41.6289,8.5645
2026-10-04 18:43:51,242452,48.5634,56319126,50.1938,41.6289,8.5649
2026-10-04 18:43:52,242551,48.5833,56343242,50.1931,41.6295,8.5636
2026-10-04 18:43:52,242650,48.6031,56367808,50.1937,41.6289,8.5648
2026-10-04 18:43:53,242749,48.6229,56390891,50.1914,41.6310,8.5604
2026-10-04 18:43:54,242848,48.6428,56414949,50.1919,41.6303,8.5617
2026-10-04 18:43:54,242947,48.6626,56439028,50.1916,41.6308,8.5608
2026-10-04 18:43:55,243046,48.6824,56463044,50.1914,41.6307,8.5607
2026-10-04 18:43:55,243145,48.7022,56486970,50.1929,41.6293,8.5636
2026-10-04 18:43:56,243244,48.7221,56511291,50.1908,41.6315,8.5593
2026-10-04 18:43:57,243343,48.7419,56535233,50.1914,41.6305,8.5609
2026-10-04 18:43:57,243442,48.7617,56558162,50.1902,41.6321,8.5581
2026-10-04 18:43:58,243541,48.7816,56582626,50.1885,41.6335,8.5550
2026-10-04 18:43:58,243640,48.8014,56606327,50.1916,41.6304,8.5612
2026-10-04 18:43:59,243739,48.8212,56630366,50.1892,41.6329,8.5563
2026-10-04 18:44:00,243838,48.8411,56653649,50.1889,41.6331,8.5558
2026-10-04 18:44:00,243937,48.8609,56676732,50.1899,41.6319,8.5580
2026-10-04 18:44:01,244036,48.8807,56701235,50.1874,41.6346,8.5528
2026-10-04 18:44:02,244135,48.9005,56726507,50.1876,41.6339,8.5537
2026-10-04 18:44:02,244234,48.9204,56749549,50.1884,41.6329,8.5555
2026-10-04 18:44:03,244333,48.9402,56772471,50.1872,41.6340,8.5532
2026-10-04 18:44:04,244432,48.9600,56795988,50.1861,41.6349,8.5512
2026-10-04 18:44:05,244531,48.9799,56819877,50.1855,41.6355,8.5499
2026-10-04 18:44:05,244630,48.9997,56843543,50.1864,41.6343,8.5522
2026-10-04 18:44:06,244729,49.0195,56867089,50.1863,41.6342,8.5521
2026-10-04 18:44:07,244828,49.0394,56890687,50.1855,41.6350,8.5505
2026-10-04 18:44:08,244927,49.0592,56915078,50.1850,41.6351,8.5499
2026-10-04 18:44:09,245026,49.0790,56939306,50.1854,41.6344,8.5510
2026-10-04 18:44:10,245125,49.0988,56962634,50.1852,41.6343,8.5509
2026-10-04 18:44:11,245224,49.1187,56986527,50.1846,41.6348,8.5498
2026-10-04 18:44:12,245323,49.1385,57009743,50.1835,41.6360,8.5475
2026-10-04 18:44:13,245422,49.1583,57032942,50.1816,41.6381,8.5435
2026-10-04 18:44:14,245521,49.1782,57056623,50.1803,41.6389,8.5414
2026-10-04 18:44:15,245620,49.1980,57080026,50.1796,41.6395,8.5401
2026-10-04 18:44:17,245719,49.2178,57103161,50.1782,41.6407,8.5375
2026-10-04 18:44:19,245818,49.2377,57127179,50.1783,41.6406,8.5378
2026-10-04 18:44:23,245917,49.2575,57150245,50.1779,41.6406,8.5373
2026-10-04 18:44:42,246016,49.2773,57173827,50.1751,41.6438,8.5313
2026-10-04 18:44:43,246115,49.2971,57197478,50.1728,41.6461,8.5267
2026-10-04 18:44:44,246214,49.3170,57221135,50.1728,41.6461,8.5267
2026-10-04 18:44:45,246313,49.3368,57244723,50.1728,41.6462,8.5266
2026-10-04 18:44:45,246412,49.3566,57268054,50.1731,41.6459,8.5272
2026-10-04 18:44:46,246511,49.3765,57291495,50.1723,41.6469,8.5255
2026-10-04 18:44:47,246610,49.3963,57315193,50.1715,41.6471,8.5244
2026-10-04 18:44:48,246709,49.4161,57339720,50.1724,41.6461,8.5263
2026-10-04 18:44:48,246808,49.4360,57363531,50.1720,41.6470,8.5250
2026-10-04 18:44:49,246907,49.4558,57386714,50.1709,41.6480,8.5230
2026-10-04 18:44:49,247006,49.4756,57410720,50.1712,41.6480,8.5232
2026-10-04 18:44:50,247105,49.4954,57434603,50.1703,41.6487,8.5216
2026-10-04 18:44:51,247204,49.5153,57458320,50.1715,41.6475,8.5240
2026-10-04 18:44:51,247303,49.5351,57481705,50.1701,41.6493,8.5208
2026-10-04 18:44:52,247402,49.5549,57505901,50.1710,41.6484,8.5225
2026-10-04 18:44:52,247501,49.5748,57529451,50.1709,41.6487,8.5222
2026-10-04 18:44:53,247600,49.5946,57553591,50.1693,41.6497,8.5196
2026-10-04 18:44:53,247699,49.6144,57576033,50.1706,41.6485,8.5221
2026-10-04 18:44:54,247798,49.6342,57599924,50.1691,41.6499,8.5192
2026-10-04 18:44:55,247897,49.6541,57624090,50.1704,41.6484,8.5220
2026-10-04 18:44:55,247996,49.6739,57648067,50.1682,41.6506,8.5176
2026-10-04 18:44:56,248095,49.6937,57673297,50.1683,41.6500,8.5183
2026-10-04 18:44:56,248194,49.7136,57696718,50.1685,41.6499,8.5187
2026-10-04 18:44:57,248293,49.7334,57721391,50.1677,41.6501,8.5176
2026-10-04 18:44:57,248392,49.7532,57743614,50.1679,41.6500,8.5179
2026-10-04 18:44:58,248491,49.7731,57767564,50.1657,41.6520,8.5136
2026-10-04 18:44:58,248590,49.7929,57791622,50.1672,41.6503,8.5169
2026-10-04 18:44:59,248689,49.8127,57814837,50.1650,41.6524,8.5126
2026-10-04 18:45:00,248788,49.8325,57839535,50.1650,41.6519,8.5132
2026-10-04 18:45:00,248887,49.8524,57863515,50.1641,41.6532,8.5109
2026-10-04 18:45:01,248986,49.8722,57887313,50.1630,41.6538,8.5092
2026-10-04 18:45:02,249085,49.8920,57911375,50.1633,41.6535,8.5098
2026-10-04 18:45:02,249184,49.9119,57934651,50.1611,41.6562,8.5049
2026-10-04 18:45:03,249283,49.9317,57959461,50.1615,41.6553,8.5062
2026-10-04 18:45:03,249382,49.9515,57982701,50.1608,41.6560,8.5048
2026-10-04 18:45:04,249481,49.9714,58006487,50.1592,41.6575,8.5017
2026-10-04 18:45:04,249580,49.9912,58030684,50.1605,41.6562,8.5043
2026-10-04 18:45:05,249679,50.0110,58054234,50.1594,41.6574,8.5020
2026-10-04 18:45:06,249778,50.0308,58077518,50.1579,41.6586,8.4993
2026-10-04 18:45:06,249877,50.0507,58101745,50.1595,41.6569,8.5026
2026-10-04 18:45:07,249976,50.0705,58124870,50.1583,41.6582,8.5000
2026-10-04 18:45:08,250075,50.0903,58149126,50.1577,41.6582,8.4995
2026-10-04 18:45:08,250174,50.1102,58172582,50.1591,41.6570,8.5021
2026-10-04 18:45:09,250273,50.1300,58196229,50.1571,41.6588,8.4983
2026-10-04 18:45:10,250372,50.1498,58220420,50.1562,41.6594,8.4969
2026-10-04 18:45:10,250471,50.1697,58244208,50.1559,41.6597,8.4963
2026-10-04 18:45:11,250570,50.1895,58268481,50.1547,41.6604,8.4943
2026-10-04 18:45:12,250669,50.2093,58290879,50.1540,41.6609,8.4931
2026-10-04 18:45:14,250768,50.2291,58314217,50.1529,41.6612,8.4917
2026-10-04 18:45:42,250867,50.2490,58338081,50.1515,41.6625,8.4890
2026-10-04 18:45:43,250966,50.2688,58361975,50.1509,41.6630,8.4879
2026-10-04 18:45:44,251065,50.2886,58386499,50.1511,41.6625,8.4885
2026-10-04 18:45:45,251164,50.3085,58410819,50.1502,41.6634,8.4868
2026-10-04 18:45:45,251263,50.3283,58434632,50.1509,41.6626,8.4882
2026-10-04 18:45:46,251362,50.3481,58459031,50.1502,41.6635,8.4867
2026-10-04 18:45:47,251461,50.3680,58482363,50.1493,41.6643,8.4850
2026-10-04 18:45:48,251560,50.3878,58505909,50.1473,41.6661,8.4812
2026-10-04 18:45:49,251659,50.4076,58528992,50.1458,41.6678,8.4779
2026-10-04 18:45:49,251758,50.4274,58552817,50.1453,41.6679,8.4774
2026-10-04 18:45:50,251857,50.4473,58576838,50.1436,41.6695,8.4741
2026-10-04 18:45:51,251956,50.4671,58601482,50.1421,41.6710,8.4711
2026-10-04 18:45:52,252055,50.4869,58625513,50.1419,41.6711,8.4708
2026-10-04 18:45:53,252154,50.5068,58649890,50.1421,41.6706,8.4715
2026-10-04 18:45:54,252253,50.5266,58673567,50.1419,41.6708,8.4711
2026-10-04 18:45:55,252352,50.5464,58697440,50.1411,41.6715,8.4696
2026-10-04 18:45:55,252451,50.5663,58721392,50.1406,41.6718,8.4688
2026-10-04 18:45:56,252550,50.5861,58744925,50.1408,41.6716,8.4692
2026-10-04 18:45:57,252649,50.6059,58768770,50.1385,41.6742,8.4643
2026-10-04 18:45:58,252748,50.6257,58792465,50.1372,41.6754,8.4618
2026-10-04 18:45:59,252847,50.6456,58815920,50.1362,41.6763,8.4599
2026-10-04 18:45:59,252946,50.6654,58840123,50.1369,41.6755,8.4614
2026-10-04 18:46:00,253045,50.6852,58862687,50.1339,41.6786,8.4553
2026-10-04 18:46:01,253144,50.7051,58886477,50.1345,41.6781,8.4564
2026-10-04 18:46:01,253243,50.7249,58910247,50.1324,41.6801,8.4523
2026-10-04 18:46:02,253342,50.7447,58933909,50.1319,41.6806,8.4513
2026-10-04 18:46:02,253441,50.7645,58957857,50.1328,41.6798,8.4530
2026-10-04 18:46:03,253540,50.7844,58980828,50.1309,41.6816,8.4493
2026-10-04 18:46:03,253639,50.8042,59004291,50.1315,41.6813,8.4501
2026-10-04 18:46:04,253738,50.8240,59028528,50.1290,41.6840,8.4450
2026-10-04 18:46:05,253837,50.8439,59052219,50.1298,41.6832,8.4466
2026-10-04 18:46:05,253936,50.8637,59075491,50.1272,41.6862,8.4411
2026-10-04 18:46:06,254035,50.8835,59099380,50.1272,41.6863,8.4409
2026-10-04 18:46:06,254134,50.9034,59122872,50.1281,41.6853,8.4428
2026-10-04 18:46:07,254233,50.9232,59146451,50.1268,41.6864,8.4404
2026-10-04 18:46:07,254332,50.9430,59170817,50.1272,41.6860,8.4412
2026-10-04 18:46:08,254431,50.9628,59194700,50.1243,41.6891,8.4352
2026-10-04 18:46:09,254530,50.9827,59218650,50.1258,41.6875,8.4383
2026-10-04 18:46:09,254629,51.0025,59242162,50.1241,41.6894,8.4347
2026-10-04 18:46:10,254728,51.0223,59266269,50.1224,41.6910,8.4314
2026-10-04 18:46:10,254827,51.0422,59290244,50.1226,41.6908,8.4318
2026-10-04 18:46:11,254926,51.0620,59313823,50.1196,41.6938,8.4258
2026-10-04 18:46:11,255025,51.0818,59338116,50.1204,41.6929,8.4276
2026-10-04 18:46:12,255124,51.1017,59362103,50.1176,41.6961,8.4215
2026-10-04 18:46:13,255223,51.1215,59386118,50.1164,41.6971,8.4193
2026-10-04 18:46:14,255322,51.1413,59409843,50.1163,41.6971,8.4193
2026-10-04 18:46:14,255421,51.1611,59434372,50.1165,41.6969,8.4196
2026-10-04 18:46:15,255520,51.1810,59457961,50.1154,41.6978,8.4175
2026-10-04 18:46:16,255619,51.2008,59481799,50.1136,41.6994,8.4141
2026-10-04 18:46:19,255718,51.2206,59506249,50.1123,41.7006,8.4117
2026-10-04 18:46:43,255817,51.2405,59529718,50.1101,41.7029,8.4072
2026-10-04 18:46:43,255916,51.2603,59553050,50.1096,41.7033,8.4063
2026-10-04 18:46:44,256015,51.2801,59575999,50.1091,41.7042,8.4049
2026-10-04 18:46:45,256114,51.3000,59599450,50.1078,41.7055,8.4023
2026-10-04 18:46:46,256213,51.3198,59623110,50.1055,41.7079,8.3975
2026-10-04 18:46:47,256312,51.3396,59646369,50.1033,41.7099,8.3934
2026-10-04 18:46:47,256411,51.3594,59669571,50.1042,41.7093,8.3950
2026-10-04 18:46:48,256510,51.3793,59692858,50.1011,41.7123,8.3888
2026-10-04 18:46:49,256609,51.3991,59716873,50.1012,41.7118,8.3894
2026-10-04 18:46:49,256708,51.4189,59740548,50.1020,41.7111,8.3910
2026-10-04 18:46:50,256807,51.4388,59764568,50.1006,41.7121,8.3885
2026-10-04 18:46:50,256906,51.4586,59789322,50.1017,41.7109,8.3908
2026-10-04 18:46:51,257005,51.4784,59813686,50.0995,41.7136,8.3859
2026-10-04 18:46:52,257104,51.4983,59837752,50.0994,41.7133,8.3861
2026-10-04 18:46:52,257203,51.5181,59861729,50.0996,41.7131,8.3865
2026-10-04 18:46:53,257302,51.5379,59885922,50.0986,41.7138,8.3849
2026-10-04 18:46:53,257401,51.5577,59909209,50.0997,41.7129,8.3868
2026-10-04 18:46:54,257500,51.5776,59932260,50.0967,41.7159,8.3808
2026-10-04 18:46:55,257599,51.5974,59956160,50.0986,41.7139,8.3847
2026-10-04 18:46:55,257698,51.6172,59979507,50.0968,41.7160,8.3808
2026-10-04 18:46:56,257797,51.6371,60003215,50.0970,41.7155,8.3815
2026-10-04 18:46:56,257896,51.6569,60026972,50.0980,41.7145,8.3835
2026-10-04 18:46:57,257995,51.6767,60051018,50.0969,41.7151,8.3818
2026-10-04 18:46:57,258094,51.6966,60074179,50.0980,41.7141,8.3839
2026-10-04 18:46:58,258193,51.7164,60097857,50.0959,41.7165,8.3795
2026-10-04 18:46:59,258292,51.7362,60122642,50.0957,41.7167,8.3790
2026-10-04 18:46:59,258391,51.7560,60146190,50.0947,41.7180,8.3767
2026-10-04 18:47:00,258490,51.7759,60171210,50.0944,41.7176,8.3768
2026-10-04 18:47:00,258589,51.7957,60194298,50.0948,41.7173,8.3775
2026-10-04 18:47:01,258688,51.8155,60218201,50.0923,41.7199,8.3724
2026-10-04 18:47:01,258787,51.8354,60241830,50.0919,41.7200,8.3718
2026-10-04 18:47:02,258886,51.8552,60264679,50.0889,41.7237,8.3652
2026-10-04 18:47:03,258985,51.8750,60288074,50.0872,41.7253,8.3619
2026-10-04 18:47:03,259084,51.8948,60311673,50.0881,41.7245,8.3637
2026-10-04 18:47:04,259183,51.9147,60335240,50.0855,41.7270,8.3585
2026-10-04 18:47:05,259282,51.9345,60358555,50.0854,41.7270,8.3584
2026-10-04 18:47:05,259381,51.9543,60382156,50.0856,41.7268,8.3588
2026-10-04 18:47:06,259480,51.9742,60405311,50.0822,41.7302,8.3520
2026-10-04 18:47:07,259579,51.9940,60428853,50.0814,41.7308,8.3507
2026-10-04 18:47:07,259678,52.0138,60451855,50.0807,41.7318,8.3489
2026-10-04 18:47:08,259777,52.0337,60475522,50.0786,41.7341,8.3445
2026-10-04 18:47:09,259876,52.0535,60499209,50.0785,41.7337,8.3448
2026-10-04 18:47:10,259975,52.0733,60521723,50.0781,41.7340,8.3441
2026-10-04 18:47:11,260074,52.0931,60545260,50.0766,41.7354,8.3412
2026-10-04 18:47:12,260173,52.1130,60568692,50.0760,41.7361,8.3399
2026-10-04 18:47:13,260272,52.1328,60592799,50.0752,41.7370,8.3382
2026-10-04 18:47:15,260371,52.1526,60615852,50.0735,41.7389,8.3346
2026-10-04 18:47:17,260470,52.1725,60639183,50.0724,41.7401,8.3324
2026-10-04 18:47:21,260569,52.1923,60662629,50.0721,41.7404,8.3318
2026-10-04 18:47:42,260668,52.2121,60685933,50.0715,41.7411,8.3304
2026-10-04 18:47:43,260767,52.2320,60709288,50.0713,41.7413,8.3299
2026-10-04 18:47:44,260866,52.2518,60732430,50.0711,41.7416,8.3295
2026-10-04 18:47:45,260965,52.2716,60756512,50.0708,41.7420,8.3288
2026-10-04 18:47:46,261064,52.2914,60780062,50.0712,41.7415,8.3298
2026-10-04 18:47:47,261163,52.3113,60804493,50.0719,41.7407,8.3312
2026-10-04 18:47:47,261262,52.3311,60827916,50.0714,41.7415,8.3299
2026-10-04 18:47:48,261361,52.3509,60851680,50.0720,41.7406,8.3314
2026-10-04 18:47:49,261460,52.3708,60876285,50.0713,41.7411,8.3302
2026-10-04 18:47:49,261559,52.3906,60899747,50.0725,41.7402,8.3323
2026-10-04 18:47:50,261658,52.4104,60922830,50.0715,41.7411,8.3305
2026-10-04 18:47:50,261757,52.4303,60946777,50.0717,41.7408,8.3310
2026-10-04 18:47:51,261856,52.4501,60970049,50.0702,41.7427,8.3275
2026-10-04 18:47:52,261955,52.4699,60994220,50.0709,41.7417,8.3292
2026-10-04 18:47:52,262054,52.4897,61017803,50.0702,41.7426,8.3276
2026-10-04 18:47:53,262153,52.5096,61041979,50.0702,41.7425,8.3278
2026-10-04 18:47:53,262252,52.5294,61065485,50.0701,41.7430,8.3271
2026-10-04 18:47:54,262351,52.5492,61089590,50.0695,41.7433,8.3263
2026-10-04 18:47:54,262450,52.5691,61113654,50.0712,41.7416,8.3297
2026-10-04 18:47:55,262549,52.5889,61136634,50.0677,41.7452,8.3224
2026-10-04 18:47:56,262648,52.6087,61161210,50.0689,41.7438,8.3251
2026-10-04 18:47:56,262747,52.6286,61185245,50.0669,41.7459,8.3210
2026-10-04 18:47:57,262846,52.6484,61209209,50.0664,41.7462,8.3202
2026-10-04 18:47:57,262945,52.6682,61232823,50.0667,41.7465,8.3202
2026-10-04 18:47:58,263044,52.6880,61255561,50.0658,41.7472,8.3186
2026-10-04 18:47:58,263143,52.7079,61279591,50.0660,41.7474,8.3186
2026-10-04 18:47:59,263242,52.7277,61303727,50.0642,41.7489,8.3153
2026-10-04 18:47:59,263341,52.7475,61326630,50.0645,41.7489,8.3156
2026-10-04 18:48:00,263440,52.7674,61349960,50.0622,41.7514,8.3108
2026-10-04 18:48:00,263539,52.7872,61373955,50.0637,41.7501,8.3136
2026-10-04 18:48:01,263638,52.8070,61397420,50.0608,41.7529,8.3079
2026-10-04 18:48:02,263737,52.8269,61421622,50.0617,41.7521,8.3097
2026-10-04 18:48:02,263836,52.8467,61444826,50.0604,41.7536,8.3067
2026-10-04 18:48:03,263935,52.8665,61468101,50.0612,41.7527,8.3085
2026-10-04 18:48:03,264034,52.8863,61491256,50.0620,41.7520,8.3100
2026-10-04 18:48:04,264133,52.9062,61514419,50.0599,41.7540,8.3059
2026-10-04 18:48:04,264232,52.9260,61538594,50.0602,41.7537,8.3066
2026-10-04 18:48:05,264331,52.9458,61561400,50.0579,41.7562,8.3017
2026-10-04 18:48:06,264430,52.9657,61585611,50.0582,41.7556,8.3026
2026-10-04 18:48:06,264529,52.9855,61609528,50.0585,41.7554,8.3031
2026-10-04 18:48:07,264628,53.0053,61632089,50.0565,41.7575,8.2991
2026-10-04 18:48:07,264727,53.0251,61656024,50.0573,41.7567,8.3006
2026-10-04 18:48:08,264826,53.0450,61678923,50.0548,41.7594,8.2954
2026-10-04 18:48:09,264925,53.0648,61702488,50.0549,41.7593,8.2956
2026-10-04 18:48:10,265024,53.0846,61726376,50.0551,41.7592,8.2959
2026-10-04 18:48:10,265123,53.1045,61748914,50.0549,41.7597,8.2951
2026-10-04 18:48:11,265222,53.1243,61772895,50.0531,41.7612,8.2919
2026-10-04 18:48:12,265321,53.1441,61795403,50.0524,41.7618,8.2907
2026-10-04 18:48:13,265420,53.1640,61818255,50.0522,41.7618,8.2904
2026-10-04 18:48:42,265519,53.1838,61841517,50.0514,41.7624,8.2890
2026-10-04 18:48:43,265618,53.2036,61865325,50.0517,41.7620,8.2897
2026-10-04 18:48:44,265717,53.2234,61887736,50.0504,41.7635,8.2868
2026-10-04 18:48:45,265816,53.2433,61911601,50.0484,41.7657,8.2827
2026-10-04 18:48:46,265915,53.2631,61935216,50.0475,41.7670,8.2805
2026-10-04 18:48:47,266014,53.2829,61958448,50.0463,41.7684,8.2779
2026-10-04 18:48:48,266113,53.3028,61981539,50.0462,41.7687,8.2775
2026-10-04 18:48:49,266212,53.3226,62005866,50.0457,41.7695,8.2762
2026-10-04 18:48:49,266311,53.3424,62028711,50.0453,41.7702,8.2750
2026-10-04 18:48:50,266410,53.3623,62052123,50.0435,41.7720,8.2715
2026-10-04 18:48:51,266509,53.3821,62076387,50.0438,41.7719,8.2719
2026-10-04 18:48:51,266608,53.4019,62100052,50.0440,41.7716,8.2724
2026-10-04 18:48:52,266707,53.4217,62123715,50.0410,41.7752,8.2657
2026-10-04 18:48:53,266806,53.4416,62147419,50.0392,41.7769,8.2623
2026-10-04 18:48:54,266905,53.4614,62170926,50.0388,41.7773,8.2615
2026-10-04 18:48:54,267004,53.4812,62195047,50.0374,41.7789,8.2585
2026-10-04 18:48:55,267103,53.5011,62218651,50.0354,41.7807,8.2547
2026-10-04 18:48:56,267202,53.5209,62241972,50.0345,41.7818,8.2528
2026-10-04 18:48:57,267301,53.5407,62265629,50.0330,41.7833,8.2497
2026-10-04 18:48:58,267400,53.5606,62289540,50.0318,41.7846,8.2472
2026-10-04 18:48:59,267499,53.5804,62313307,50.0312,41.7852,8.2460
2026-10-04 18:48:59,267598,53.6002,62336643,50.0301,41.7865,8.2436
2026-10-04 18:49:00,267697,53.6200,62360204,50.0281,41.7887,8.2393
2026-10-04 18:49:01,267796,53.6399,62383680,50.0272,41.7897,8.2375
2026-10-04 18:49:02,267895,53.6597,62406086,50.0261,41.7909,8.2352
2026-10-04 18:49:03,267994,53.6795,62429735,50.0243,41.7930,8.2313
2026-10-04 18:49:04,268093,53.6994,62452861,50.0233,41.7940,8.2293
2026-10-04 18:49:05,268192,53.7192,62476758,50.0212,41.7963,8.2249
2026-10-04 18:49:06,268291,53.7390,62501152,50.0198,41.7976,8.2222
2026-10-04 18:49:07,268390,53.7589,62525551,50.0187,41.7988,8.2199
2026-10-04 18:49:08,268489,53.7787,62549875,50.0190,41.7984,8.2206
2026-10-04 18:49:09,268588,53.7985,62573598,50.0184,41.7993,8.2191
2026-10-04 18:49:09,268687,53.8183,62596923,50.0175,41.8002,8.2172
2026-10-04 18:49:11,268786,53.8382,62620253,50.0163,41.8015,8.2149
2026-10-04 18:49:12,268885,53.8580,62644189,50.0152,41.8025,8.2127
2026-10-04 18:49:13,268984,53.8778,62667585,50.0143,41.8036,8.2107
2026-10-04 18:49:14,269083,53.8977,62690605,50.0141,41.8039,8.2102
2026-10-04 18:49:14,269182,53.9175,62714454,50.0152,41.8030,8.2121
2026-10-04 18:49:15,269281,53.9373,62738948,50.0125,41.8060,8.2065
2026-10-04 18:49:16,269380,53.9572,62763409,50.0128,41.8056,8.2072
2026-10-04 18:49:17,269479,53.9770,62786576,50.0124,41.8057,8.2067
2026-10-04 18:49:18,269578,53.9968,62809885,50.0127,41.8055,8.2073
2026-10-04 18:49:19,269677,54.0166,62833065,50.0123,41.8061,8.2062
2026-10-04 18:49:21,269776,54.0365,62856963,50.0108,41.8078,8.2030
2026-10-04 18:49:22,269875,54.0563,62880799,50.0104,41.8085,8.2018
2026-10-04 18:49:23,269974,54.0761,62904033,50.0088,41.8102,8.1987
2026-10-04 18:49:24,270073,54.0960,62926999,50.0086,41.8106,8.1980
2026-10-04 18:49:25,270172,54.1158,62951415,50.0086,41.8106,8.1980
2026-10-04 18:49:27,270271,54.1356,62975172,50.0073,41.8121,8.1952
2026-10-04 18:49:42,270370,54.1554,63000299,50.0074,41.8115,8.1959
2026-10-04 18:49:43,270469,54.1753,63023654,50.0055,41.8137,8.1918
2026-10-04 18:49:44,270568,54.1951,63047320,50.0054,41.8138,8.1916
2026-10-04 18:49:45,270667,54.2149,63070722,50.0055,41.8136,8.1918
2026-10-04 18:54:04,270766,54.2348,63094350,50.0036,41.8158,8.1878
2026-10-04 18:54:05,270865,54.2546,63118474,50.0045,41.8150,8.1895
2026-10-04 18:54:06,270964,54.2744,63142596,50.0034,41.8161,8.1873
2026-10-04 18:54:07,271063,54.2943,63166891,50.0025,41.8170,8.1855
2026-10-04 18:54:08,271162,54.3141,63190797,50.0029,41.8167,8.1862
2026-10-04 18:54:10,271261,54.3339,63214496,50.0021,41.8174,8.1848
2026-10-04 18:54:11,271360,54.3537,63237934,50.0010,41.8187,8.1823
2026-10-04 18:54:15,271459,54.3736,63261672,50.0004,41.8191,8.1813
2026-10-04 18:54:16,271558,54.3934,63285045,49.9988,41.8212,8.1776
2026-10-04 18:54:17,271657,54.4132,63308500,49.9995,41.8206,8.1788
2026-10-04 18:54:19,271756,54.4331,63332197,49.9988,41.8212,8.1776
2026-10-04 18:54:20,271855,54.4529,63355510,49.9977,41.8226,8.1751
2026-10-04 18:54:22,271954,54.4727,63379152,49.9966,41.8238,8.1728
2026-10-04 18:54:23,272053,54.4926,63402429,49.9968,41.8235,8.1733
2026-10-04 18:54:25,272152,54.5124,63425694,49.9968,41.8237,8.1731
2026-10-04 18:54:28,272251,54.5322,63448293,49.9961,41.8243,8.1718
2026-10-04 18:54:29,272350,54.5520,63470871,49.9951,41.8254,8.1697
2026-10-04 18:54:30,272449,54.5719,63494641,49.9938,41.8265,8.1673
2026-10-04 18:54:31,272548,54.5917,63518588,49.9931,41.8273,8.1659
2026-10-04 18:54:31,272647,54.6115,63542407,49.9908,41.8299,8.1609
2026-10-04 18:54:32,272746,54.6314,63566021,49.9904,41.8300,8.1604
2026-10-04 18:54:32,272845,54.6512,63590425,49.9908,41.8296,8.1612
2026-10-04 18:54:33,272944,54.6710,63613900,49.9888,41.8316,8.1572
2026-10-04 18:54:34,273043,54.6909,63637744,49.9885,41.8321,8.1564
2026-10-04 18:54:34,273142,54.7107,63661578,49.9868,41.8340,8.1528
2026-10-04 18:54:35,273241,54.7305,63685408,49.9872,41.8337,8.1535
2026-10-04 18:54:35,273340,54.7503,63709237,49.9866,41.8348,8.1518
2026-10-04 18:54:36,273439,54.7702,63732639,49.9863,41.8350,8.1513
2026-10-04 18:54:36,273538,54.7900,63756194,49.9872,41.8347,8.1525
2026-10-04 18:54:37,273637,54.8098,63779059,49.9857,41.8362,8.1495
2026-10-04 18:54:37,273736,54.8297,63802373,49.9857,41.8363,8.1493
2026-10-04 18:54:38,273835,54.8495,63825503,49.9823,41.8396,8.1427
2026-10-04 18:54:38,273934,54.8693,63849359,49.9832,41.8388,8.1445
2026-10-04 18:54:39,274033,54.8892,63872342,49.9810,41.8413,8.1397
2026-10-04 18:54:40,274132,54.9090,63896077,49.9818,41.8405,8.1414
2026-10-04 18:54:40,274231,54.9288,63919105,49.9788,41.8438,8.1351
2026-10-04 18:54:41,274330,54.9486,63942760,49.9793,41.8433,8.1360
2026-10-04 18:54:41,274429,54.9685,63965259,49.9772,41.8458,8.1315
2026-10-04 18:54:42,274528,54.9883,63989413,49.9771,41.8453,8.1318
2026-10-04 18:54:42,274627,55.0081,64013303,49.9766,41.8458,8.1308
2026-10-04 18:54:43,274726,55.0280,64037194,49.9741,41.8484,8.1257
2026-10-04 18:54:43,274825,55.0478,64060861,49.9745,41.8479,8.1265
2026-10-04 18:54:44,274924,55.0676,64084877,49.9716,41.8512,8.1204
2026-10-04 18:54:45,275023,55.0875,64108179,49.9695,41.8531,8.1164
2026-10-04 18:54:45,275122,55.1073,64132261,49.9698,41.8530,8.1168
2026-10-04 18:54:46,275221,55.1271,64156249,49.9666,41.8558,8.1107
2026-10-04 18:54:47,275320,55.1469,64180468,49.9663,41.8558,8.1105
2026-10-04 18:54:47,275419,55.1668,64203514,49.9641,41.8583,8.1058
2026-10-04 18:54:48,275518,55.1866,64228276,49.9634,41.8586,8.1048
2026-10-04 18:54:48,275617,55.2064,64252108,49.9639,41.8579,8.1060
2026-10-04 18:54:49,275716,55.2263,64275202,49.9615,41.8605,8.1010
2026-10-04 18:54:50,275815,55.2461,64299742,49.9608,41.8608,8.1000
2026-10-04 18:54:50,275914,55.2659,64323774,49.9607,41.8609,8.0998
2026-10-04 18:54:51,276013,55.2857,64346356,49.9590,41.8629,8.0962
2026-10-04 18:54:52,276112,55.3056,64369523,49.9580,41.8637,8.0943
2026-10-04 18:54:53,276211,55.3254,64392143,49.9564,41.8654,8.0910
2026-10-04 18:54:54,276310,55.3452,64415894,49.9565,41.8653,8.0912
2026-10-04 18:54:54,276409,55.3651,64439833,49.9552,41.8665,8.0888
2026-10-04 18:54:55,276508,55.3849,64463108,49.9548,41.8670,8.0878
2026-10-04 18:54:56,276607,55.4047,64487164,49.9539,41.8681,8.0859
2026-10-04 18:54:57,276706,55.4246,64510685,49.9525,41.8695,8.0830
2026-10-04 18:54:57,276805,55.4444,64534083,49.9508,41.8715,8.0792
2026-10-04 18:54:58,276904,55.4642,64558495,49.9487,41.8732,8.0755
2026-10-04 18:54:58,277003,55.4840,64582757,49.9479,41.8744,8.0735
2026-10-04 18:54:59,277102,55.5039,64605436,49.9463,41.8760,8.0702
2026-10-04 18:54:59,277201,55.5237,64628858,49.9466,41.8761,8.0705
2026-10-04 18:55:00,277300,55.5435,64652184,49.9440,41.8786,8.0654
2026-10-04 18:55:00,277399,55.5634,64676324,49.9438,41.8791,8.0646
2026-10-04 18:55:01,277498,55.5832,64700487,49.9414,41.8816,8.0598
2026-10-04 18:55:01,277597,55.6030,64723844,49.9410,41.8819,8.0591
2026-10-04 18:55:02,277696,55.6229,64746056,49.9382,41.8849,8.0533
2026-10-04 18:55:03,277795,55.6427,64769537,49.9387,41.8843,8.0544
2026-10-04 18:55:03,277894,55.6625,64792200,49.9369,41.8864,8.0505
2026-10-04 18:55:04,277993,55.6823,64816124,49.9341,41.8889,8.0452
2026-10-04 18:55:04,278092,55.7022,64839037,49.9339,41.8894,8.0444
2026-10-04 18:55:05,278191,55.7220,64862911,49.9316,41.8915,8.0402
2026-10-04 18:55:05,278290,55.7418,64887018,49.9323,41.8908,8.0415
2026-10-04 18:55:06,278389,55.7617,64910940,49.9285,41.8948,8.0337
2026-10-04 18:55:06,278488,55.7815,64934916,49.9299,41.8934,8.0365
2026-10-04 18:55:07,278587,55.8013,64959222,49.9272,41.8959,8.0312
2026-10-04 18:55:07,278686,55.8212,64983359,49.9280,41.8950,8.0331
2026-10-04 18:55:08,278785,55.8410,65006431,49.9244,41.8985,8.0259
2026-10-04 18:55:08,278884,55.8608,65031595,49.9240,41.8987,8.0254
2026-10-04 18:55:09,278983,55.8806,65055283,49.9216,41.9007,8.0210
2026-10-04 18:55:09,279082,55.9005,65079387,49.9218,41.9002,8.0216
2026-10-04 18:55:10,279181,55.9203,65103668,49.9193,41.9026,8.0168
2026-10-04 18:55:10,279280,55.9401,65127312,49.9199,41.9016,8.0184
2026-10-04 18:55:11,279379,55.9600,65150752,49.9168,41.9049,8.0119
2026-10-04 18:55:12,279478,55.9798,65175631,49.9160,41.9050,8.0110
2026-10-04 18:55:12,279577,55.9996,65198621,49.9156,41.9053,8.0104
2026-10-04 18:55:13,279676,56.0195,65222126,49.9136,41.9074,8.0061
2026-10-04 18:55:13,279775,56.0393,65245465,49.9134,41.9071,8.0063
2026-10-04 18:55:14,279874,56.0591,65269417,49.9127,41.9079,8.0047
2026-10-04 18:55:15,279973,56.0789,65293619,49.9126,41.9075,8.0051
2026-10-04 18:55:16,280072,56.0988,65318468,49.9122,41.9076,8.0046
2026-10-04 18:55:17,280171,56.1186,65342366,49.9113,41.9078,8.0035
2026-10-04 18:55:43,280270,56.1384,65366652,49.9108,41.9074,8.0034
2026-10-04 18:55:44,280369,56.1583,65390452,49.9093,41.9089,8.0004
2026-10-04 18:55:44,280468,56.1781,65413128,49.9084,41.9102,7.9982
2026-10-04 18:55:45,280567,56.1979,65435809,49.9065,41.9122,7.9943
2026-10-04 18:55:46,280666,56.2178,65459402,49.9048,41.9141,7.9907
2026-10-04 18:55:47,280765,56.2376,65483911,49.9045,41.9141,7.9904
2026-10-04 18:55:48,280864,56.2574,65507432,49.9030,41.9159,7.9872
2026-10-04 18:55:48,280963,56.2772,65529338,49.9022,41.9171,7.9851
2026-10-04 18:55:49,281062,56.2971,65553008,49.9006,41.9185,7.9822
2026-10-04 18:55:49,281161,56.3169,65577168,49.9003,41.9191,7.9812
2026-10-04 18:55:50,281260,56.3367,65600588,49.8994,41.9202,7.9791
2026-10-04 18:55:51,281359,56.3566,65624457,49.8992,41.9204,7.9788
2026-10-04 18:55:51,281458,56.3764,65647886,49.8975,41.9224,7.9751
2026-10-04 18:55:52,281557,56.3962,65671436,49.8958,41.9239,7.9718
2026-10-04 18:55:52,281656,56.4160,65694928,49.8956,41.9244,7.9712
2026-10-04 18:55:53,281755,56.4359,65718583,49.8931,41.9267,7.9664
2026-10-04 18:55:53,281854,56.4557,65742178,49.8930,41.9269,7.9661
2026-10-04 18:55:54,281953,56.4755,65765049,49.8903,41.9297,7.9606
2026-10-04 18:55:55,282052,56.4954,65789452,49.8910,41.9290,7.9621
2026-10-04 18:55:55,282151,56.5152,65812526,49.8893,41.9312,7.9581
2026-10-04 18:55:56,282250,56.5350,65836820,49.8887,41.9316,7.9571
2026-10-04 18:55:56,282349,56.5549,65859554,49.8874,41.9330,7.9544
2026-10-04 18:55:57,282448,56.5747,65883994,49.8868,41.9337,7.9531
2026-10-04 18:55:57,282547,56.5945,65907436,49.8862,41.9345,7.9518
2026-10-04 18:55:58,282646,56.6143,65931423,49.8842,41.9362,7.9480
2026-10-04 18:55:58,282745,56.6342,65955559,49.8841,41.9367,7.9474
2026-10-04 18:55:59,282844,56.6540,65978871,49.8828,41.9377,7.9452
2026-10-04 18:55:59,282943,56.6738,66002901,49.8826,41.9379,7.9447
2026-10-04 18:56:00,283042,56.6937,66026271,49.8805,41.9404,7.9401
2026-10-04 18:56:01,283141,56.7135,66050494,49.8792,41.9414,7.9379
2026-10-04 18:56:01,283240,56.7333,66073936,49.8789,41.9417,7.9372
2026-10-04 18:56:02,283339,56.7532,66096845,49.8770,41.9437,7.9333
2026-10-04 18:56:02,283438,56.7730,66120759,49.8770,41.9435,7.9335
2026-10-04 18:56:03,283537,56.7928,66145272,49.8741,41.9465,7.9276
2026-10-04 18:56:04,283636,56.8126,66169362,49.8744,41.9460,7.9284
2026-10-04 18:56:04,283735,56.8325,66193436,49.8724,41.9484,7.9240
2026-10-04 18:56:05,283834,56.8523,66217676,49.8715,41.9490,7.9225
2026-10-04 18:56:05,283933,56.8721,66242347,49.8726,41.9478,7.9248
2026-10-04 18:56:06,284032,56.8920,66265775,49.8717,41.9488,7.9228
2026-10-04 18:56:07,284131,56.9118,66289693,49.8704,41.9497,7.9207
2026-10-04 18:56:08,284230,56.9316,66313027,49.8697,41.9503,7.9194
2026-10-04 18:56:08,284329,56.9515,66335850,49.8691,41.9511,7.9180
2026-10-04 18:56:09,284428,56.9713,66359217,49.8674,41.9531,7.9142
2026-10-04 18:56:10,284527,56.9911,66382563,49.8671,41.9533,7.9138
2026-10-04 18:56:11,284626,57.0109,66406104,49.8668,41.9539,7.9130
2026-10-04 18:56:11,284725,57.0308,66429955,49.8664,41.9546,7.9118
2026-10-04 18:56:12,284824,57.0506,66453223,49.8635,41.9574,7.9061
2026-10-04 18:56:13,284923,57.0704,66477210,49.8647,41.9560,7.9087
2026-10-04 18:56:14,285022,57.0903,66501286,49.8645,41.9561,7.9085
2026-10-04 18:56:16,285121,57.1101,66525371,49.8651,41.9551,7.9100
2026-10-04 18:56:44,285220,57.1299,66549246,49.8639,41.9560,7.9078
2026-10-04 18:56:45,285319,57.1498,66571978,49.8633,41.9568,7.9065
2026-10-04 18:56:45,285418,57.1696,66595646,49.8625,41.9580,7.9045
2026-10-04 18:56:47,285517,57.1894,66619158,49.8613,41.9592,7.9021
2026-10-04 18:56:48,285616,57.2092,66642080,49.8596,41.9612,7.8984
2026-10-04 18:56:49,285715,57.2291,66665402,49.8589,41.9622,7.8966
2026-10-04 18:56:50,285814,57.2489,66689215,49.8570,41.9643,7.8926
2026-10-04 18:56:51,285913,57.2687,66713407,49.8561,41.9653,7.8908
2026-10-04 18:56:52,286012,57.2886,66736595,49.8556,41.9659,7.8897
2026-10-04 18:56:53,286111,57.3084,66760372,49.8550,41.9665,7.8886
2026-10-04 18:56:53,286210,57.3282,66783300,49.8548,41.9667,7.8881
2026-10-04 18:56:55,286309,57.3481,66806697,49.8531,41.9689,7.8842
2026-10-04 18:56:56,286408,57.3679,66830542,49.8523,41.9699,7.8824
2026-10-04 18:56:57,286507,57.3877,66854045,49.8520,41.9704,7.8816
2026-10-04 18:56:58,286606,57.4075,66876297,49.8504,41.9720,7.8784
2026-10-04 18:56:59,286705,57.4274,66900412,49.8515,41.9710,7.8805
2026-10-04 18:57:00,286804,57.4472,66923993,49.8508,41.9719,7.8789
2026-10-04 18:57:01,286903,57.4670,66949140,49.8496,41.9732,7.8764
2026-10-04 18:57:02,287002,57.4869,66972524,49.8503,41.9724,7.8779
2026-10-04 18:57:03,287101,57.5067,66996017,49.8503,41.9723,7.8780
2026-10-04 18:57:04,287200,57.5265,67020169,49.8497,41.9730,7.8767
2026-10-04 18:57:06,287299,57.5463,67044563,49.8480,41.9750,7.8730
2026-10-04 18:57:07,287398,57.5662,67067692,49.8482,41.9751,7.8731
2026-10-04 18:57:08,287497,57.5860,67091047,49.8484,41.9750,7.8734
2026-10-04 18:57:09,287596,57.6058,67115607,49.8485,41.9749,7.8736
2026-10-04 18:57:11,287695,57.6257,67139267,49.8478,41.9756,7.8723
2026-10-04 18:57:11,287794,57.6455,67163128,49.8480,41.9754,7.8726
2026-10-04 18:57:12,287893,57.6653,67186334,49.8475,41.9762,7.8713
2026-10-04 18:57:13,287992,57.6852,67209444,49.8444,41.9794,7.8650
2026-10-04 18:57:14,288091,57.7050,67233616,49.8456,41.9784,7.8672
2026-10-04 18:57:14,288190,57.7248,67256763,49.8451,41.9792,7.8659
2026-10-04 18:57:15,288289,57.7446,67280772,49.8434,41.9809,7.8625
2026-10-04 18:57:15,288388,57.7645,67305419,49.8445,41.9797,7.8648
2026-10-04 18:57:16,288487,57.7843,67328758,49.8416,41.9829,7.8587
2026-10-04 18:57:17,288586,57.8041,67352737,49.8431,41.9812,7.8619
2026-10-04 18:57:17,288685,57.8240,67376173,49.8416,41.9831,7.8585
2026-10-04 18:57:18,288784,57.8438,67399767,49.8412,41.9834,7.8578
2026-10-04 18:57:18,288883,57.8636,67423541,49.8420,41.9831,7.8589
2026-10-04 18:57:19,288982,57.8835,67446619,49.8407,41.9843,7.8564
2026-10-04 18:57:19,289081,57.9033,67471072,49.8401,41.9854,7.8547
2026-10-04 18:57:20,289180,57.9231,67494392,49.8384,41.9874,7.8510
2026-10-04 18:57:21,289279,57.9429,67518348,49.8389,41.9868,7.8522
2026-10-04 18:57:21,289378,57.9628,67541847,49.8386,41.9876,7.8509
2026-10-04 18:57:22,289477,57.9826,67566024,49.8372,41.9887,7.8485
2026-10-04 18:57:22,289576,58.0024,67589014,49.8374,41.9886,7.8488
2026-10-04 18:57:23,289675,58.0223,67612324,49.8356,41.9906,7.8449
2026-10-04 18:57:24,289774,58.0421,67636426,49.8350,41.9910,7.8440
2026-10-04 18:57:25,289873,58.0619,67659883,49.8346,41.9912,7.8435
2026-10-04 18:57:27,289972,58.0818,67684035,49.8344,41.9908,7.8436
2026-10-04 18:57:44,290071,58.1016,67708033,49.8335,41.9917,7.8418
2026-10-04 18:57:45,290170,58.1214,67732244,49.8338,41.9913,7.8425
2026-10-04 18:57:47,290269,58.1412,67756494,49.8325,41.9928,7.8397
2026-10-04 18:57:48,290368,58.1611,67780083,49.8317,41.9937,7.8380
2026-10-04 18:57:48,290467,58.1809,67804467,49.8322,41.9932,7.8390
2026-10-04 18:57:49,290566,58.2007,67828049,49.8311,41.9947,7.8364
2026-10-04 18:57:50,290665,58.2206,67851044,49.8293,41.9965,7.8328
2026-10-04 18:57:51,290764,58.2404,67874879,49.8298,41.9960,7.8338
2026-10-04 18:57:51,290863,58.2602,67898456,49.8279,41.9983,7.8296
2026-10-04 18:57:52,290962,58.2801,67923424,49.8293,41.9967,7.8326
2026-10-04 18:57:52,291061,58.2999,67947771,49.8274,41.9993,7.8281
2026-10-04 18:57:53,291160,58.3197,67971981,49.8274,41.9992,7.8282
2026-10-04 18:57:53,291259,58.3395,67996173,49.8268,42.0001,7.8267
2026-10-04 18:57:54,291358,58.3594,68020285,49.8252,42.0013,7.8239
2026-10-04 18:57:54,291457,58.3792,68043899,49.8260,42.0007,7.8253
2026-10-04 18:57:55,291556,58.3990,68067344,49.8243,42.0022,7.8221
2026-10-04 18:57:55,291655,58.4189,68091189,49.8250,42.0017,7.8233
2026-10-04 18:57:56,291754,58.4387,68114201,49.8235,42.0031,7.8204
2026-10-04 18:57:56,291853,58.4585,68138206,49.8242,42.0021,7.8221
2026-10-04 18:57:57,291952,58.4784,68161384,49.8230,42.0035,7.8195
2026-10-04 18:57:58,292051,58.4982,68185841,49.8241,42.0019,7.8223
2026-10-04 18:57:58,292150,58.5180,68209992,49.8229,42.0034,7.8194
2026-10-04 18:57:59,292249,58.5378,68235141,49.8232,42.0026,7.8206
2026-10-04 18:57:59,292348,58.5577,68258072,49.8221,42.0039,7.8182
2026-10-04 18:58:00,292447,58.5775,68281321,49.8214,42.0045,7.8169
2026-10-04 18:58:00,292546,58.5973,68303466,49.8205,42.0056,7.8149
2026-10-04 18:58:01,292645,58.6172,68327006,49.8201,42.0057,7.8143
2026-10-04 18:58:01,292744,58.6370,68350124,49.8191,42.0068,7.8124
2026-10-04 18:58:02,292843,58.6568,68374144,49.8190,42.0067,7.8123
2026-10-04 18:58:02,292942,58.6766,68397676,49.8170,42.0089,7.8081
2026-10-04 18:58:03,293041,58.6965,68421929,49.8179,42.0078,7.8100
2026-10-04 18:58:03,293140,58.7163,68445577,49.8158,42.0099,7.8060
2026-10-04 18:58:04,293239,58.7361,68470219,49.8161,42.0094,7.8067
2026-10-04 18:58:04,293338,58.7560,68492948,49.8160,42.0095,7.8066
2026-10-04 18:58:05,293437,58.7758,68516882,49.8149,42.0100,7.8049
2026-10-04 18:58:05,293536,58.7956,68540298,49.8143,42.0109,7.8034
2026-10-04 18:58:06,293635,58.8155,68565009,49.8125,42.0123,7.8002
2026-10-04 18:58:06,293734,58.8353,68588681,49.8123,42.0125,7.7998
2026-10-04 18:58:07,293833,58.8551,68611941,49.8107,42.0137,7.7970
2026-10-04 18:58:07,293932,58.8749,68635884,49.8115,42.0131,7.7985
2026-10-04 18:58:08,294031,58.8948,68659756,49.8094,42.0149,7.7944
2026-10-04 18:58:08,294130,58.9146,68684116,49.8102,42.0143,7.7960
2026-10-04 18:58:09,294229,58.9344,68708251,49.8091,42.0148,7.7943
2026-10-04 18:58:09,294328,58.9543,68732727,49.8105,42.0132,7.7973
2026-10-04 18:58:10,294427,58.9741,68756858,49.8093,42.0142,7.7951
2026-10-04 18:58:11,294526,58.9939,68780667,49.8087,42.0142,7.7945
2026-10-04 18:58:11,294625,59.0138,68804894,49.8094,42.0129,7.7965
2026-10-04 18:58:12,294724,59.0336,68829129,49.8095,42.0123,7.7972
2026-10-04 18:58:14,294823,59.0534,68853434,49.8101,42.0113,7.7988
2026-10-04 18:58:44,294922,59.0732,68877325,49.8096,42.0118,7.7978
2026-10-04 18:58:45,295021,59.0931,68901894,49.8097,42.0115,7.7982
2026-10-04 18:58:46,295120,59.1129,68925770,49.8087,42.0124,7.7963
2026-10-04 18:58:47,295219,59.1327,68949555,49.8082,42.0126,7.7956
2026-10-04 18:58:48,295318,59.1526,68973612,49.8067,42.0142,7.7925
2026-10-04 18:58:48,295417,59.1724,68997177,49.8061,42.0149,7.7913
2026-10-04 18:58:49,295516,59.1922,69021248,49.8042,42.0168,7.7875
2026-10-04 18:58:50,295615,59.2121,69044884,49.8040,42.0170,7.7870
2026-10-04 18:58:50,295714,59.2319,69068108,49.8049,42.0162,7.7887
2026-10-04 18:58:51,295813,59.2517,69090533,49.8036,42.0172,7.7864
2026-10-04 18:58:51,295912,59.2715,69114727,49.8039,42.0169,7.7870
2026-10-04 18:58:52,296011,59.2914,69138547,49.8014,42.0195,7.7819
2026-10-04 18:58:52,296110,59.3112,69162636,49.8016,42.0192,7.7824
2026-10-04 18:58:53,296209,59.3310,69186087,49.7989,42.0222,7.7767
2026-10-04 18:58:54,296308,59.3509,69209644,49.7994,42.0216,7.7778
2026-10-04 18:58:54,296407,59.3707,69233151,49.7973,42.0238,7.7735
2026-10-04 18:58:55,296506,59.3905,69257278,49.7981,42.0226,7.7755
2026-10-04 18:58:55,296605,59.4104,69281407,49.7975,42.0236,7.7739
2026-10-04 18:58:56,296704,59.4302,69304921,49.7961,42.0247,7.7714
2026-10-04 18:58:57,296803,59.4500,69328969,49.7962,42.0244,7.7718
2026-10-04 18:58:57,296902,59.4698,69352787,49.7938,42.0270,7.7669
2026-10-04 18:58:58,297001,59.4897,69377777,49.7932,42.0275,7.7657
2026-10-04 18:58:58,297100,59.5095,69401730,49.7931,42.0275,7.7656
2026-10-04 18:58:59,297199,59.5293,69424936,49.7917,42.0286,7.7631
2026-10-04 18:58:59,297298,59.5492,69448116,49.7921,42.0281,7.7640
2026-10-04 18:59:00,297397,59.5690,69471379,49.7902,42.0300,7.7602
2026-10-04 18:59:01,297496,59.5888,69494860,49.7900,42.0300,7.7599
2026-10-04 18:59:02,297595,59.6087,69518831,49.7897,42.0301,7.7595
2026-10-04 18:59:02,297694,59.6285,69543168,49.7879,42.0320,7.7559
2026-10-04 18:59:03,297793,59.6483,69567372,49.7866,42.0331,7.7535
2026-10-04 18:59:04,297892,59.6681,69591106,49.7858,42.0337,7.7521
2026-10-04 18:59:04,297991,59.6880,69615009,49.7858,42.0339,7.7519
2026-10-04 18:59:05,298090,59.7078,69639050,49.7845,42.0352,7.7493
2026-10-04 18:59:05,298189,59.7276,69662361,49.7844,42.0355,7.7489
2026-10-04 18:59:06,298288,59.7475,69686082,49.7821,42.0378,7.7443
2026-10-04 18:59:06,298387,59.7673,69710803,49.7823,42.0379,7.7444
2026-10-04 18:59:07,298486,59.7871,69735248,49.7797,42.0406,7.7391
2026-10-04 18:59:07,298585,59.8069,69759594,49.7798,42.0407,7.7390
2026-10-04 18:59:08,298684,59.8268,69783109,49.7776,42.0428,7.7348
2026-10-04 18:59:08,298783,59.8466,69807399,49.7785,42.0420,7.7365
2026-10-04 18:59:09,298882,59.8664,69831115,49.7762,42.0443,7.7318
2026-10-04 18:59:09,298981,59.8863,69855212,49.7779,42.0426,7.7353
2026-10-04 18:59:10,299080,59.9061,69879374,49.7751,42.0456,7.7295
2026-10-04 18:59:11,299179,59.9259,69903774,49.7760,42.0443,7.7317
2026-10-04 18:59:11,299278,59.9458,69928227,49.7739,42.0465,7.7274
2026-10-04 18:59:12,299377,59.9656,69951835,49.7732,42.0471,7.7261
2026-10-04 18:59:13,299476,59.9854,69976075,49.7726,42.0475,7.7250
2026-10-04 18:59:14,299575,60.0052,70000584,49.7720,42.0480,7.7240
2026-10-04 18:59:15,299674,60.0251,70024268,49.7722,42.0475,7.7247
2026-10-04 18:59:44,299773,60.0449,70047486,49.7704,42.0491,7.7213
2026-10-04 18:59:45,299872,60.0647,70071356,49.7700,42.0496,7.7204
2026-10-04 18:59:46,299971,60.0846,70094653,49.7699,42.0499,7.7199
2026-10-04 18:59:48,300070,60.1044,70117405,49.7692,42.0506,7.7185
2026-10-04 18:59:49,300169,60.1242,70140745,49.7686,42.0516,7.7170
2026-10-04 18:59:54,300268,60.1441,70164635,49.7678,42.0523,7.7155
2026-10-04 18:59:54,300367,60.1639,70187419,49.7670,42.0533,7.7137
2026-10-04 18:59:55,300466,60.1837,70211671,49.7654,42.0549,7.7105
2026-10-04 18:59:55,300565,60.2035,70235455,49.7659,42.0544,7.7115
2026-10-04 18:59:56,300664,60.2234,70258783,49.7640,42.0564,7.7076
2026-10-04 18:59:57,300763,60.2432,70283236,49.7644,42.0559,7.7085
2026-10-04 18:59:57,300862,60.2630,70307011,49.7638,42.0564,7.7074
2026-10-04 18:59:58,300961,60.2829,70330957,49.7632,42.0570,7.7062
2026-10-04 18:59:59,301060,60.3027,70354537,49.7635,42.0568,7.7067
2026-10-04 19:00:00,301159,60.3225,70378202,49.7636,42.0568,7.7069
2026-10-04 19:00:01,301258,60.3424,70402092,49.7642,42.0562,7.7081
2026-10-04 19:00:02,301357,60.3622,70426000,49.7646,42.0560,7.7086
2026-10-04 19:00:03,301456,60.3820,70448749,49.7650,42.0555,7.7095
2026-10-04 19:00:05,301555,60.4018,70471795,49.7641,42.0564,7.7076
2026-10-04 19:00:06,301654,60.4217,70495152,49.7636,42.0568,7.7069
2026-10-04 19:00:07,301753,60.4415,70519222,49.7635,42.0571,7.7064
2026-10-04 19:00:08,301852,60.4613,70543417,49.7614,42.0594,7.7020
2026-10-04 19:00:09,301951,60.4812,70567415,49.7593,42.0618,7.6974
2026-10-04 19:00:10,302050,60.5010,70590955,49.7595,42.0617,7.6978
2026-10-04 19:00:12,302149,60.5208,70614990,49.7588,42.0625,7.6962
2026-10-04 19:00:13,302248,60.5407,70638932,49.7570,42.0643,7.6927
2026-10-04 19:00:14,302347,60.5605,70662693,49.7560,42.0650,7.6910
2026-10-04 19:00:15,302446,60.5803,70686908,49.7561,42.0649,7.6912
2026-10-04 19:00:16,302545,60.6001,70710160,49.7547,42.0665,7.6883
2026-10-04 19:00:17,302644,60.6200,70734548,49.7548,42.0662,7.6885
2026-10-04 19:00:17,302743,60.6398,70758156,49.7537,42.0676,7.6860
2026-10-04 19:00:18,302842,60.6596,70781869,49.7525,42.0685,7.6841
2026-10-04 19:00:18,302941,60.6795,70805812,49.7519,42.0692,7.6826
2026-10-04 19:00:19,303040,60.6993,70829668,49.7503,42.0711,7.6792
2026-10-04 19:00:20,303139,60.7191,70852911,49.7501,42.0713,7.6788
2026-10-04 19:00:20,303238,60.7390,70876222,49.7491,42.0725,7.6765
2026-10-04 19:00:21,303337,60.7588,70899953,49.7485,42.0734,7.6751
2026-10-04 19:00:22,303436,60.7786,70923674,49.7465,42.0756,7.6709
2026-10-04 19:00:23,303535,60.7984,70948341,49.7465,42.0755,7.6710
2026-10-04 19:00:24,303634,60.8183,70972406,49.7463,42.0757,7.6706
2026-10-04 19:00:24,303733,60.8381,70997206,49.7450,42.0769,7.6680
2026-10-04 19:00:25,303832,60.8579,71021278,49.7449,42.0771,7.6678
2026-10-04 19:00:26,303931,60.8778,71046112,49.7441,42.0781,7.6661
2026-10-04 19:00:27,304030,60.8976,71070342,49.7431,42.0791,7.6641
2026-10-04 19:00:28,304129,60.9174,71095579,49.7436,42.0783,7.6654
2026-10-04 19:00:29,304228,60.9372,71119251,49.7435,42.0781,7.6654
2026-10-04 19:00:31,304327,60.9571,71143738,49.7437,42.0778,7.6658
2026-10-04 19:00:33,304426,60.9769,71166903,49.7426,42.0790,7.6636
2026-10-04 19:00:35,304525,60.9967,71190943,49.7424,42.0792,7.6632
2026-10-04 19:00:37,304624,61.0166,71215328,49.7425,42.0789,7.6636
2026-10-04 19:00:45,304723,61.0364,71237695,49.7417,42.0799,7.6618
2026-10-04 19:00:47,304822,61.0562,71261111,49.7412,42.0805,7.6607
2026-10-04 19:00:48,304921,61.0761,71285623,49.7410,42.0807,7.6603
2026-10-04 19:00:50,305020,61.0959,71308983,49.7397,42.0820,7.6578
2026-10-04 19:00:50,305119,61.1157,71330962,49.7408,42.0811,7.6597
2026-10-04 19:00:51,305218,61.1355,71354872,49.7391,42.0831,7.6560
2026-10-04 19:00:52,305317,61.1554,71378786,49.7383,42.0838,7.6544
2026-10-04 19:00:52,305416,61.1752,71402606,49.7376,42.0846,7.6530
2026-10-04 19:00:53,305515,61.1950,71425923,49.7346,42.0876,7.6469
2026-10-04 19:00:53,305614,61.2149,71449225,49.7360,42.0862,7.6498
2026-10-04 19:00:54,305713,61.2347,71472509,49.7336,42.0888,7.6448
2026-10-04 19:00:55,305812,61.2545,71496211,49.7333,42.0893,7.6440
2026-10-04 19:00:55,305911,61.2744,71519721,49.7323,42.0906,7.6416
2026-10-04 19:00:56,306010,61.2942,71543951,49.7308,42.0918,7.6390
2026-10-04 19:00:56,306109,61.3140,71567258,49.7305,42.0923,7.6382
2026-10-04 19:00:57,306208,61.3338,71591465,49.7300,42.0927,7.6373
2026-10-04 19:00:57,306307,61.3537,71615153,49.7304,42.0928,7.6377
2026-10-04 19:00:58,306406,61.3735,71638208,49.7281,42.0951,7.6330
2026-10-04 19:00:58,306505,61.3933,71662262,49.7287,42.0944,7.6343
2026-10-04 19:00:59,306604,61.4132,71686269,49.7259,42.0976,7.6282
2026-10-04 19:01:00,306703,61.4330,71710754,49.7270,42.0963,7.6307
2026-10-04 19:01:00,306802,61.4528,71734794,49.7243,42.0994,7.6249
2026-10-04 19:01:01,306901,61.4727,71758970,49.7239,42.0996,7.6243
2026-10-04 19:01:01,307000,61.4925,71783035,49.7231,42.1006,7.6225
2026-10-04 19:01:02,307099,61.5123,71807040,49.7221,42.1013,7.6208
2026-10-04 19:01:02,307198,61.5321,71830126,49.7230,42.1009,7.6221
2026-10-04 19:01:03,307297,61.5520,71853282,49.7208,42.1029,7.6179
2026-10-04 19:01:03,307396,61.5718,71876877,49.7213,42.1022,7.6191
2026-10-04 19:01:04,307495,61.5916,71901570,49.7198,42.1038,7.6160
2026-10-04 19:01:04,307594,61.6115,71925520,49.7206,42.1027,7.6179
2026-10-04 19:01:05,307693,61.6313,71948812,49.7177,42.1060,7.6117
2026-10-04 19:01:05,307792,61.6511,71973282,49.7186,42.1048,7.6138
2026-10-04 19:01:06,307891,61.6710,71996909,49.7148,42.1090,7.6059
2026-10-04 19:01:06,307990,61.6908,72021028,49.7165,42.1071,7.6094
2026-10-04 19:01:07,308089,61.7106,72045072,49.7141,42.1098,7.6043
2026-10-04 19:01:07,308188,61.7304,72068655,49.7155,42.1081,7.6075
2026-10-04 19:01:08,308287,61.7503,72091985,49.7132,42.1109,7.6023
2026-10-04 19:01:08,308386,61.7701,72116180,49.7144,42.1092,7.6052
2026-10-04 19:01:09,308485,61.7899,72140577,49.7116,42.1123,7.5993
2026-10-04 19:01:09,308584,61.8098,72164779,49.7129,42.1106,7.6023
2026-10-04 19:01:10,308683,61.8296,72188199,49.7114,42.1125,7.5989
2026-10-04 19:01:11,308782,61.8494,72211812,49.7119,42.1117,7.6003
2026-10-04 19:01:11,308881,61.8693,72236018,49.7115,42.1123,7.5992
2026-10-04 19:01:12,308980,61.8891,72258888,49.7109,42.1124,7.5985
2026-10-04 19:01:12,309079,61.9089,72283956,49.7116,42.1112,7.6004
2026-10-04 19:01:13,309178,61.9287,72308000,49.7127,42.1103,7.6025
2026-10-04 19:01:14,309277,61.9486,72332271,49.7119,42.1107,7.6013
2026-10-04 19:01:15,309376,61.9684,72356371,49.7120,42.1103,7.6017
2026-10-04 19:01:17,309475,61.9882,72380458,49.7116,42.1101,7.6015
2026-10-04 19:01:45,309574,62.0081,72404841,49.7106,42.1111,7.5995
2026-10-04 19:01:46,309673,62.0279,72428005,49.7107,42.1110,7.5997
2026-10-04 19:01:46,309772,62.0477,72451752,49.7093,42.1125,7.5967
2026-10-04 19:01:47,309871,62.0675,72475731,49.7069,42.1152,7.5917
2026-10-04 19:01:48,309970,62.0874,72500180,49.7053,42.1168,7.5885
2026-10-04 19:01:49,310069,62.1072,72524470,49.7048,42.1172,7.5876
2026-10-04 19:01:49,310168,62.1270,72548234,49.7032,42.1191,7.5841
2026-10-04 19:01:50,310267,62.1469,72572729,49.7010,42.1213,7.5796
2026-10-04 19:01:51,310366,62.1667,72596879,49.7002,42.1221,7.5782
2026-10-04 19:01:51,310465,62.1865,72621126,49.6994,42.1230,7.5765
2026-10-04 19:01:52,310564,62.2064,72645943,49.6973,42.1251,7.5722
2026-10-04 19:01:53,310663,62.2262,72671389,49.6971,42.1253,7.5718
2026-10-04 19:01:53,310762,62.2460,72695113,49.6962,42.1265,7.5697
2026-10-04 19:01:54,310861,62.2658,72719479,49.6949,42.1273,7.5676
2026-10-04 19:01:55,310960,62.2857,72743606,49.6952,42.1271,7.5681
2026-10-04 19:01:55,311059,62.3055,72768953,49.6936,42.1289,7.5647
2026-10-04 19:01:56,311158,62.3253,72792923,49.6926,42.1301,7.5625
2026-10-04 19:01:57,311257,62.3452,72817027,49.6918,42.1308,7.5609
2026-10-04 19:01:58,311356,62.3650,72841465,49.6903,42.1322,7.5581
2026-10-04 19:01:59,311455,62.3848,72865244,49.6894,42.1329,7.5565
2026-10-04 19:01:59,311554,62.4047,72888776,49.6900,42.1325,7.5576
2026-10-04 19:02:00,311653,62.4245,72913424,49.6897,42.1331,7.5566
2026-10-04 19:02:01,311752,62.4443,72937060,49.6883,42.1342,7.5541
2026-10-04 19:02:02,311851,62.4641,72961692,49.6880,42.1341,7.5538
2026-10-04 19:02:03,311950,62.4840,72985570,49.6874,42.1345,7.5529
2026-10-04 19:02:04,312049,62.5038,73008954,49.6868,42.1350,7.5518
2026-10-04 19:02:04,312148,62.5236,73032942,49.6861,42.1361,7.5500
2026-10-04 19:02:05,312247,62.5435,73056164,49.6845,42.1375,7.5470
2026-10-04 19:02:06,312346,62.5633,73079906,49.6841,42.1380,7.5462
2026-10-04 19:02:06,312445,62.5831,73103580,49.6830,42.1391,7.5439
2026-10-04 19:02:07,312544,62.6030,73127692,49.6804,42.1419,7.5386
2026-10-04 19:02:08,312643,62.6228,73152871,49.6807,42.1413,7.5394
2026-10-04 19:02:08,312742,62.6426,73176738,49.6789,42.1434,7.5355
2026-10-04 19:02:09,312841,62.6624,73199798,49.6769,42.1454,7.5315
2026-10-04 19:02:09,312940,62.6823,73224596,49.6769,42.1454,7.5315
2026-10-04 19:02:10,313039,62.7021,73247798,49.6751,42.1475,7.5276
2026-10-04 19:02:11,313138,62.7219,73271719,49.6743,42.1481,7.5261
2026-10-04 19:02:11,313237,62.7418,73296334,49.6739,42.1484,7.5255
2026-10-04 19:02:12,313336,62.7616,73319825,49.6721,42.1503,7.5218
2026-10-04 19:02:13,313435,62.7814,73344531,49.6716,42.1506,7.5210
2026-10-04 19:02:14,313534,62.8013,73368603,49.6711,42.1509,7.5202
2026-10-04 19:02:15,313633,62.8211,73392483,49.6702,42.1519,7.5183
2026-10-04 19:02:15,313732,62.8409,73416010,49.6691,42.1530,7.5161
2026-10-04 19:02:16,313831,62.8607,73440051,49.6683,42.1538,7.5144
2026-10-04 19:02:17,313930,62.8806,73464156,49.6671,42.1550,7.5121
2026-10-04 19:02:18,314029,62.9004,73488651,49.6676,42.1542,7.5135
2026-10-04 19:02:19,314128,62.9202,73513210,49.6675,42.1539,7.5136
2026-10-04 19:02:21,314227,62.9401,73537502,49.6662,42.1550,7.5112
2026-10-04 19:02:23,314326,62.9599,73561742,49.6660,42.1548,7.5112
2026-10-04 19:02:30,314425,62.9797,73585812,49.6656,42.1550,7.5106
2026-10-04 19:02:45,314524,62.9996,73609174,49.6628,42.1582,7.5045
2026-10-04 19:02:45,314623,63.0194,73632717,49.6629,42.1582,7.5047
2026-10-04 19:02:46,314722,63.0392,73656349,49.6636,42.1575,7.5061
2026-10-04 19:02:47,314821,63.0590,73679448,49.6616,42.1597,7.5019
2026-10-04 19:02:48,314920,63.0789,73703329,49.6602,42.1609,7.4993
2026-10-04 19:02:49,315019,63.0987,73727078,49.6594,42.1617,7.4977
2026-10-04 19:02:49,315118,63.1185,73750859,49.6592,42.1621,7.4970
2026-10-04 19:02:50,315217,63.1384,73774976,49.6575,42.1639,7.4936
2026-10-04 19:02:51,315316,63.1582,73798986,49.6573,42.1638,7.4935
2026-10-04 19:02:52,315415,63.1780,73823919,49.6565,42.1644,7.4921
2026-10-04 19:02:53,315514,63.1978,73847904,49.6551,42.1656,7.4896
2026-10-04 19:02:54,315613,63.2177,73872207,49.6543,42.1663,7.4881
2026-10-04 19:02:55,315712,63.2375,73896442,49.6539,42.1668,7.4871
2026-10-04 19:02:55,315811,63.2573,73920602,49.6522,42.1687,7.4835
2026-10-04 19:02:56,315910,63.2772,73943880,49.6503,42.1706,7.4797
2026-10-04 19:02:57,316009,63.2970,73968443,49.6497,42.1711,7.4786
2026-10-04 19:02:57,316108,63.3168,73991985,49.6499,42.1710,7.4788
2026-10-04 19:02:58,316207,63.3367,74015599,49.6475,42.1737,7.4738
2026-10-04 19:02:59,316306,63.3565,74039226,49.6467,42.1743,7.4724
2026-10-04 19:02:59,316405,63.3763,74063038,49.6467,42.1745,7.4722
2026-10-04 19:03:00,316504,63.3961,74086454,49.6450,42.1762,7.4688
2026-10-04 19:03:01,316603,63.4160,74109342,49.6443,42.1768,7.4675
2026-10-04 19:03:02,316702,63.4358,74133351,49.6450,42.1759,7.4691
2026-10-04 19:03:03,316801,63.4556,74156965,49.6438,42.1769,7.4669
2026-10-04 19:03:04,316900,63.4755,74180909,49.6431,42.1775,7.4656
2026-10-04 19:03:06,316999,63.4953,74204369,49.6420,42.1787,7.4634
2026-10-04 19:03:07,317098,63.5151,74227519,49.6412,42.1796,7.4616
2026-10-04 19:03:08,317197,63.5350,74251930,49.6406,42.1802,7.4604
2026-10-04 19:03:10,317296,63.5548,74275227,49.6390,42.1818,7.4573
2026-10-04 19:03:11,317395,63.5746,74298698,49.6389,42.1820,7.4569
2026-10-04 19:03:12,317494,63.5944,74322358,49.6375,42.1836,7.4539
2026-10-04 19:03:13,317593,63.6143,74345565,49.6363,42.1847,7.4515
2026-10-04 19:03:14,317692,63.6341,74370084,49.6359,42.1849,7.4510
2026-10-04 19:03:15,317791,63.6539,74392885,49.6361,42.1847,7.4514
2026-10-04 19:03:17,317890,63.6738,74416424,49.6346,42.1861,7.4485
2026-10-04 19:03:18,317989,63.6936,74440154,49.6340,42.1867,7.4473
2026-10-04 19:03:18,318088,63.7134,74463308,49.6328,42.1881,7.4447
2026-10-04 19:03:19,318187,63.7333,74487210,49.6327,42.1882,7.4444
2026-10-04 19:03:20,318286,63.7531,74511263,49.6337,42.1873,7.4464
2026-10-04 19:03:20,318385,63.7729,74536361,49.6317,42.1897,7.4420
2026-10-04 19:03:21,318484,63.7927,74560984,49.6318,42.1894,7.4424
2026-10-04 19:03:21,318583,63.8126,74584624,49.6319,42.1893,7.4426
2026-10-04 19:03:22,318682,63.8324,74608045,49.6301,42.1914,7.4387
2026-10-04 19:03:22,318781,63.8522,74632864,49.6313,42.1904,7.4409
2026-10-04 19:03:23,318880,63.8721,74655247,49.6296,42.1924,7.4372
2026-10-04 19:03:24,318979,63.8919,74678394,49.6294,42.1925,7.4370
2026-10-04 19:03:24,319078,63.9117,74701746,49.6304,42.1916,7.4388
2026-10-04 19:03:25,319177,63.9316,74725050,49.6298,42.1919,7.4379
2026-10-04 19:03:27,319276,63.9514,74749428,49.6296,42.1921,7.4375
2026-10-04 19:03:44,319375,63.9712,74773741,49.6294,42.1922,7.4372
2026-10-04 19:03:45,319474,63.9910,74796879,49.6281,42.1936,7.4345
2026-10-04 19:03:46,319573,64.0109,74820846,49.6286,42.1931,7.4355
2026-10-04 19:03:47,319672,64.0307,74844837,49.6290,42.1928,7.4362
2026-10-04 19:03:47,319771,64.0505,74868674,49.6288,42.1931,7.4356
2026-10-04 19:03:48,319870,64.0704,74892705,49.6274,42.1949,7.4324
2026-10-04 19:03:49,319969,64.0902,74915892,49.6257,42.1966,7.4292
2026-10-04 19:03:49,320068,64.1100,74940655,49.6263,42.1960,7.4303
2026-10-04 19:03:50,320167,64.1299,74964438,49.6239,42.1985,7.4254
2026-10-04 19:03:51,320266,64.1497,74988421,49.6249,42.1977,7.4272
2026-10-04 19:03:51,320365,64.1695,75011876,49.6222,42.2008,7.4214
2026-10-04 19:03:52,320464,64.1893,75035761,49.6216,42.2016,7.4200
2026-10-04 19:03:52,320563,64.2092,75058976,49.6207,42.2026,7.4180
2026-10-04 19:03:53,320662,64.2290,75082646,49.6194,42.2039,7.4155
2026-10-04 19:03:53,320761,64.2488,75106056,49.6197,42.2038,7.4159
2026-10-04 19:03:54,320860,64.2687,75129028,49.6164,42.2073,7.4092
2026-10-04 19:03:54,320959,64.2885,75152818,49.6175,42.2063,7.4112
2026-10-04 19:03:55,321058,64.3083,75176828,49.6151,42.2085,7.4066
2026-10-04 19:03:55,321157,64.3281,75200911,49.6156,42.2082,7.4074
2026-10-04 19:03:56,321256,64.3480,75224317,49.6139,42.2102,7.4038
2026-10-04 19:03:57,321355,64.3678,75248967,49.6150,42.2091,7.4059
2026-10-04 19:03:57,321454,64.3876,75273184,49.6130,42.2114,7.4016
2026-10-04 19:03:58,321553,64.4075,75296977,49.6122,42.2123,7.3999
2026-10-04 19:03:58,321652,64.4273,75320368,49.6115,42.2133,7.3982
2026-10-04 19:03:59,321751,64.4471,75344468,49.6097,42.2149,7.3947
2026-10-04 19:03:59,321850,64.4670,75368066,49.6098,42.2152,7.3946
2026-10-04 19:04:00,321949,64.4868,75391487,49.6081,42.2166,7.3915
2026-10-04 19:04:00,322048,64.5066,75415247,49.6094,42.2158,7.3935
2026-10-04 19:04:01,322147,64.5264,75438981,49.6076,42.2175,7.3902
2026-10-04 19:04:01,322246,64.5463,75461818,49.6073,42.2181,7.3891
2026-10-04 19:04:02,322345,64.5661,75486341,49.6056,42.2197,7.3859
2026-10-04 19:04:02,322444,64.5859,75509520,49.6051,42.2204,7.3847
2026-10-04 19:04:03,322543,64.6058,75533551,49.6033,42.2221,7.3811
2026-10-04 19:04:03,322642,64.6256,75557288,49.6047,42.2208,7.3838
2026-10-04 19:04:04,322741,64.6454,75580982,49.6022,42.2233,7.3789
2026-10-04 19:04:04,322840,64.6653,75605472,49.6023,42.2237,7.3786
2026-10-04 19:04:05,322939,64.6851,75628770,49.5993,42.2267,7.3726
2026-10-04 19:04:05,323038,64.7049,75653674,49.6009,42.2248,7.3761
2026-10-04 19:04:06,323137,64.7247,75677526,49.5988,42.2270,7.3718
2026-10-04 19:04:07,323236,64.7446,75701121,49.5991,42.2265,7.3727
2026-10-04 19:04:07,323335,64.7644,75724914,49.5990,42.2266,7.3724
2026-10-04 19:04:08,323434,64.7842,75748258,49.5981,42.2275,7.3706
2026-10-04 19:04:09,323533,64.8041,75771887,49.5984,42.2269,7.3714
2026-10-04 19:04:09,323632,64.8239,75795291,49.5980,42.2271,7.3709
2026-10-04 19:04:10,323731,64.8437,75819710,49.5958,42.2293,7.3665
2026-10-04 19:04:11,323830,64.8636,75843519,49.5950,42.2299,7.3651
2026-10-04 19:04:12,323929,64.8834,75868175,49.5951,42.2295,7.3656
2026-10-04 19:04:13,324028,64.9032,75892538,49.5950,42.2295,7.3656
2026-10-04 19:04:14,324127,64.9230,75916265,49.5956,42.2287,7.3669
2026-10-04 19:04:16,324226,64.9429,75941459,49.5964,42.2274,7.3690
2026-10-04 19:04:45,324325,64.9627,75966325,49.5941,42.2298,7.3643
2026-10-04 19:04:46,324424,64.9825,75990685,49.5930,42.2307,7.3623
2026-10-04 19:04:47,324523,65.0024,76014564,49.5927,42.2311,7.3616
2026-10-04 19:04:48,324622,65.0222,76038312,49.5915,42.2324,7.3591
2026-10-04 19:04:48,324721,65.0420,76061921,49.5913,42.2328,7.3585
2026-10-04 19:04:49,324820,65.0619,76085190,49.5885,42.2359,7.3526
2026-10-04 19:04:50,324919,65.0817,76110026,49.5879,42.2363,7.3516
2026-10-04 19:04:50,325018,65.1015,76133788,49.5869,42.2374,7.3495
2026-10-04 19:04:51,325117,65.1213,76157198,49.5844,42.2398,7.3446
2026-10-04 19:04:51,325216,65.1412,76181897,49.5844,42.2400,7.3444
2026-10-04 19:04:52,325315,65.1610,76206061,49.5813,42.2435,7.3378
2026-10-04 19:04:52,325414,65.1808,76230811,49.5807,42.2438,7.3369
2026-10-04 19:04:53,325513,65.2007,76254814,49.5780,42.2470,7.3310
2026-10-04 19:04:54,325612,65.2205,76279534,49.5777,42.2474,7.3303
2026-10-04 19:04:54,325711,65.2403,76302897,49.5773,42.2480,7.3293
2026-10-04 19:04:55,325810,65.2602,76326343,49.5757,42.2495,7.3262
2026-10-04 19:04:55,325909,65.2800,76351090,49.5758,42.2496,7.3262
2026-10-04 19:04:56,326008,65.2998,76375099,49.5732,42.2522,7.3210
2026-10-04 19:04:56,326107,65.3196,76399602,49.5738,42.2518,7.3220
2026-10-04 19:04:57,326206,65.3395,76422886,49.5711,42.2545,7.3166
2026-10-04 19:04:57,326305,65.3593,76447586,49.5715,42.2544,7.3172
2026-10-04 19:04:58,326404,65.3791,76471504,49.5702,42.2558,7.3144
2026-10-04 19:04:58,326503,65.3990,76495988,49.5698,42.2559,7.3139
2026-10-04 19:04:59,326602,65.4188,76520053,49.5674,42.2588,7.3086
2026-10-04 19:04:59,326701,65.4386,76544327,49.5677,42.2583,7.3094
2026-10-04 19:05:00,326800,65.4584,76568483,49.5652,42.2609,7.3043
2026-10-04 19:05:00,326899,65.4783,76593212,49.5661,42.2596,7.3065
2026-10-04 19:05:01,326998,65.4981,76617639,49.5633,42.2629,7.3004
2026-10-04 19:05:01,327097,65.5179,76643205,49.5634,42.2625,7.3010
2026-10-04 19:05:02,327196,65.5378,76667477,49.5612,42.2652,7.2960
2026-10-04 19:05:02,327295,65.5576,76692996,49.5624,42.2636,7.2987
2026-10-04 19:05:03,327394,65.5774,76716502,49.5604,42.2661,7.2943
2026-10-04 19:05:04,327493,65.5973,76741116,49.5595,42.2669,7.2926
2026-10-04 19:05:04,327592,65.6171,76765618,49.5586,42.2679,7.2906
2026-10-04 19:05:05,327691,65.6369,76790087,49.5594,42.2669,7.2925
2026-10-04 19:05:05,327790,65.6567,76814853,49.5591,42.2675,7.2916
2026-10-04 19:05:06,327889,65.6766,76838902,49.5583,42.2679,7.2904
2026-10-04 19:05:06,327988,65.6964,76863169,49.5591,42.2673,7.2919
2026-10-04 19:05:07,328087,65.7162,76887249,49.5577,42.2687,7.2890
2026-10-04 19:05:07,328186,65.7361,76911117,49.5585,42.2679,7.2906
2026-10-04 19:05:08,328285,65.7559,76935330,49.5560,42.2704,7.2857
2026-10-04 19:05:08,328384,65.7757,76959971,49.5567,42.2694,7.2873
2026-10-04 19:05:09,328483,65.7956,76983511,49.5556,42.2707,7.2849
2026-10-04 19:05:10,328582,65.8154,77007992,49.5548,42.2712,7.2836
2026-10-04 19:05:10,328681,65.8352,77031523,49.5556,42.2707,7.2849
2026-10-04 19:05:11,328780,65.8550,77056728,49.5555,42.2704,7.2850
2026-10-04 19:05:12,328879,65.8749,77081030,49.5558,42.2700,7.2858
2026-10-04 19:05:13,328978,65.8947,77104999,49.5561,42.2695,7.2866
2026-10-04 19:05:44,329077,65.9145,77129950,49.5563,42.2689,7.2874
2026-10-04 19:05:46,329176,65.9344,77154221,49.5559,42.2696,7.2863
2026-10-04 19:05:48,329275,65.9542,77178781,49.5545,42.2709,7.2836
2026-10-04 19:05:49,329374,65.9740,77203018,49.5534,42.2721,7.2813
2026-10-04 19:05:51,329473,65.9939,77226863,49.5516,42.2741,7.2775
2026-10-04 19:05:52,329572,66.0137,77251181,49.5507,42.2751,7.2757
2026-10-04 19:05:54,329671,66.0335,77276122,49.5488,42.2771,7.2717
2026-10-04 19:05:55,329770,66.0533,77299971,49.5477,42.2782,7.2695
2026-10-04 19:05:58,329869,66.0732,77324862,49.5465,42.2796,7.2669
2026-10-04 19:06:00,329968,66.0930,77348957,49.5456,42.2807,7.2650
2026-10-04 19:06:02,330067,66.1128,77373042,49.5440,42.2825,7.2615
2026-10-04 19:06:04,330166,66.1327,77396829,49.5428,42.2840,7.2588
2026-10-04 19:06:06,330265,66.1525,77421121,49.5426,42.2844,7.2582
2026-10-04 19:06:08,330364,66.1723,77444848,49.5411,42.2861,7.2550
2026-10-04 19:06:09,330463,66.1922,77469108,49.5414,42.2854,7.2560
2026-10-04 19:06:11,330562,66.2120,77493791,49.5395,42.2873,7.2521
2026-10-04 19:06:12,330661,66.2318,77517927,49.5375,42.2894,7.2481
2026-10-04 19:06:12,330760,66.2516,77541590,49.5377,42.2895,7.2482
2026-10-04 19:06:13,330859,66.2715,77565528,49.5362,42.2910,7.2452
2026-10-04 19:06:14,330958,66.2913,77589481,49.5348,42.2928,7.2420
2026-10-04 19:06:14,331057,66.3111,77613911,49.5331,42.2948,7.2382
2026-10-04 19:06:15,331156,66.3310,77638169,49.5321,42.2957,7.2364
2026-10-04 19:06:15,331255,66.3508,77662801,49.5317,42.2966,7.2351
2026-10-04 19:06:16,331354,66.3706,77685870,49.5303,42.2977,7.2326
2026-10-04 19:06:16,331453,66.3905,77710251,49.5302,42.2978,7.2324
2026-10-04 19:06:17,331552,66.4103,77734992,49.5289,42.2993,7.2296
2026-10-04 19:06:18,331651,66.4301,77759033,49.5278,42.3003,7.2274
2026-10-04 19:06:18,331750,66.4499,77783346,49.5269,42.3015,7.2254
2026-10-04 19:06:19,331849,66.4698,77807535,49.5258,42.3024,7.2235
2026-10-04 19:06:19,331948,66.4896,77832020,49.5257,42.3026,7.2231
2026-10-04 19:06:20,332047,66.5094,77856576,49.5250,42.3034,7.2216
2026-10-04 19:06:20,332146,66.5293,77880869,49.5258,42.3028,7.2230
2026-10-04 19:06:21,332245,66.5491,77905525,49.5237,42.3052,7.2186
2026-10-04 19:06:22,332344,66.5689,77930619,49.5237,42.3050,7.2188
2026-10-04 19:06:22,332443,66.5887,77954453,49.5229,42.3060,7.2169
2026-10-04 19:06:23,332542,66.6086,77977934,49.5219,42.3069,7.2151
2026-10-04 19:06:23,332641,66.6284,78002355,49.5221,42.3067,7.2154
2026-10-04 19:06:24,332740,66.6482,78026676,49.5199,42.3091,7.2107
2026-10-04 19:06:24,332839,66.6681,78050567,49.5205,42.3083,7.2121
2026-10-04 19:06:25,332938,66.6879,78075144,49.5175,42.3116,7.2059
2026-10-04 19:06:26,333037,66.7077,78099276,49.5169,42.3121,7.2047
2026-10-04 19:06:26,333136,66.7276,78123219,49.5174,42.3118,7.2056
2026-10-04 19:06:27,333235,66.7474,78146792,49.5155,42.3138,7.2017
2026-10-04 19:06:27,333334,66.7672,78170590,49.5150,42.3142,7.2008
2026-10-04 19:06:28,333433,66.7870,78193810,49.5128,42.3167,7.1961
2026-10-04 19:06:29,333532,66.8069,78217617,49.5124,42.3171,7.1953
2026-10-04 19:06:30,333631,66.8267,78241516,49.5128,42.3168,7.1959
2026-10-04 19:06:31,333730,66.8465,78265487,49.5131,42.3165,7.1966
2026-10-04 19:06:32,333829,66.8664,78290032,49.5119,42.3175,7.1944
2026-10-04 19:06:34,333928,66.8862,78313629,49.5117,42.3174,7.1942
2026-10-04 19:06:45,334027,66.9060,78337489,49.5098,42.3195,7.1903
2026-10-04 19:06:46,334126,66.9259,78361758,49.5081,42.3215,7.1866
2026-10-04 19:06:46,334225,66.9457,78386069,49.5069,42.3230,7.1839
2026-10-04 19:06:47,334324,66.9655,78409636,49.5036,42.3267,7.1769
2026-10-04 19:06:48,334423,66.9853,78434009,49.5015,42.3289,7.1726
2026-10-04 19:06:49,334522,67.0052,78458721,49.5001,42.3304,7.1697
2026-10-04 19:06:49,334621,67.0250,78482141,49.4986,42.3321,7.1665
2026-10-04 19:06:50,334720,67.0448,78505875,49.4961,42.3348,7.1613
2026-10-04 19:06:50,334819,67.0647,78529760,49.4957,42.3354,7.1603
2026-10-04 19:06:51,334918,67.0845,78553280,49.4921,42.3393,7.1528
2026-10-04 19:06:52,335017,67.1043,78577505,49.4911,42.3402,7.1509
2026-10-04 19:06:52,335116,67.1242,78601287,49.4911,42.3402,7.1509
2026-10-04 19:06:53,335215,67.1440,78626123,49.4892,42.3421,7.1470
2026-10-04 19:06:54,335314,67.1638,78650065,49.4878,42.3435,7.1443
2026-10-04 19:06:55,335413,67.1836,78675104,49.4867,42.3446,7.1421
2026-10-04 19:06:55,335512,67.2035,78698571,49.4856,42.3459,7.1397
2026-10-04 19:06:56,335611,67.2233,78722365,49.4843,42.3475,7.1368
2026-10-04 19:06:57,335710,67.2431,78745980,49.4834,42.3483,7.1351
2026-10-04 19:06:58,335809,67.2630,78770411,49.4820,42.3496,7.1324
2026-10-04 19:06:59,335908,67.2828,78794373,49.4806,42.3512,7.1294
2026-10-04 19:07:00,336007,67.3026,78818153,49.4784,42.3535,7.1248
2026-10-04 19:07:01,336106,67.3225,78841413,49.4773,42.3547,7.1225
2026-10-04 19:07:02,336205,67.3423,78866389,49.4772,42.3549,7.1223
2026-10-04 19:07:02,336304,67.3621,78889896,49.4775,42.3547,7.1228
2026-10-04 19:07:03,336403,67.3819,78913005,49.4761,42.3559,7.1202
2026-10-04 19:07:04,336502,67.4018,78937191,49.4747,42.3576,7.1171
2026-10-04 19:07:04,336601,67.4216,78961327,49.4734,42.3588,7.1145
2026-10-04 19:07:05,336700,67.4414,78985135,49.4716,42.3607,7.1109
2026-10-04 19:07:06,336799,67.4613,79009082,49.4716,42.3607,7.1108
2026-10-04 19:07:06,336898,67.4811,79033505,49.4719,42.3605,7.1114
2026-10-04 19:07:07,336997,67.5009,79057689,49.4710,42.3615,7.1095
2026-10-04 19:07:08,337096,67.5208,79080862,49.4686,42.3641,7.1045
2026-10-04 19:07:09,337195,67.5406,79104679,49.4678,42.3650,7.1027
2026-10-04 19:07:10,337294,67.5604,79129051,49.4674,42.3655,7.1019
2026-10-04 19:07:11,337393,67.5802,79153304,49.4677,42.3649,7.1028
2026-10-04 19:07:12,337492,67.6001,79176871,49.4678,42.3649,7.1029
2026-10-04 19:07:13,337591,67.6199,79200228,49.4672,42.3657,7.1015
2026-10-04 19:07:14,337690,67.6397,79224816,49.4666,42.3664,7.1001
2026-10-04 19:07:15,337789,67.6596,79249396,49.4651,42.3679,7.0973
2026-10-04 19:07:16,337888,67.6794,79273776,49.4640,42.3690,7.0950
2026-10-04 19:07:17,337987,67.6992,79297654,49.4638,42.3690,7.0949
2026-10-04 19:07:19,338086,67.7190,79321293,49.4620,42.3705,7.0915
2026-10-04 19:07:20,338185,67.7389,79345644,49.4605,42.3723,7.0882
2026-10-04 19:07:21,338284,67.7587,79370135,49.4591,42.3737,7.0854
2026-10-04 19:07:22,338383,67.7785,79394141,49.4582,42.3746,7.0836
2026-10-04 19:07:24,338482,67.7984,79419495,49.4553,42.3777,7.0776
2026-10-04 19:07:26,338581,67.8182,79443843,49.4545,42.3785,7.0760
2026-10-04 19:07:28,338680,67.8380,79468330,49.4537,42.3793,7.0744
2026-10-04 19:07:30,338779,67.8579,79492934,49.4534,42.3796,7.0738
2026-10-04 19:07:46,338878,67.8777,79516749,49.4519,42.3812,7.0707
2026-10-04 19:07:46,338977,67.8975,79540669,49.4495,42.3839,7.0656
2026-10-04 19:07:47,339076,67.9173,79564963,49.4473,42.3864,7.0609
2026-10-04 19:07:48,339175,67.9372,79590164,49.4457,42.3881,7.0576
2026-10-04 19:07:49,339274,67.9570,79614402,49.4431,42.3910,7.0521
2026-10-04 19:07:49,339373,67.9768,79638641,49.4428,42.3914,7.0514
2026-10-04 19:07:50,339472,67.9967,79662078,49.4410,42.3933,7.0477
2026-10-04 19:07:51,339571,68.0165,79686273,49.4409,42.3936,7.0473
2026-10-04 19:07:51,339670,68.0363,79709985,49.4381,42.3966,7.0415
2026-10-04 19:07:52,339769,68.0562,79734390,49.4370,42.3978,7.0392
2026-10-04 19:07:52,339868,68.0760,79758254,49.4378,42.3971,7.0407
2026-10-04 19:07:53,339967,68.0958,79782585,49.4356,42.3997,7.0359
2026-10-04 19:07:54,340066,68.1156,79806467,49.4362,42.3991,7.0371
2026-10-04 19:07:54,340165,68.1355,79829408,49.4335,42.4023,7.0312
2026-10-04 19:07:55,340264,68.1553,79853952,49.4345,42.4013,7.0332
2026-10-04 19:07:55,340363,68.1751,79878042,49.4334,42.4028,7.0307
2026-10-04 19:07:56,340462,68.1950,79902075,49.4309,42.4055,7.0253
2026-10-04 19:07:56,340561,68.2148,79926301,49.4317,42.4047,7.0270
2026-10-04 19:07:57,340660,68.2346,79951118,49.4298,42.4065,7.0233
2026-10-04 19:07:58,340759,68.2545,79975294,49.4293,42.4069,7.0224
2026-10-04 19:07:58,340858,68.2743,79999967,49.4297,42.4064,7.0233
2026-10-04 19:07:59,340957,68.2941,80024075,49.4285,42.4072,7.0213
2026-10-04 19:07:59,341056,68.3139,80048001,49.4300,42.4058,7.0242
2026-10-04 19:08:00,341155,68.3338,80072544,49.4290,42.4069,7.0221
2026-10-04 19:08:01,341254,68.3536,80095881,49.4276,42.4083,7.0193
2026-10-04 19:08:02,341353,68.3734,80119901,49.4271,42.4086,7.0185
2026-10-04 19:08:03,341452,68.3933,80143717,49.4266,42.4091,7.0175
2026-10-04 19:08:04,341551,68.4131,80167455,49.4262,42.4096,7.0166
2026-10-04 19:08:04,341650,68.4329,80191928,49.4250,42.4108,7.0142
2026-10-04 19:08:05,341749,68.4528,80216445,49.4236,42.4123,7.0113
2026-10-04 19:08:06,341848,68.4726,80239641,49.4224,42.4136,7.0088
2026-10-04 19:08:07,341947,68.4924,80263704,49.4223,42.4140,7.0083
2026-10-04 19:08:07,342046,68.5122,80288493,49.4197,42.4168,7.0029
2026-10-04 19:08:08,342145,68.5321,80313579,49.4183,42.4182,7.0001
2026-10-04 19:08:08,342244,68.5519,80338440,49.4179,42.4187,6.9992
2026-10-04 19:08:09,342343,68.5717,80362703,49.4168,42.4198,6.9970
2026-10-04 19:08:10,342442,68.5916,80386415,49.4150,42.4218,6.9932
2026-10-04 19:08:11,342541,68.6114,80410055,49.4137,42.4231,6.9906
2026-10-04 19:08:12,342640,68.6312,80433669,49.4135,42.4234,6.9901
2026-10-04 19:08:13,342739,68.6511,80458287,49.4120,42.4248,6.9872
2026-10-04 19:08:14,342838,68.6709,80482185,49.4112,42.4253,6.9859
2026-10-04 19:08:15,342937,68.6907,80506502,49.4092,42.4274,6.9818
2026-10-04 19:08:16,343036,68.7105,80530559,49.4080,42.4287,6.9793
2026-10-04 19:08:17,343135,68.7304,80554870,49.4063,42.4305,6.9758
2026-10-04 19:08:18,343234,68.7502,80579469,49.4055,42.4313,6.9742
2026-10-04 19:08:19,343333,68.7700,80602112,49.4051,42.4316,6.9735
2026-10-04 19:08:21,343432,68.7899,80625882,49.4038,42.4329,6.9709
2026-10-04 19:08:23,343531,68.8097,80649252,49.4034,42.4333,6.9701
2026-10-04 19:08:25,343630,68.8295,80673520,49.4031,42.4337,6.9694
2026-10-04 19:08:45,343729,68.8493,80695691,49.4018,42.4352,6.9666
2026-10-04 19:08:47,343828,68.8692,80719827,49.4020,42.4349,6.9671
2026-10-04 19:08:47,343927,68.8890,80743816,49.4008,42.4362,6.9645
2026-10-04 19:08:48,344026,68.9088,80767649,49.3985,42.4389,6.9597
2026-10-04 19:08:49,344125,68.9287,80791320,49.3986,42.4387,6.9599
2026-10-04 19:08:50,344224,68.9485,80814699,49.3972,42.4403,6.9568
2026-10-04 19:08:50,344323,68.9683,80839490,49.3970,42.4408,6.9562
2026-10-04 19:08:51,344422,68.9882,80863667,49.3942,42.4439,6.9504
2026-10-04 19:08:52,344521,69.0080,80887218,49.3940,42.4439,6.9501
2026-10-04 19:08:52,344620,69.0278,80911400,49.3936,42.4445,6.9491
2026-10-04 19:08:53,344719,69.0476,80935109,49.3928,42.4450,6.9478
2026-10-04 19:08:53,344818,69.0675,80959882,49.3926,42.4452,6.9473
2026-10-04 19:08:54,344917,69.0873,80984484,49.3908,42.4472,6.9436
2026-10-04 19:08:55,345016,69.1071,81008855,49.3904,42.4474,6.9430
2026-10-04 19:08:55,345115,69.1270,81032368,49.3905,42.4476,6.9429
2026-10-04 19:08:56,345214,69.1468,81055908,49.3890,42.4489,6.9401
2026-10-04 19:08:56,345313,69.1666,81080878,49.3904,42.4478,6.9426
2026-10-04 19:08:57,345412,69.1865,81105147,49.3879,42.4503,6.9376
2026-10-04 19:08:57,345511,69.2063,81130180,49.3883,42.4500,6.9384
2026-10-04 19:08:58,345610,69.2261,81154423,49.3859,42.4524,6.9335
2026-10-04 19:08:59,345709,69.2459,81179079,49.3854,42.4529,6.9325
2026-10-04 19:08:59,345808,69.2658,81203438,49.3846,42.4535,6.9311
2026-10-04 19:09:00,345907,69.2856,81227383,49.3835,42.4544,6.9291
2026-10-04 19:09:00,346006,69.3054,81252415,49.3829,42.4551,6.9279
2026-10-04 19:09:01,346105,69.3253,81276566,49.3804,42.4576,6.9228
2026-10-04 19:09:02,346204,69.3451,81301362,49.3796,42.4583,6.9212
2026-10-04 19:09:02,346303,69.3649,81324867,49.3789,42.4591,6.9198
2026-10-04 19:09:03,346402,69.3848,81349239,49.3776,42.4603,6.9173
2026-10-04 19:09:03,346501,69.4046,81372776,49.3774,42.4605,6.9168
2026-10-04 19:09:04,346600,69.4244,81396294,49.3741,42.4642,6.9098
2026-10-04 19:09:04,346699,69.4442,81421068,49.3738,42.4644,6.9094
2026-10-04 19:09:05,346798,69.4641,81445296,49.3726,42.4658,6.9068
2026-10-04 19:09:06,346897,69.4839,81468675,49.3705,42.4677,6.9028
2026-10-04 19:09:07,346996,69.5037,81493169,49.3700,42.4682,6.9018
2026-10-04 19:09:07,347095,69.5236,81516011,49.3686,42.4699,6.8987
2026-10-04 19:09:08,347194,69.5434,81540366,49.3665,42.4718,6.8947
2026-10-04 19:09:09,347293,69.5632,81564318,49.3650,42.4732,6.8918
2026-10-04 19:09:10,347392,69.5831,81588818,49.3642,42.4741,6.8901
2026-10-04 19:09:10,347491,69.6029,81612282,49.3617,42.4768,6.8849
2026-10-04 19:09:11,347590,69.6227,81637201,49.3600,42.4786,6.8814
2026-10-04 19:09:11,347689,69.6425,81660938,49.3585,42.4804,6.8781
2026-10-04 19:09:12,347788,69.6624,81683957,49.3576,42.4812,6.8764
2026-10-04 19:09:13,347887,69.6822,81707934,49.3572,42.4817,6.8754
2026-10-04 19:09:13,347986,69.7020,81730919,49.3553,42.4840,6.8713
2026-10-04 19:09:14,348085,69.7219,81754318,49.3546,42.4848,6.8698
2026-10-04 19:09:15,348184,69.7417,81778551,49.3529,42.4867,6.8662
2026-10-04 19:09:15,348283,69.7615,81802697,49.3511,42.4884,6.8627
2026-10-04 19:09:16,348382,69.7814,81826498,49.3503,42.4891,6.8612
2026-10-04 19:09:18,348481,69.8012,81850226,49.3495,42.4900,6.8595
2026-10-04 19:09:45,348580,69.8210,81874143,49.3495,42.4896,6.8599
2026-10-04 19:09:46,348679,69.8408,81898697,49.3476,42.4918,6.8559
2026-10-04 19:09:47,348778,69.8607,81923123,49.3469,42.4927,6.8542
2026-10-04 19:09:48,348877,69.8805,81946850,49.3459,42.4939,6.8519
2026-10-04 19:09:49,348976,69.9003,81970541,49.3451,42.4949,6.8503
2026-10-04 19:09:50,349075,69.9202,81994229,49.3449,42.4952,6.8497
2026-10-04 19:09:50,349174,69.9400,82018394,49.3436,42.4969,6.8466
2026-10-04 19:09:51,349273,69.9598,82042686,49.3415,42.4988,6.8427
2026-10-04 19:09:51,349372,69.9796,82066992,49.3405,42.5002,6.8403
2026-10-04 19:09:52,349471,69.9995,82089731,49.3384,42.5020,6.8365
2026-10-04 19:09:53,349570,70.0193,82114815,49.3383,42.5022,6.8361
2026-10-04 19:09:53,349669,70.0391,82138850,49.3357,42.5051,6.8305
2026-10-04 19:09:54,349768,70.0590,82163034,49.3352,42.5057,6.8295
2026-10-04 19:09:54,349867,70.0788,82187862,49.3327,42.5086,6.8241
2026-10-04 19:09:55,349966,70.0986,82212473,49.3315,42.5099,6.8216
2026-10-04 19:09:55,350065,70.1185,82237220,49.3309,42.5105,6.8204
2026-10-04 19:09:56,350164,70.1383,82261073,49.3293,42.5120,6.8173
2026-10-04 19:09:56,350263,70.1581,82285894,49.3291,42.5124,6.8167
2026-10-04 19:09:57,350362,70.1779,82308915,49.3269,42.5148,6.8120
2026-10-04 19:09:58,350461,70.1978,82333710,49.3264,42.5154,6.8110
2026-10-04 19:09:58,350560,70.2176,82358121,49.3265,42.5154,6.8111
2026-10-04 19:09:59,350659,70.2374,82382232,49.3239,42.5178,6.8062
2026-10-04 19:10:00,350758,70.2573,82406778,49.3235,42.5181,6.8053
2026-10-04 19:10:00,350857,70.2771,82431174,49.3218,42.5203,6.8015
2026-10-04 19:10:01,350956,70.2969,82455487,49.3200,42.5218,6.7983
2026-10-04 19:10:01,351055,70.3168,82480207,49.3199,42.5219,6.7980
2026-10-04 19:10:02,351154,70.3366,82504261,49.3182,42.5239,6.7943
2026-10-04 19:10:03,351253,70.3564,82528449,49.3171,42.5250,6.7920
2026-10-04 19:10:04,351352,70.3762,82552782,49.3159,42.5261,6.7898
2026-10-04 19:10:05,351451,70.3961,82576977,49.3143,42.5279,6.7865
2026-10-04 19:10:05,351550,70.4159,82601194,49.3128,42.5295,6.7833
2026-10-04 19:10:06,351649,70.4357,82625065,49.3111,42.5311,6.7800
2026-10-04 19:10:07,351748,70.4556,82649666,49.3100,42.5322,6.7779
2026-10-04 19:10:07,351847,70.4754,82673755,49.3103,42.5320,6.7783
2026-10-04 19:10:08,351946,70.4952,82699027,49.3092,42.5328,6.7764
2026-10-04 19:10:09,352045,70.5151,82723324,49.3078,42.5343,6.7736
2026-10-04 19:10:10,352144,70.5349,82747476,49.3077,42.5343,6.7733
2026-10-04 19:10:11,352243,70.5547,82771241,49.3074,42.5345,6.7728
2026-10-04 19:10:12,352342,70.5745,82796192,49.3074,42.5341,6.7732
2026-10-04 19:10:14,352441,70.5944,82820777,49.3065,42.5347,6.7719
2026-10-04 19:10:15,352540,70.6142,82844940,49.3043,42.5371,6.7672
2026-10-04 19:10:16,352639,70.6340,82870193,49.3032,42.5381,6.7651
2026-10-04 19:10:18,352738,70.6539,82894564,49.3010,42.5406,6.7604
2026-10-04 19:10:19,352837,70.6737,82918995,49.2998,42.5418,6.7580
2026-10-04 19:10:21,352936,70.6935,82943371,49.2988,42.5429,6.7560
2026-10-04 19:10:23,353035,70.7134,82967265,49.2970,42.5448,6.7523
2026-10-04 19:10:24,353134,70.7332,82992669,49.2960,42.5458,6.7502
2026-10-04 19:10:25,353233,70.7530,83017262,49.2949,42.5470,6.7478
2026-10-04 19:10:27,353332,70.7728,83040541,49.2939,42.5482,6.7457
2026-10-04 19:10:29,353431,70.7927,83064857,49.2926,42.5497,6.7429
2026-10-04 19:10:46,353530,70.8125,83088523,49.2912,42.5514,6.7398
2026-10-04 19:10:47,353629,70.8323,83113062,49.2895,42.5531,6.7364
2026-10-04 19:10:48,353728,70.8522,83136601,49.2878,42.5551,6.7327
2026-10-04 19:10:49,353827,70.8720,83161355,49.2866,42.5566,6.7301
2026-10-04 19:10:49,353926,70.8918,83186134,49.2856,42.5579,6.7278
2026-10-04 19:10:50,354025,70.9117,83210265,49.2835,42.5605,6.7230
2026-10-04 19:10:51,354124,70.9315,83234319,49.2821,42.5621,6.7200
2026-10-04 19:10:52,354223,70.9513,83258617,49.2817,42.5626,6.7191
2026-10-04 19:10:54,354322,70.9711,83282480,49.2810,42.5633,6.7177
2026-10-04 19:10:55,354421,70.9910,83306373,49.2798,42.5644,6.7154
2026-10-04 19:10:56,354520,71.0108,83330523,49.2788,42.5654,6.7134
2026-10-04 19:10:57,354619,71.0306,83354831,49.2776,42.5666,6.7110
2026-10-04 19:10:58,354718,71.0505,83378988,49.2762,42.5679,6.7083
2026-10-04 19:10:59,354817,71.0703,83403491,49.2753,42.5689,6.7064
2026-10-04 19:10:59,354916,71.0901,83428187,49.2751,42.5690,6.7062
2026-10-04 19:11:00,355015,71.1099,83453408,49.2742,42.5698,6.7044
2026-10-04 19:11:01,355114,71.1298,83477696,49.2733,42.5709,6.7024
2026-10-04 19:11:02,355213,71.1496,83502743,49.2730,42.5712,6.7018
2026-10-04 19:11:04,355312,71.1694,83527891,49.2724,42.5717,6.7008
2026-10-04 19:11:05,355411,71.1893,83552202,49.2714,42.5729,6.6984
2026-10-04 19:11:06,355510,71.2091,83576735,49.2710,42.5733,6.6978
2026-10-04 19:11:08,355609,71.2289,83601369,49.2702,42.5743,6.6959
2026-10-04 19:11:09,355708,71.2488,83625355,49.2695,42.5749,6.6946
2026-10-04 19:11:10,355807,71.2686,83650322,49.2689,42.5756,6.6933
2026-10-04 19:11:11,355906,71.2884,83674475,49.2672,42.5773,6.6900
2026-10-04 19:11:12,356005,71.3082,83698863,49.2661,42.5782,6.6880
2026-10-04 19:11:14,356104,71.3281,83722783,49.2644,42.5799,6.6845
2026-10-04 19:11:15,356203,71.3479,83746771,49.2637,42.5807,6.6830
2026-10-04 19:11:16,356302,71.3677,83770736,49.2624,42.5820,6.6803
2026-10-04 19:11:17,356401,71.3876,83795411,49.2610,42.5837,6.6773
2026-10-04 19:11:17,356500,71.4074,83819737,49.2609,42.5837,6.6771
2026-10-04 19:11:18,356599,71.4272,83843955,49.2593,42.5855,6.6738
2026-10-04 19:11:19,356698,71.4471,83868037,49.2577,42.5871,6.6706
2026-10-04 19:11:20,356797,71.4669,83892203,49.2563,42.5886,6.6678
2026-10-04 19:11:21,356896,71.4867,83916344,49.2555,42.5894,6.6661
2026-10-04 19:11:22,356995,71.5065,83940358,49.2536,42.5912,6.6625
2026-10-04 19:11:22,357094,71.5264,83965418,49.2533,42.5916,6.6617
2026-10-04 19:11:23,357193,71.5462,83989886,49.2525,42.5924,6.6601
2026-10-04 19:11:24,357292,71.5660,84013782,49.2514,42.5937,6.6576
2026-10-04 19:11:26,357391,71.5859,84038252,49.2506,42.5947,6.6559
2026-10-04 19:11:26,357490,71.6057,84062710,49.2488,42.5966,6.6522
2026-10-04 19:11:28,357589,71.6255,84087956,49.2468,42.5988,6.6480
2026-10-04 19:11:29,357688,71.6454,84112557,49.2459,42.5997,6.6463
2026-10-04 19:11:30,357787,71.6652,84136813,49.2459,42.5994,6.6465
2026-10-04 19:11:32,357886,71.6850,84160577,49.2448,42.6007,6.6441
2026-10-04 19:11:34,357985,71.7048,84184729,49.2438,42.6018,6.6420
2026-10-04 19:11:35,358084,71.7247,84208460,49.2429,42.6026,6.6403
2026-10-04 19:11:37,358183,71.7445,84233023,49.2425,42.6028,6.6397
2026-10-04 19:11:40,358282,71.7643,84258014,49.2404,42.6051,6.6354
2026-10-04 19:11:46,358381,71.7842,84283411,49.2384,42.6071,6.6312
2026-10-04 19:11:46,358480,71.8040,84307428,49.2377,42.6078,6.6299
2026-10-04 19:11:47,358579,71.8238,84331834,49.2366,42.6092,6.6274
2026-10-04 19:11:48,358678,71.8437,84356467,49.2341,42.6119,6.6222
2026-10-04 19:11:49,358777,71.8635,84381421,49.2331,42.6128,6.6203
2026-10-04 19:11:49,358876,71.8833,84405743,49.2327,42.6134,6.6193
2026-10-04 19:11:50,358975,71.9031,84430843,49.2306,42.6159,6.6147
2026-10-04 19:11:51,359074,71.9230,84455240,49.2292,42.6174,6.6117
2026-10-04 19:11:51,359173,71.9428,84480133,49.2286,42.6182,6.6105
2026-10-04 19:11:52,359272,71.9626,84504488,49.2259,42.6210,6.6049
2026-10-04 19:11:52,359371,71.9825,84528959,49.2265,42.6205,6.6060
2026-10-04 19:11:53,359470,72.0023,84553587,49.2242,42.6229,6.6013
2026-10-04 19:11:53,359569,72.0221,84579333,49.2239,42.6232,6.6007
2026-10-04 19:11:54,359668,72.0420,84604384,49.2208,42.6265,6.5943
2026-10-04 19:11:55,359767,72.0618,84628957,49.2213,42.6261,6.5952
2026-10-04 19:11:55,359866,72.0816,84652498,49.2182,42.6295,6.5887
2026-10-04 19:11:56,359965,72.1014,84677031,49.2181,42.6297,6.5884
2026-10-04 19:11:56,360064,72.1213,84700936,49.2162,42.6316,6.5846
2026-10-04 19:11:57,360163,72.1411,84725709,49.2163,42.6315,6.5848
2026-10-04 19:11:57,360262,72.1609,84749742,49.2142,42.6338,6.5804
2026-10-04 19:11:58,360361,72.1808,84774256,49.2143,42.6336,6.5807
2026-10-04 19:11:58,360460,72.2006,84798681,49.2120,42.6361,6.5760
2026-10-04 19:11:59,360559,72.2204,84822723,49.2108,42.6371,6.5738
2026-10-04 19:11:59,360658,72.2402,84846591,49.2095,42.6387,6.5708
2026-10-04 19:12:00,360757,72.2601,84871264,49.2091,42.6390,6.5701
2026-10-04 19:12:00,360856,72.2799,84895588,49.2087,42.6396,6.5691
2026-10-04 19:12:01,360955,72.2997,84919999,49.2065,42.6416,6.5649
2026-10-04 19:12:01,361054,72.3196,84944654,49.2066,42.6420,6.5647
2026-10-04 19:12:02,361153,72.3394,84968870,49.2049,42.6436,6.5614
2026-10-04 19:12:02,361252,72.3592,84992674,49.2060,42.6429,6.5631
2026-10-04 19:12:03,361351,72.3791,85016481,49.2036,42.6449,6.5587
2026-10-04 19:12:03,361450,72.3989,85040722,49.2038,42.6448,6.5590
2026-10-04 19:12:04,361549,72.4187,85064475,49.2020,42.6466,6.5554
2026-10-04 19:12:04,361648,72.4385,85089256,49.2013,42.6471,6.5542
2026-10-04 19:12:05,361747,72.4584,85112969,49.1991,42.6496,6.5495
2026-10-04 19:12:05,361846,72.4782,85137414,49.1995,42.6492,6.5503
2026-10-04 19:12:06,361945,72.4980,85161654,49.1971,42.6522,6.5449
2026-10-04 19:12:06,362044,72.5179,85186040,49.1977,42.6514,6.5462
2026-10-04 19:12:07,362143,72.5377,85210147,49.1959,42.6536,6.5424
2026-10-04 19:12:08,362242,72.5575,85233889,49.1957,42.6539,6.5418
2026-10-04 19:12:08,362341,72.5774,85258077,49.1933,42.6566,6.5367
2026-10-04 19:12:09,362440,72.5972,85281606,49.1925,42.6575,6.5350
2026-10-04 19:12:09,362539,72.6170,85305256,49.1915,42.6587,6.5328
2026-10-04 19:12:10,362638,72.6368,85329298,49.1905,42.6596,6.5309
2026-10-04 19:12:10,362737,72.6567,85354209,49.1906,42.6597,6.5308
2026-10-04 19:12:11,362836,72.6765,85378969,49.1903,42.6599,6.5303
2026-10-04 19:12:12,362935,72.6963,85402566,49.1902,42.6599,6.5303
2026-10-04 19:12:13,363034,72.7162,85426780,49.1900,42.6598,6.5302
2026-10-04 19:12:15,363133,72.7360,85451020,49.1903,42.6592,6.5311
2026-10-04 19:12:46,363232,72.7558,85474981,49.1896,42.6598,6.5298
2026-10-04 19:12:47,363331,72.7757,85498583,49.1895,42.6601,6.5294
2026-10-04 19:12:48,363430,72.7955,85522634,49.1886,42.6612,6.5274
2026-10-04 19:12:49,363529,72.8153,85546644,49.1876,42.6624,6.5252
2026-10-04 19:12:50,363628,72.8351,85570613,49.1862,42.6641,6.5221
2026-10-04 19:12:51,363727,72.8550,85595240,49.1854,42.6649,6.5205
2026-10-04 19:12:52,363826,72.8748,85619238,49.1838,42.6666,6.5172
2026-10-04 19:12:53,363925,72.8946,85643727,49.1834,42.6672,6.5163
2026-10-04 19:12:54,364024,72.9145,85668135,49.1828,42.6681,6.5147
2026-10-04 19:12:54,364123,72.9343,85692103,49.1828,42.6681,6.5147
2026-10-04 19:12:55,364222,72.9541,85715765,49.1803,42.6709,6.5094
2026-10-04 19:12:56,364321,72.9740,85740214,49.1795,42.6718,6.5077
2026-10-04 19:12:56,364420,72.9938,85763997,49.1791,42.6721,6.5070
2026-10-04 19:12:57,364519,73.0136,85788960,49.1785,42.6727,6.5058
2026-10-04 19:12:57,364618,73.0334,85812653,49.1791,42.6723,6.5068
2026-10-04 19:12:58,364717,73.0533,85835997,49.1766,42.6750,6.5016
2026-10-04 19:12:59,364816,73.0731,85860415,49.1763,42.6755,6.5008
2026-10-04 19:12:59,364915,73.0929,85884572,49.1760,42.6759,6.5001
2026-10-04 19:13:00,365014,73.1128,85909155,49.1753,42.6767,6.4986
2026-10-04 19:13:01,365113,73.1326,85933630,49.1740,42.6780,6.4960
2026-10-04 19:13:02,365212,73.1524,85957690,49.1734,42.6786,6.4948
2026-10-04 19:13:03,365311,73.1723,85981649,49.1729,42.6791,6.4937
2026-10-04 19:13:04,365410,73.1921,86006149,49.1724,42.6795,6.4928
2026-10-04 19:13:04,365509,73.2119,86030353,49.1714,42.6806,6.4908
2026-10-04 19:13:05,365608,73.2317,86053981,49.1701,42.6824,6.4877
2026-10-04 19:13:06,365707,73.2516,86078319,49.1694,42.6829,6.4865
2026-10-04 19:13:07,365806,73.2714,86103659,49.1687,42.6836,6.4851
2026-10-04 19:13:07,365905,73.2912,86127477,49.1690,42.6835,6.4855
2026-10-04 19:13:08,366004,73.3111,86151433,49.1680,42.6846,6.4834
2026-10-04 19:13:09,366103,73.3309,86175580,49.1658,42.6869,6.4788
2026-10-04 19:13:10,366202,73.3507,86200076,49.1652,42.6874,6.4778
2026-10-04 19:13:11,366301,73.3705,86223917,49.1636,42.6892,6.4744
2026-10-04 19:13:12,366400,73.3904,86248578,49.1625,42.6905,6.4720
2026-10-04 19:13:14,366499,73.4102,86273383,49.1617,42.6912,6.4705
2026-10-04 19:13:15,366598,73.4300,86297602,49.1609,42.6919,6.4690
2026-10-04 19:13:16,366697,73.4499,86321830,49.1602,42.6925,6.4677
2026-10-04 19:13:17,366796,73.4697,86346293,49.1596,42.6934,6.4662
2026-10-04 19:13:18,366895,73.4895,86370096,49.1587,42.6943,6.4644
2026-10-04 19:13:19,366994,73.5094,86394181,49.1575,42.6955,6.4621
2026-10-04 19:13:19,367093,73.5292,86418427,49.1565,42.6966,6.4600
2026-10-04 19:13:20,367192,73.5490,86442863,49.1536,42.6999,6.4537
2026-10-04 19:13:21,367291,73.5688,86467044,49.1526,42.7010,6.4516
2026-10-04 19:13:21,367390,73.5887,86491404,49.1520,42.7016,6.4504
2026-10-04 19:13:22,367489,73.6085,86516142,49.1503,42.7036,6.4467
2026-10-04 19:13:23,367588,73.6283,86541452,49.1498,42.7042,6.4456
2026-10-04 19:13:23,367687,73.6482,86565492,49.1493,42.7047,6.4446
2026-10-04 19:13:24,367786,73.6680,86590294,49.1482,42.7061,6.4421
2026-10-04 19:13:25,367885,73.6878,86615252,49.1470,42.7072,6.4398
2026-10-04 19:13:27,367984,73.7077,86638932,49.1471,42.7069,6.4402
2026-10-04 19:13:46,368083,73.7275,86662881,49.1459,42.7082,6.4377
2026-10-04 19:13:47,368182,73.7473,86687654,49.1447,42.7095,6.4352
2026-10-04 19:13:49,368281,73.7671,86712275,49.1436,42.7107,6.4329
2026-10-04 19:13:50,368380,73.7870,86736429,49.1426,42.7119,6.4306
2026-10-04 19:13:50,368479,73.8068,86760624,49.1429,42.7117,6.4312
2026-10-04 19:13:51,368578,73.8266,86784568,49.1414,42.7134,6.4279
2026-10-04 19:13:52,368677,73.8465,86808543,49.1410,42.7140,6.4270
2026-10-04 19:13:53,368776,73.8663,86832404,49.1399,42.7154,6.4245
2026-10-04 19:13:54,368875,73.8861,86856327,49.1393,42.7162,6.4231
2026-10-04 19:13:55,368974,73.9060,86880007,49.1385,42.7170,6.4215
2026-10-04 19:13:56,369073,73.9258,86904858,49.1377,42.7180,6.4197
2026-10-04 19:13:57,369172,73.9456,86928552,49.1360,42.7201,6.4159
2026-10-04 19:13:58,369271,73.9654,86952681,49.1357,42.7206,6.4152
2026-10-04 19:13:59,369370,73.9853,86976940,49.1349,42.7212,6.4137
2026-10-04 19:14:00,369469,74.0051,87001472,49.1342,42.7221,6.4121
2026-10-04 19:14:00,369568,74.0249,87026032,49.1347,42.7217,6.4130
2026-10-04 19:14:01,369667,74.0448,87049803,49.1338,42.7230,6.4109
2026-10-04 19:14:02,369766,74.0646,87073964,49.1324,42.7247,6.4077
2026-10-04 19:14:03,369865,74.0844,87098436,49.1318,42.7252,6.4066
2026-10-04 19:14:04,369964,74.1043,87123321,49.1303,42.7267,6.4035
2026-10-04 19:14:04,370063,74.1241,87147275,49.1302,42.7268,6.4034
2026-10-04 19:14:05,370162,74.1439,87172101,49.1300,42.7271,6.4029
2026-10-04 19:14:06,370261,74.1637,87196282,49.1285,42.7288,6.3997
2026-10-04 19:14:07,370360,74.1836,87219787,49.1279,42.7294,6.3985
2026-10-04 19:14:08,370459,74.2034,87245082,49.1276,42.7297,6.3978
2026-10-04 19:14:09,370558,74.2232,87270148,49.1268,42.7304,6.3963
2026-10-04 19:14:10,370657,74.2431,87294242,49.1257,42.7314,6.3944
2026-10-04 19:14:12,370756,74.2629,87317946,49.1239,42.7336,6.3903
2026-10-04 19:14:13,370855,74.2827,87341943,49.1218,42.7357,6.3862
2026-10-04 19:14:14,370954,74.3026,87366894,49.1213,42.7363,6.3850
2026-10-04 19:14:15,371053,74.3224,87391172,49.1204,42.7375,6.3829
2026-10-04 19:14:16,371152,74.3422,87415865,49.1191,42.7391,6.3800
2026-10-04 19:14:17,371251,74.3620,87440950,49.1183,42.7399,6.3784
2026-10-04 19:14:18,371350,74.3819,87464780,49.1164,42.7421,6.3743
2026-10-04 19:14:19,371449,74.4017,87489424,49.1157,42.7431,6.3726
2026-10-04 19:14:20,371548,74.4215,87513097,49.1144,42.7446,6.3697
2026-10-04 19:14:20,371647,74.4414,87537774,49.1116,42.7479,6.3637
2026-10-04 19:14:21,371746,74.4612,87562323,49.1101,42.7495,6.3607
2026-10-04 19:14:21,371845,74.4810,87585976,49.1083,42.7518,6.3566
2026-10-04 19:14:22,371944,74.5008,87611071,49.1069,42.7532,6.3538
2026-10-04 19:14:22,372043,74.5207,87635425,49.1061,42.7543,6.3518
2026-10-04 19:14:23,372142,74.5405,87659084,49.1036,42.7572,6.3463
2026-10-04 19:14:24,372241,74.5603,87683366,49.1025,42.7585,6.3440
2026-10-04 19:14:25,372340,74.5802,87708530,49.1024,42.7586,6.3438
2026-10-04 19:14:25,372439,74.6000,87732533,49.1012,42.7600,6.3413
2026-10-04 19:14:26,372538,74.6198,87755834,49.1006,42.7607,6.3399
2026-10-04 19:14:27,372637,74.6397,87780619,49.0991,42.7624,6.3367
2026-10-04 19:14:28,372736,74.6595,87804989,49.0984,42.7631,6.3353
2026-10-04 19:14:29,372835,74.6793,87829232,49.0984,42.7629,6.3355
2026-10-04 19:14:46,372934,74.6991,87854073,49.0979,42.7632,6.3347
2026-10-04 19:14:47,373033,74.7190,87878643,49.0961,42.7652,6.3309
2026-10-04 19:14:48,373132,74.7388,87902462,49.0952,42.7664,6.3288
2026-10-04 19:14:49,373231,74.7586,87927047,49.0937,42.7680,6.3257
2026-10-04 19:14:50,373330,74.7785,87950918,49.0927,42.7692,6.3235
2026-10-04 19:14:51,373429,74.7983,87976680,49.0915,42.7706,6.3209
2026-10-04 19:14:52,373528,74.8181,88001996,49.0905,42.7718,6.3188
2026-10-04 19:14:52,373627,74.8380,88026062,49.0899,42.7726,6.3173
2026-10-04 19:14:53,373726,74.8578,88050678,49.0884,42.7744,6.3140
2026-10-04 19:14:54,373825,74.8776,88074796,49.0874,42.7754,6.3120
2026-10-04 19:14:55,373924,74.8974,88100008,49.0866,42.7764,6.3102
2026-10-04 19:14:55,374023,74.9173,88124399,49.0838,42.7796,6.3042
2026-10-04 19:14:56,374122,74.9371,88150113,49.0824,42.7811,6.3014
2026-10-04 19:14:56,374221,74.9569,88174416,49.0822,42.7814,6.3008
2026-10-04 19:14:57,374320,74.9768,88198537,49.0801,42.7837,6.2964
2026-10-04 19:14:58,374419,74.9966,88222574,49.0789,42.7848,6.2941
2026-10-04 19:14:59,374518,75.0164,88247885,49.0774,42.7863,6.2911
2026-10-04 19:15:00,374617,75.0363,88272319,49.0770,42.7869,6.2901
2026-10-04 19:15:00,374716,75.0561,88296047,49.0752,42.7889,6.2864
2026-10-04 19:15:02,374815,75.0759,88320810,49.0745,42.7898,6.2847
2026-10-04 19:15:02,374914,75.0957,88345123,49.0737,42.7908,6.2828
2026-10-04 19:15:03,375013,75.1156,88369400,49.0729,42.7918,6.2811
2026-10-04 19:15:04,375112,75.1354,88393090,49.0710,42.7937,6.2773
2026-10-04 19:15:05,375211,75.1552,88416860,49.0698,42.7950,6.2748
2026-10-04 19:15:06,375310,75.1751,88440911,49.0687,42.7961,6.2726
2026-10-04 19:15:07,375409,75.1949,88465875,49.0677,42.7973,6.2704
2026-10-04 19:15:08,375508,75.2147,88490677,49.0666,42.7984,6.2682
2026-10-04 19:15:10,375607,75.2346,88515242,49.0654,42.7997,6.2657
2026-10-04 19:15:11,375706,75.2544,88540482,49.0647,42.8005,6.2642
2026-10-04 19:15:12,375805,75.2742,88565082,49.0629,42.8024,6.2604
2026-10-04 19:15:13,375904,75.2940,88589163,49.0622,42.8033,6.2590
2026-10-04 19:15:14,376003,75.3139,88613576,49.0608,42.8048,6.2559
2026-10-04 19:15:16,376102,75.3337,88637233,49.0586,42.8071,6.2515
2026-10-04 19:15:17,376201,75.3535,88660973,49.0589,42.8070,6.2519
2026-10-04 19:15:19,376300,75.3734,88685586,49.0571,42.8090,6.2481
2026-10-04 19:15:20,376399,75.3932,88710303,49.0562,42.8101,6.2461
2026-10-04 19:15:21,376498,75.4130,88733891,49.0546,42.8119,6.2427
2026-10-04 19:15:23,376597,75.4329,88757491,49.0531,42.8137,6.2393
2026-10-04 19:15:24,376696,75.4527,88782494,49.0519,42.8152,6.2367
2026-10-04 19:15:25,376795,75.4725,88806583,49.0503,42.8171,6.2332
2026-10-04 19:15:26,376894,75.4923,88830235,49.0495,42.8182,6.2313
2026-10-04 19:15:27,376993,75.5122,88855224,49.0475,42.8203,6.2272
2026-10-04 19:15:28,377092,75.5320,88879828,49.0467,42.8215,6.2251
2026-10-04 19:15:28,377191,75.5518,88903604,49.0444,42.8241,6.2204
2026-10-04 19:15:29,377290,75.5717,88927733,49.0427,42.8260,6.2167
2026-10-04 19:15:29,377389,75.5915,88952990,49.0431,42.8259,6.2172
2026-10-04 19:15:30,377488,75.6113,88976964,49.0415,42.8279,6.2136
2026-10-04 19:15:31,377587,75.6311,89001049,49.0410,42.8286,6.2123
2026-10-04 19:15:32,377686,75.6510,89025270,49.0405,42.8292,6.2113
2026-10-04 19:15:46,377785,75.6708,89049463,49.0392,42.8306,6.2086
2026-10-04 19:15:47,377884,75.6906,89072798,49.0378,42.8322,6.2056
2026-10-04 19:15:48,377983,75.7105,89097450,49.0369,42.8334,6.2035
2026-10-04 19:15:49,378082,75.7303,89121340,49.0357,42.8348,6.2010
2026-10-04 19:15:50,378181,75.7501,89145592,49.0345,42.8362,6.1983
2026-10-04 19:15:50,378280,75.7700,89169775,49.0324,42.8389,6.1935
2026-10-04 19:15:51,378379,75.7898,89194393,49.0317,42.8395,6.1922
2026-10-04 19:15:51,378478,75.8096,89219234,49.0313,42.8402,6.1911
2026-10-04 19:15:52,378577,75.8294,89242846,49.0295,42.8421,6.1874
2026-10-04 19:15:53,378676,75.8493,89267584,49.0286,42.8433,6.1852
2026-10-04 19:15:53,378775,75.8691,89292123,49.0266,42.8456,6.1811
2026-10-04 19:15:54,378874,75.8889,89314992,49.0256,42.8468,6.1788
2026-10-04 19:15:55,378973,75.9088,89339332,49.0241,42.8485,6.1756
2026-10-04 19:15:55,379072,75.9286,89363107,49.0236,42.8494,6.1742
2026-10-04 19:15:56,379171,75.9484,89385886,49.0212,42.8522,6.1690
2026-10-04 19:15:57,379270,75.9683,89411060,49.0207,42.8528,6.1680
2026-10-04 19:15:57,379369,75.9881,89435130,49.0185,42.8555,6.1630
2026-10-04 19:15:58,379468,76.0079,89460417,49.0182,42.8558,6.1623
2026-10-04 19:15:58,379567,76.0277,89484101,49.0169,42.8574,6.1595
2026-10-04 19:15:59,379666,76.0476,89508748,49.0158,42.8585,6.1573
2026-10-04 19:15:59,379765,76.0674,89533325,49.0156,42.8586,6.1570
2026-10-04 19:16:00,379864,76.0872,89557084,49.0136,42.8607,6.1529
2026-10-04 19:16:00,379963,76.1071,89581636,49.0134,42.8609,6.1525
2026-10-04 19:16:01,380062,76.1269,89605477,49.0116,42.8630,6.1486
2026-10-04 19:16:02,380161,76.1467,89630727,49.0104,42.8644,6.1460
2026-10-04 19:16:02,380260,76.1666,89654437,49.0084,42.8667,6.1417
2026-10-04 19:16:03,380359,76.1864,89678152,49.0073,42.8680,6.1393
2026-10-04 19:16:03,380458,76.2062,89701811,49.0069,42.8685,6.1384
2026-10-04 19:16:04,380557,76.2260,89724946,49.0044,42.8712,6.1331
2026-10-04 19:16:04,380656,76.2459,89748941,49.0030,42.8729,6.1301
2026-10-04 19:16:05,380755,76.2657,89772243,49.0011,42.8752,6.1258
2026-10-04 19:16:05,380854,76.2855,89796770,49.0016,42.8750,6.1266
2026-10-04 19:16:06,380953,76.3054,89821153,48.9997,42.8772,6.1225
2026-10-04 19:16:07,381052,76.3252,89845424,49.0002,42.8766,6.1236
2026-10-04 19:16:07,381151,76.3450,89869110,48.9978,42.8793,6.1186
2026-10-04 19:16:08,381250,76.3649,89894275,48.9992,42.8780,6.1212
2026-10-04 19:16:08,381349,76.3847,89917951,48.9974,42.8802,6.1171
2026-10-04 19:16:09,381448,76.4045,89941767,48.9965,42.8812,6.1153
2026-10-04 19:16:09,381547,76.4243,89965127,48.9950,42.8831,6.1119
2026-10-04 19:16:10,381646,76.4442,89989679,48.9933,42.8849,6.1084
2026-10-04 19:16:10,381745,76.4640,90013052,48.9917,42.8868,6.1049
2026-10-04 19:16:11,381844,76.4838,90037695,48.9909,42.8875,6.1035
2026-10-04 19:16:11,381943,76.5037,90062342,48.9901,42.8884,6.1018
2026-10-04 19:16:12,382042,76.5235,90085805,48.9884,42.8901,6.0983
2026-10-04 19:16:12,382141,76.5433,90109891,48.9880,42.8904,6.0976
2026-10-04 19:16:13,382240,76.5632,90134704,48.9866,42.8918,6.0948
2026-10-04 19:16:14,382339,76.5830,90158336,48.9866,42.8919,6.0947
2026-10-04 19:16:15,382438,76.6028,90182559,48.9866,42.8917,6.0949
2026-10-04 19:16:17,382537,76.6226,90206245,48.9861,42.8921,6.0940
2026-10-04 19:16:47,382636,76.6425,90230183,48.9853,42.8928,6.0924
2026-10-04 19:16:48,382735,76.6623,90254704,48.9840,42.8943,6.0897
2026-10-04 19:16:48,382834,76.6821,90279301,48.9832,42.8951,6.0882
2026-10-04 19:16:49,382933,76.7020,90303946,48.9817,42.8969,6.0848
2026-10-04 19:16:50,383032,76.7218,90327701,48.9820,42.8966,6.0854
2026-10-04 19:16:51,383131,76.7416,90352858,48.9809,42.8979,6.0830
2026-10-04 19:16:51,383230,76.7614,90377156,48.9802,42.8990,6.0812
2026-10-04 19:16:52,383329,76.7813,90401388,48.9787,42.9007,6.0780
2026-10-04 19:16:52,383428,76.8011,90426477,48.9788,42.9008,6.0781
2026-10-04 19:16:53,383527,76.8209,90450715,48.9777,42.9020,6.0757
2026-10-04 19:16:54,383626,76.8408,90475695,48.9777,42.9021,6.0756
2026-10-04 19:16:54,383725,76.8606,90499136,48.9756,42.9046,6.0710
2026-10-04 19:16:55,383824,76.8804,90524285,48.9749,42.9051,6.0698
2026-10-04 19:16:55,383923,76.9003,90548711,48.9734,42.9070,6.0664
2026-10-04 19:16:56,384022,76.9201,90573616,48.9721,42.9083,6.0639
2026-10-04 19:16:56,384121,76.9399,90597973,48.9720,42.9086,6.0634
2026-10-04 19:16:57,384220,76.9597,90621998,48.9700,42.9110,6.0590
2026-10-04 19:16:57,384319,76.9796,90647298,48.9701,42.9110,6.0590
2026-10-04 19:16:58,384418,76.9994,90671854,48.9679,42.9135,6.0544
2026-10-04 19:16:59,384517,77.0192,90696145,48.9669,42.9145,6.0524
2026-10-04 19:17:00,384616,77.0391,90720435,48.9663,42.9152,6.0511
2026-10-04 19:17:00,384715,77.0589,90744509,48.9658,42.9157,6.0501
2026-10-04 19:17:01,384814,77.0787,90769076,48.9653,42.9163,6.0490
2026-10-04 19:17:02,384913,77.0986,90793255,48.9633,42.9187,6.0446
2026-10-04 19:17:03,385012,77.1184,90817418,48.9622,42.9199,6.0424
2026-10-04 19:17:04,385111,77.1382,90841895,48.9609,42.9213,6.0397
2026-10-04 19:17:04,385210,77.1580,90866540,48.9599,42.9224,6.0376
2026-10-04 19:17:05,385309,77.1779,90890092,48.9586,42.9238,6.0348
2026-10-04 19:17:06,385408,77.1977,90914812,48.9575,42.9251,6.0324
2026-10-04 19:17:07,385507,77.2175,90939338,48.9564,42.9263,6.0301
2026-10-04 19:17:09,385606,77.2374,90964597,48.9553,42.9274,6.0279
2026-10-04 19:17:10,385705,77.2572,90989117,48.9536,42.9294,6.0241
2026-10-04 19:17:11,385804,77.2770,91013165,48.9525,42.9306,6.0219
2026-10-04 19:17:12,385903,77.2969,91037868,48.9501,42.9334,6.0167
2026-10-04 19:17:14,386002,77.3167,91062200,48.9482,42.9357,6.0125
2026-10-04 19:17:15,386101,77.3365,91086689,48.9471,42.9369,6.0102
2026-10-04 19:17:16,386200,77.3563,91110493,48.9458,42.9385,6.0072
2026-10-04 19:17:17,386299,77.3762,91135043,48.9442,42.9402,6.0040
2026-10-04 19:17:18,386398,77.3960,91159050,48.9440,42.9405,6.0034
2026-10-04 19:17:19,386497,77.4158,91182749,48.9427,42.9421,6.0006
2026-10-04 19:17:21,386596,77.4357,91207904,48.9424,42.9424,6.0000
2026-10-04 19:17:22,386695,77.4555,91232913,48.9411,42.9439,5.9972
2026-10-04 19:17:24,386794,77.4753,91258034,48.9397,42.9453,5.9944
2026-10-04 19:17:25,386893,77.4952,91282336,48.9379,42.9472,5.9907
2026-10-04 19:17:26,386992,77.5150,91306603,48.9369,42.9482,5.9887
2026-10-04 19:17:26,387091,77.5348,91330877,48.9359,42.9493,5.9867
2026-10-04 19:17:27,387190,77.5546,91355180,48.9344,42.9510,5.9834
2026-10-04 19:17:29,387289,77.5745,91380129,48.9330,42.9522,5.9808
2026-10-04 19:17:30,387388,77.5943,91404259,48.9319,42.9534,5.9784
2026-10-04 19:17:47,387487,77.6141,91428442,48.9308,42.9544,5.9764
2026-10-04 19:17:48,387586,77.6340,91453487,48.9298,42.9554,5.9744
2026-10-04 19:17:49,387685,77.6538,91478806,48.9292,42.9560,5.9733
2026-10-04 19:17:50,387784,77.6736,91503267,48.9284,42.9571,5.9714
2026-10-04 19:17:50,387883,77.6935,91528022,48.9275,42.9581,5.9694
2026-10-04 19:17:51,387982,77.7133,91552919,48.9257,42.9599,5.9658
2026-10-04 19:17:51,388081,77.7331,91578087,48.9257,42.9602,5.9655
2026-10-04 19:17:52,388180,77.7529,91601785,48.9231,42.9632,5.9599
2026-10-04 19:17:53,388279,77.7728,91626867,48.9224,42.9641,5.9583
2026-10-04 19:17:53,388378,77.7926,91650910,48.9216,42.9651,5.9565
2026-10-04 19:17:54,388477,77.8124,91674871,48.9205,42.9663,5.9542
2026-10-04 19:17:55,388576,77.8323,91699874,48.9195,42.9674,5.9521
2026-10-04 19:17:55,388675,77.8521,91724736,48.9181,42.9691,5.9490
2026-10-04 19:17:56,388774,77.8719,91748978,48.9170,42.9703,5.9467
2026-10-04 19:17:56,388873,77.8917,91774323,48.9176,42.9697,5.9479
2026-10-04 19:17:57,388972,77.9116,91798342,48.9155,42.9720,5.9435
2026-10-04 19:17:58,389071,77.9314,91823469,48.9150,42.9727,5.9423
2026-10-04 19:17:58,389170,77.9512,91847538,48.9127,42.9753,5.9374
2026-10-04 19:17:59,389269,77.9711,91872652,48.9112,42.9768,5.9344
2026-10-04 19:17:59,389368,77.9909,91896834,48.9113,42.9770,5.9343
2026-10-04 19:18:00,389467,78.0107,91922202,48.9096,42.9785,5.9311
2026-10-04 19:18:00,389566,78.0306,91946989,48.9101,42.9780,5.9321
2026-10-04 19:18:01,389665,78.0504,91971210,48.9075,42.9809,5.9266
2026-10-04 19:18:01,389764,78.0702,91996584,48.9080,42.9804,5.9276
2026-10-04 19:18:02,389863,78.0900,92019992,48.9054,42.9834,5.9220
2026-10-04 19:18:03,389962,78.1099,92044511,48.9046,42.9842,5.9204
2026-10-04 19:18:03,390061,78.1297,92069955,48.9024,42.9867,5.9157
2026-10-04 19:18:04,390160,78.1495,92095148,48.9014,42.9879,5.9135
2026-10-04 19:18:04,390259,78.1694,92118526,48.8997,42.9901,5.9097
2026-10-04 19:18:05,390358,78.1892,92143461,48.8987,42.9912,5.9075
2026-10-04 19:18:05,390457,78.2090,92166963,48.8968,42.9933,5.9035
2026-10-04 19:18:06,390556,78.2289,92190925,48.8954,42.9947,5.9007
2026-10-04 19:18:06,390655,78.2487,92215052,48.8953,42.9951,5.9002
2026-10-04 19:18:07,390754,78.2685,92238897,48.8935,42.9968,5.8967
2026-10-04 19:18:07,390853,78.2883,92262536,48.8929,42.9976,5.8953
2026-10-04 19:18:08,390952,78.3082,92285453,48.8911,42.9995,5.8916
2026-10-04 19:18:09,391051,78.3280,92310989,48.8897,43.0011,5.8886
2026-10-04 19:18:09,391150,78.3478,92335852,48.8896,43.0013,5.8883
2026-10-04 19:18:10,391249,78.3677,92359621,48.8880,43.0030,5.8851
2026-10-04 19:18:11,391348,78.3875,92384670,48.8873,43.0039,5.8834
2026-10-04 19:18:11,391447,78.4073,92408733,48.8841,43.0075,5.8766
2026-10-04 19:18:12,391546,78.4272,92433856,48.8833,43.0084,5.8749
2026-10-04 19:18:13,391645,78.4470,92458379,48.8826,43.0092,5.8734
2026-10-04 19:18:13,391744,78.4668,92483509,48.8826,43.0092,5.8734
2026-10-04 19:18:14,391843,78.4866,92507808,48.8812,43.0107,5.8705
2026-10-04 19:18:15,391942,78.5065,92531096,48.8798,43.0124,5.8674
2026-10-04 19:18:16,392041,78.5263,92554453,48.8790,43.0134,5.8656
2026-10-04 19:18:18,392140,78.5461,92579451,48.8792,43.0132,5.8659
2026-10-04 19:18:22,392239,78.5660,92604186,48.8788,43.0135,5.8653
2026-10-04 19:18:47,392338,78.5858,92628239,48.8769,43.0157,5.8612
2026-10-04 19:18:48,392437,78.6056,92652518,48.8752,43.0176,5.8576
2026-10-04 19:18:49,392536,78.6255,92675769,48.8738,43.0194,5.8544
2026-10-04 19:18:50,392635,78.6453,92700530,48.8722,43.0211,5.8511
2026-10-04 19:18:51,392734,78.6651,92724762,48.8708,43.0230,5.8479
2026-10-04 19:18:51,392833,78.6849,92748977,48.8693,43.0246,5.8447
2026-10-04 19:18:52,392932,78.7048,92772409,48.8675,43.0265,5.8410
2026-10-04 19:18:53,393031,78.7246,92797601,48.8671,43.0270,5.8401
2026-10-04 19:18:53,393130,78.7444,92821848,48.8668,43.0273,5.8395
2026-10-04 19:18:54,393229,78.7643,92846137,48.8660,43.0283,5.8377
2026-10-04 19:18:55,393328,78.7841,92871326,48.8654,43.0290,5.8364
2026-10-04 19:18:55,393427,78.8039,92895637,48.8648,43.0296,5.8351
2026-10-04 19:18:56,393526,78.8238,92919969,48.8637,43.0309,5.8328
2026-10-04 19:18:57,393625,78.8436,92944971,48.8622,43.0323,5.8299
2026-10-04 19:18:58,393724,78.8634,92970077,48.8621,43.0324,5.8296
2026-10-04 19:18:58,393823,78.8832,92995929,48.8614,43.0333,5.8281
2026-10-04 19:18:59,393922,78.9031,93020474,48.8601,43.0350,5.8251
2026-10-04 19:19:00,394021,78.9229,93045385,48.8599,43.0351,5.8249
2026-10-04 19:19:00,394120,78.9427,93069927,48.8597,43.0353,5.8245
2026-10-04 19:19:01,394219,78.9626,93094428,48.8586,43.0367,5.8218
2026-10-04 19:19:02,394318,78.9824,93119497,48.8573,43.0380,5.8194
2026-10-04 19:19:03,394417,79.0022,93144201,48.8565,43.0389,5.8176
2026-10-04 19:19:04,394516,79.0220,93169358,48.8564,43.0391,5.8174
2026-10-04 19:19:04,394615,79.0419,93194366,48.8557,43.0400,5.8157
2026-10-04 19:19:05,394714,79.0617,93218579,48.8539,43.0422,5.8117
2026-10-04 19:19:06,394813,79.0815,93243780,48.8524,43.0439,5.8085
2026-10-04 19:19:07,394912,79.1014,93267916,48.8513,43.0449,5.8063
2026-10-04 19:19:08,395011,79.1212,93293178,48.8508,43.0455,5.8053
2026-10-04 19:19:08,395110,79.1410,93317773,48.8508,43.0457,5.8051
2026-10-04 19:19:09,395209,79.1609,93341349,48.8489,43.0478,5.8011
2026-10-04 19:19:10,395308,79.1807,93365877,48.8477,43.0493,5.7985
2026-10-04 19:19:10,395407,79.2005,93390212,48.8463,43.0509,5.7954
2026-10-04 19:19:11,395506,79.2203,93413461,48.8440,43.0535,5.7905
2026-10-04 19:19:11,395605,79.2402,93438510,48.8437,43.0540,5.7897
2026-10-04 19:19:12,395704,79.2600,93461413,48.8413,43.0565,5.7848
2026-10-04 19:19:12,395803,79.2798,93485435,48.8403,43.0578,5.7825
2026-10-04 19:19:13,395902,79.2997,93508871,48.8384,43.0601,5.7783
2026-10-04 19:19:14,396001,79.3195,93533354,48.8379,43.0609,5.7770
2026-10-04 19:19:14,396100,79.3393,93558249,48.8359,43.0633,5.7726
2026-10-04 19:19:15,396199,79.3592,93582201,48.8354,43.0637,5.7717
2026-10-04 19:19:16,396298,79.3790,93606418,48.8340,43.0652,5.7689
2026-10-04 19:19:16,396397,79.3988,93630968,48.8338,43.0655,5.7683
2026-10-04 19:19:17,396496,79.4186,93656204,48.8314,43.0682,5.7632
2026-10-04 19:19:18,396595,79.4385,93681404,48.8306,43.0691,5.7614
2026-10-04 19:19:19,396694,79.4583,93705006,48.8296,43.0703,5.7593
2026-10-04 19:19:19,396793,79.4781,93729117,48.8296,43.0705,5.7591
2026-10-04 19:19:20,396892,79.4980,93754139,48.8285,43.0716,5.7569
2026-10-04 19:19:21,396991,79.5178,93778908,48.8271,43.0730,5.7541
2026-10-04 19:19:22,397090,79.5376,93802595,48.8263,43.0739,5.7525
2026-10-04 19:19:47,397189,79.5575,93827124,48.8249,43.0754,5.7495
2026-10-04 19:19:48,397288,79.5773,93851361,48.8235,43.0771,5.7464
2026-10-04 19:19:48,397387,79.5971,93875465,48.8225,43.0783,5.7442
2026-10-04 19:19:49,397486,79.6169,93900106,48.8210,43.0801,5.7409
2026-10-04 19:19:50,397585,79.6368,93924658,48.8194,43.0816,5.7378
2026-10-04 19:19:51,397684,79.6566,93949677,48.8184,43.0830,5.7354
2026-10-04 19:19:51,397783,79.6764,93974218,48.8164,43.0852,5.7312
2026-10-04 19:19:52,397882,79.6963,93998889,48.8154,43.0864,5.7290
2026-10-04 19:19:52,397981,79.7161,94023332,48.8140,43.0881,5.7260
2026-10-04 19:19:53,398080,79.7359,94048105,48.8124,43.0898,5.7227
2026-10-04 19:19:53,398179,79.7558,94072107,48.8115,43.0910,5.7206
2026-10-04 19:19:54,398278,79.7756,94096290,48.8099,43.0929,5.7170
2026-10-04 19:19:55,398377,79.7954,94120516,48.8095,43.0935,5.7161
2026-10-04 19:19:55,398476,79.8152,94145334,48.8075,43.0961,5.7114
2026-10-04 19:19:56,398575,79.8351,94169714,48.8077,43.0958,5.7119
2026-10-04 19:19:56,398674,79.8549,94194081,48.8051,43.0988,5.7063
2026-10-04 19:19:57,398773,79.8747,94218366,48.8040,43.1000,5.7040
2026-10-04 19:19:57,398872,79.8946,94243417,48.8022,43.1022,5.7000
2026-10-04 19:19:58,398971,79.9144,94267300,48.8007,43.1037,5.6970
2026-10-04 19:19:59,399070,79.9342,94291698,48.7991,43.1056,5.6935
2026-10-04 19:19:59,399169,79.9541,94315659,48.7988,43.1060,5.6928
2026-10-04 19:20:00,399268,79.9739,94340518,48.7972,43.1079,5.6894
2026-10-04 19:20:01,399367,79.9937,94364833,48.7959,43.1094,5.6865
2026-10-04 19:20:02,399466,80.0135,94390164,48.7948,43.1105,5.6842
2026-10-04 19:20:03,399565,80.0334,94415435,48.7926,43.1130,5.6796
2026-10-04 19:20:04,399664,80.0532,94439882,48.7916,43.1140,5.6775
2026-10-04 19:20:05,399763,80.0730,94463459,48.7910,43.1147,5.6764
2026-10-04 19:20:07,399862,80.0929,94487810,48.7900,43.1156,5.6744
2026-10-04 19:20:08,399961,80.1127,94512061,48.7880,43.1178,5.6702
2026-10-04 19:20:09,400060,80.1325,94536953,48.7876,43.1183,5.6694
2026-10-04 19:20:11,400159,80.1523,94561040,48.7860,43.1200,5.6660
2026-10-04 19:20:13,400258,80.1722,94585703,48.7852,43.1210,5.6642
2026-10-04 19:20:14,400357,80.1920,94610731,48.7847,43.1215,5.6633
2026-10-04 19:20:16,400456,80.2118,94635007,48.7840,43.1226,5.6614
2026-10-04 19:20:16,400555,80.2317,94659099,48.7818,43.1251,5.6567
2026-10-04 19:20:17,400654,80.2515,94683576,48.7811,43.1259,5.6552
2026-10-04 19:20:19,400753,80.2713,94708901,48.7792,43.1278,5.6514
2026-10-04 19:20:20,400852,80.2912,94733387,48.7779,43.1293,5.6487
2026-10-04 19:20:21,400951,80.3110,94757864,48.7770,43.1302,5.6469
2026-10-04 19:20:23,401050,80.3308,94782222,48.7767,43.1304,5.6464
2026-10-04 19:20:27,401149,80.3506,94807053,48.7750,43.1323,5.6427
2026-10-04 19:20:29,401248,80.3705,94831235,48.7735,43.1340,5.6395
2026-10-04 19:20:32,401347,80.3903,94855499,48.7714,43.1363,5.6351
2026-10-04 19:20:35,401446,80.4101,94880306,48.7713,43.1366,5.6346
2026-10-04 19:20:41,401545,80.4300,94905204,48.7690,43.1391,5.6299
2026-10-04 19:20:47,401644,80.4498,94929858,48.7676,43.1408,5.6268
2026-10-04 19:20:48,401743,80.4696,94954348,48.7652,43.1434,5.6218
2026-10-04 19:20:49,401842,80.4895,94978760,48.7630,43.1459,5.6171
2026-10-04 19:20:50,401941,80.5093,95003426,48.7625,43.1467,5.6158
2026-10-04 19:20:51,402040,80.5291,95027960,48.7600,43.1495,5.6106
2026-10-04 19:20:52,402139,80.5489,95052714,48.7597,43.1500,5.6097
2026-10-04 19:20:52,402238,80.5688,95078010,48.7580,43.1519,5.6061
2026-10-04 19:20:53,402337,80.5886,95102080,48.7545,43.1556,5.5989
2026-10-04 19:20:54,402436,80.6084,95126915,48.7533,43.1571,5.5963
2026-10-04 19:20:55,402535,80.6283,95151396,48.7524,43.1581,5.5944
2026-10-04 19:20:56,402634,80.6481,95175107,48.7501,43.1606,5.5896
2026-10-04 19:20:57,402733,80.6679,95199360,48.7487,43.1620,5.5868
2026-10-04 19:20:58,402832,80.6878,95224559,48.7471,43.1637,5.5834
2026-10-04 19:20:59,402931,80.7076,95247883,48.7459,43.1650,5.5809
2026-10-04 19:21:00,403030,80.7274,95271349,48.7449,43.1662,5.5787
2026-10-04 19:21:01,403129,80.7472,95295110,48.7444,43.1668,5.5775
2026-10-04 19:21:02,403228,80.7671,95319182,48.7440,43.1672,5.5768
2026-10-04 19:21:04,403327,80.7869,95343551,48.7429,43.1687,5.5742
2026-10-04 19:21:05,403426,80.8067,95367508,48.7421,43.1697,5.5724
2026-10-04 19:21:07,403525,80.8266,95392247,48.7407,43.1711,5.5695
2026-10-04 19:21:09,403624,80.8464,95416496,48.7389,43.1732,5.5656
2026-10-04 19:21:10,403723,80.8662,95440957,48.7372,43.1752,5.5620
2026-10-04 19:21:11,403822,80.8861,95465227,48.7355,43.1772,5.5583
2026-10-04 19:21:13,403921,80.9059,95489929,48.7337,43.1792,5.5545
2026-10-04 19:21:14,404020,80.9257,95514202,48.7323,43.1808,5.5515
2026-10-04 19:21:16,404119,80.9455,95537608,48.7304,43.1830,5.5474
2026-10-04 19:21:17,404218,80.9654,95561026,48.7291,43.1846,5.5446
2026-10-04 19:21:18,404317,80.9852,95584539,48.7273,43.1866,5.5407
2026-10-04 19:21:19,404416,81.0050,95608197,48.7256,43.1886,5.5370
2026-10-04 19:21:20,404515,81.0249,95632361,48.7248,43.1897,5.5351
2026-10-04 19:21:22,404614,81.0447,95656434,48.7234,43.1912,5.5322
2026-10-04 19:21:23,404713,81.0645,95679520,48.7216,43.1933,5.5283
2026-10-04 19:21:27,404812,81.0844,95703162,48.7213,43.1939,5.5274
2026-10-04 19:21:32,404911,81.1042,95728275,48.7203,43.1951,5.5253
2026-10-04 19:21:36,405010,81.1240,95753689,48.7191,43.1966,5.5224
2026-10-04 19:21:41,405109,81.1438,95777800,48.7177,43.1981,5.5195
2026-10-04 19:21:46,405208,81.1637,95801810,48.7167,43.1993,5.5175
2026-10-04 19:21:48,405307,81.1835,95825649,48.7146,43.2017,5.5130
2026-10-04 19:21:49,405406,81.2033,95849895,48.7131,43.2034,5.5097
2026-10-04 19:21:50,405505,81.2232,95874243,48.7113,43.2055,5.5058
2026-10-04 19:21:51,405604,81.2430,95897882,48.7100,43.2070,5.5030
2026-10-04 19:21:52,405703,81.2628,95923404,48.7102,43.2069,5.5033
2026-10-04 19:21:52,405802,81.2826,95947686,48.7076,43.2099,5.4976
2026-10-04 19:21:53,405901,81.3025,95972147,48.7055,43.2122,5.4933
2026-10-04 19:21:54,406000,81.3223,95997483,48.7037,43.2143,5.4893
2026-10-04 19:21:55,406099,81.3421,96022469,48.7023,43.2157,5.4867
2026-10-04 19:21:57,406198,81.3620,96047158,48.7009,43.2173,5.4836
2026-10-04 19:21:59,406297,81.3818,96072410,48.6995,43.2189,5.4806
2026-10-04 19:22:02,406396,81.4016,96097598,48.6976,43.2211,5.4765
2026-10-04 19:22:05,406495,81.4215,96121704,48.6961,43.2227,5.4734
2026-10-04 19:22:08,406594,81.4413,96146262,48.6949,43.2239,5.4710
2026-10-04 19:22:12,406693,81.4611,96170647,48.6933,43.2257,5.4676
2026-10-04 19:22:15,406792,81.4809,96195292,48.6911,43.2280,5.4631
2026-10-04 19:22:19,406891,81.5008,96220396,48.6899,43.2294,5.4605
2026-10-04 19:22:24,406990,81.5206,96245757,48.6893,43.2303,5.4589
2026-10-04 19:22:27,407089,81.5404,96270582,48.6881,43.2316,5.4565
2026-10-04 19:22:31,407188,81.5603,96295421,48.6878,43.2318,5.4560
2026-10-04 19:22:34,407287,81.5801,96319712,48.6874,43.2321,5.4552
2026-10-04 19:22:37,407386,81.5999,96345149,48.6868,43.2328,5.4539
2026-10-04 19:22:41,407485,81.6198,96370372,48.6857,43.2340,5.4516
2026-10-04 19:22:45,407584,81.6396,96395188,48.6847,43.2352,5.4495
2026-10-04 19:22:48,407683,81.6594,96420632,48.6840,43.2360,5.4480
2026-10-04 19:22:52,407782,81.6792,96446881,48.6830,43.2373,5.4457
2026-10-04 19:22:56,407881,81.6991,96472143,48.6826,43.2380,5.4445
2026-10-04 19:23:00,407980,81.7189,96496695,48.6807,43.2403,5.4404
2026-10-04 19:23:03,408079,81.7387,96520748,48.6805,43.2407,5.4399
2026-10-04 19:23:06,408178,81.7586,96546381,48.6799,43.2415,5.4384
2026-10-04 19:23:09,408277,81.7784,96571011,48.6791,43.2426,5.4365
2026-10-04 19:23:12,408376,81.7982,96597256,48.6785,43.2432,5.4353
2026-10-04 19:23:16,408475,81.8181,96622973,48.6775,43.2443,5.4331
2026-10-04 19:23:19,408574,81.8379,96647713,48.6762,43.2457,5.4305
2026-10-04 19:23:22,408673,81.8577,96672532,48.6743,43.2478,5.4265
2026-10-04 19:23:25,408772,81.8775,96696921,48.6727,43.2493,5.4234
2026-10-04 19:23:29,408871,81.8974,96721878,48.6712,43.2511,5.4201
2026-10-04 19:23:33,408970,81.9172,96746056,48.6693,43.2532,5.4161
2026-10-04 19:23:36,409069,81.9370,96771029,48.6687,43.2539,5.4148
2026-10-04 19:23:39,409168,81.9569,96796822,48.6672,43.2557,5.4115
2026-10-04 19:23:42,409267,81.9767,96821474,48.6664,43.2567,5.4098
2026-10-04 19:23:45,409366,81.9965,96846776,48.6658,43.2576,5.4082
2026-10-04 19:23:48,409465,82.0164,96871953,48.6648,43.2587,5.4061
2026-10-04 19:23:50,409564,82.0362,96897048,48.6640,43.2599,5.4041
2026-10-04 19:23:52,409663,82.0560,96922131,48.6640,43.2600,5.4040
2026-10-04 19:23:55,409762,82.0758,96946834,48.6631,43.2611,5.4020
2026-10-04 19:23:58,409861,82.0957,96971910,48.6629,43.2615,5.4015
2026-10-04 19:24:01,409960,82.1155,96996687,48.6621,43.2624,5.3997
2026-10-04 19:24:04,410059,82.1353,97021811,48.6608,43.2638,5.3970
2026-10-04 19:24:07,410158,82.1552,97046787,48.6596,43.2653,5.3944
2026-10-04 19:24:10,410257,82.1750,97071827,48.6589,43.2663,5.3926
2026-10-04 19:24:13,410356,82.1948,97096602,48.6586,43.2668,5.3918
2026-10-04 19:24:16,410455,82.2147,97121457,48.6580,43.2677,5.3904
2026-10-04 19:24:20,410554,82.2345,97146877,48.6582,43.2676,5.3905
2026-10-04 19:24:24,410653,82.2543,97170580,48.6576,43.2685,5.3891
2026-10-04 19:24:28,410752,82.2741,97195072,48.6570,43.2694,5.3876
2026-10-04 19:24:32,410851,82.2940,97220833,48.6560,43.2706,5.3854
2026-10-04 19:24:36,410950,82.3138,97244468,48.6551,43.2719,5.3832
2026-10-04 19:24:39,411049,82.3336,97269408,48.6546,43.2725,5.3821
2026-10-04 19:24:43,411148,82.3535,97293967,48.6535,43.2737,5.3797
2026-10-04 19:24:46,411247,82.3733,97319135,48.6525,43.2749,5.3776
2026-10-04 19:24:49,411346,82.3931,97344017,48.6514,43.2761,5.3753
2026-10-04 19:24:52,411445,82.4129,97368586,48.6508,43.2770,5.3738
2026-10-04 19:24:56,411544,82.4328,97392909,48.6497,43.2785,5.3712
2026-10-04 19:24:59,411643,82.4526,97418015,48.6485,43.2801,5.3684
2026-10-04 19:25:03,411742,82.4724,97442545,48.6464,43.2824,5.3639
2026-10-04 19:25:06,411841,82.4923,97466438,48.6456,43.2834,5.3621
2026-10-04 19:25:09,411940,82.5121,97490891,48.6456,43.2835,5.3621
2026-10-04 19:25:12,412039,82.5319,97515055,48.6457,43.2836,5.3621
2026-10-04 19:25:15,412138,82.5518,97539887,48.6446,43.2850,5.3596
2026-10-04 19:25:19,412237,82.5716,97563396,48.6434,43.2863,5.3571
2026-10-04 19:25:23,412336,82.5914,97588656,48.6425,43.2874,5.3551
2026-10-04 19:25:26,412435,82.6112,97613016,48.6421,43.2880,5.3541
2026-10-04 19:25:29,412534,82.6311,97637313,48.6415,43.2886,5.3529
2026-10-04 19:25:34,412633,82.6509,97661543,48.6400,43.2904,5.3496
2026-10-04 19:25:37,412732,82.6707,97685612,48.6386,43.2921,5.3465
2026-10-04 19:25:41,412831,82.6906,97709832,48.6373,43.2937,5.3435
2026-10-04 19:25:45,412930,82.7104,97734595,48.6368,43.2944,5.3424
2026-10-04 19:25:49,413029,82.7302,97759663,48.6363,43.2953,5.3410
2026-10-04 19:25:53,413128,82.7501,97784600,48.6342,43.2979,5.3363
2026-10-04 19:25:56,413227,82.7699,97809748,48.6323,43.3000,5.3322
2026-10-04 19:26:00,413326,82.7897,97833544,48.6303,43.3022,5.3280
2026-10-04 19:26:03,413425,82.8095,97858184,48.6287,43.3041,5.3246
2026-10-04 19:26:06,413524,82.8294,97882644,48.6269,43.3063,5.3206
2026-10-04 19:26:10,413623,82.8492,97907325,48.6253,43.3081,5.3172
2026-10-04 19:26:14,413722,82.8690,97931896,48.6237,43.3101,5.3136
2026-10-04 19:26:18,413821,82.8889,97955162,48.6223,43.3117,5.3106
2026-10-04 19:26:21,413920,82.9087,97979282,48.6212,43.3132,5.3080
2026-10-04 19:26:25,414019,82.9285,98004291,48.6198,43.3148,5.3050
2026-10-04 19:26:28,414118,82.9484,98029297,48.6186,43.3163,5.3023
2026-10-04 19:26:32,414217,82.9682,98054036,48.6175,43.3176,5.2999
2026-10-04 19:26:36,414316,82.9880,98078196,48.6161,43.3194,5.2967
2026-10-04 19:26:40,414415,83.0078,98103049,48.6153,43.3204,5.2949
2026-10-04 19:26:42,414514,83.0277,98127741,48.6138,43.3220,5.2918
2026-10-04 19:26:46,414613,83.0475,98151614,48.6134,43.3228,5.2906
2026-10-04 19:26:49,414712,83.0673,98176384,48.6123,43.3240,5.2883
2026-10-04 19:26:52,414811,83.0872,98201076,48.6111,43.3256,5.2855
2026-10-04 19:26:56,414910,83.1070,98225440,48.6096,43.3272,5.2824
2026-10-04 19:27:00,415009,83.1268,98250314,48.6088,43.3281,5.2807
2026-10-04 19:27:04,415108,83.1467,98275157,48.6082,43.3288,5.2794
2026-10-04 19:27:07,415207,83.1665,98301317,48.6069,43.3304,5.2765
2026-10-04 19:27:11,415306,83.1863,98325501,48.6049,43.3326,5.2723
2026-10-04 19:27:15,415405,83.2061,98349851,48.6033,43.3346,5.2687
2026-10-04 19:27:19,415504,83.2260,98375931,48.6021,43.3361,5.2660
2026-10-04 19:27:23,415603,83.2458,98402084,48.6007,43.3375,5.2632
2026-10-04 19:27:52,415702,83.2656,98426946,48.5989,43.3395,5.2595
2026-10-04 19:27:53,415801,83.2855,98451947,48.5975,43.3410,5.2565
2026-10-04 19:27:54,415900,83.3053,98477005,48.5961,43.3426,5.2535
2026-10-04 19:27:55,415999,83.3251,98502340,48.5943,43.3447,5.2496
2026-10-04 19:27:56,416098,83.3450,98527596,48.5927,43.3465,5.2463
2026-10-04 19:27:57,416197,83.3648,98552784,48.5917,43.3476,5.2440
2026-10-04 19:27:58,416296,83.3846,98577865,48.5906,43.3487,5.2419
2026-10-04 19:27:59,416395,83.4044,98603502,48.5892,43.3503,5.2389
2026-10-04 19:28:00,416494,83.4243,98628097,48.5881,43.3516,5.2365
2026-10-04 19:28:02,416593,83.4441,98653014,48.5868,43.3529,5.2339
2026-10-04 19:28:05,416692,83.4639,98678138,48.5860,43.3535,5.2325
2026-10-04 19:28:10,416791,83.4838,98703754,48.5854,43.3543,5.2311
2026-10-04 19:28:13,416890,83.5036,98728722,48.5846,43.3549,5.2297
2026-10-04 19:28:17,416989,83.5234,98753308,48.5839,43.3556,5.2283
2026-10-04 19:28:20,417088,83.5432,98778061,48.5830,43.3567,5.2264
2026-10-04 19:28:24,417187,83.5631,98802522,48.5825,43.3575,5.2250
2026-10-04 19:28:27,417286,83.5829,98826902,48.5796,43.3607,5.2190
2026-10-04 19:28:30,417385,83.6027,98851310,48.5784,43.3618,5.2166
2026-10-04 19:28:33,417484,83.6226,98876311,48.5772,43.3630,5.2142
2026-10-04 19:28:37,417583,83.6424,98900977,48.5758,43.3643,5.2115
2026-10-04 19:28:40,417682,83.6622,98925788,48.5743,43.3659,5.2084
2026-10-04 19:28:44,417781,83.6821,98949777,48.5722,43.3681,5.2040
2026-10-04 19:28:47,417880,83.7019,98974776,48.5703,43.3702,5.2002
2026-10-04 19:28:51,417979,83.7217,98999500,48.5701,43.3703,5.1998
2026-10-04 19:28:54,418078,83.7415,99023918,48.5694,43.3711,5.1983
2026-10-04 19:28:57,418177,83.7614,99048178,48.5685,43.3721,5.1965
2026-10-04 19:28:59,418276,83.7812,99072089,48.5673,43.3733,5.1940
2026-10-04 19:29:02,418375,83.8010,99096830,48.5656,43.3753,5.1904
2026-10-04 19:29:05,418474,83.8209,99121404,48.5640,43.3770,5.1870
2026-10-04 19:29:09,418573,83.8407,99145560,48.5620,43.3790,5.1829
2026-10-04 19:29:12,418672,83.8605,99171135,48.5604,43.3808,5.1796
2026-10-04 19:29:15,418771,83.8804,99196321,48.5587,43.3828,5.1759
2026-10-04 19:29:18,418870,83.9002,99220972,48.5566,43.3850,5.1716
2026-10-04 19:29:21,418969,83.9200,99245477,48.5545,43.3874,5.1671
2026-10-04 19:29:25,419068,83.9398,99270398,48.5524,43.3894,5.1630
2026-10-04 19:29:28,419167,83.9597,99294974,48.5510,43.3908,5.1602
2026-10-04 19:29:31,419266,83.9795,99320285,48.5498,43.3920,5.1579
2026-10-04 19:29:35,419365,83.9993,99345662,48.5486,43.3933,5.1553
2026-10-04 19:29:40,419464,84.0192,99370723,48.5464,43.3957,5.1507
2026-10-04 19:29:43,419563,84.0390,99395451,48.5450,43.3973,5.1478
2026-10-04 19:29:47,419662,84.0588,99420537,48.5437,43.3989,5.1447
2026-10-04 19:29:50,419761,84.0787,99444788,48.5426,43.4003,5.1424
2026-10-04 19:29:53,419860,84.0985,99468499,48.5408,43.4024,5.1384
2026-10-04 19:29:57,419959,84.1183,99492613,48.5385,43.4049,5.1336
2026-10-04 19:30:01,420058,84.1381,99517396,48.5366,43.4072,5.1294
2026-10-04 19:30:05,420157,84.1580,99542352,48.5346,43.4095,5.1251
2026-10-04 19:30:09,420256,84.1778,99566898,48.5333,43.4112,5.1221
2026-10-04 19:30:13,420355,84.1976,99591324,48.5332,43.4115,5.1218
2026-10-04 19:30:17,420454,84.2175,99616498,48.5320,43.4129,5.1191
2026-10-04 19:30:21,420553,84.2373,99640841,48.5311,43.4140,5.1171
2026-10-04 19:30:24,420652,84.2571,99665235,48.5297,43.4157,5.1139
2026-10-04 19:30:28,420751,84.2770,99690935,48.5283,43.4172,5.1112
2026-10-04 19:30:31,420850,84.2968,99714765,48.5273,43.4183,5.1090
2026-10-04 19:30:33,420949,84.3166,99737918,48.5253,43.4205,5.1048
2026-10-04 19:30:37,421048,84.3364,99762747,48.5239,43.4220,5.1019
2026-10-04 19:30:41,421147,84.3563,99787155,48.5219,43.4243,5.0976
2026-10-04 19:30:45,421246,84.3761,99810943,48.5192,43.4273,5.0919
2026-10-04 19:30:49,421345,84.3959,99834638,48.5173,43.4293,5.0880
2026-10-04 19:30:54,421444,84.4158,99857679,48.5159,43.4311,5.0848
2026-10-04 19:30:58,421543,84.4356,99881864,48.5143,43.4329,5.0814
2026-10-04 19:31:01,421642,84.4554,99906529,48.5128,43.4347,5.0781
2026-10-04 19:31:05,421741,84.4753,99931503,48.5105,43.4372,5.0733
2026-10-04 19:31:09,421840,84.4951,99956585,48.5088,43.4391,5.0697
2026-10-04 19:31:12,421939,84.5149,99980962,48.5067,43.4413,5.0655
2026-10-04 19:31:15,422038,84.5347,100004311,48.5043,43.4438,5.0605
2026-10-04 19:31:19,422137,84.5546,100028748,48.5028,43.4454,5.0574
2026-10-04 19:31:23,422236,84.5744,100053220,48.5018,43.4464,5.0555
2026-10-04 19:31:27,422335,84.5942,100078304,48.5003,43.4479,5.0524
2026-10-04 19:31:32,422434,84.6141,100103138,48.4987,43.4496,5.0491
2026-10-04 19:31:37,422533,84.6339,100129127,48.4973,43.4513,5.0460
2026-10-04 19:31:41,422632,84.6537,100154677,48.4959,43.4528,5.0431
2026-10-04 19:31:44,422731,84.6735,100179769,48.4945,43.4543,5.0402
2026-10-04 19:31:48,422830,84.6934,100205922,48.4936,43.4549,5.0387
2026-10-04 19:59:23,422929,84.7132,100231300,48.4923,43.4561,5.0362
2026-10-04 19:59:23,423028,84.7330,100256294,48.4912,43.4573,5.0339
2026-10-04 19:59:24,423127,84.7529,100280035,48.4883,43.4608,5.0275
2026-10-04 19:59:25,423226,84.7727,100304324,48.4864,43.4627,5.0237
2026-10-04 19:59:25,423325,84.7925,100329461,48.4842,43.4652,5.0190
2026-10-04 19:59:26,423424,84.8124,100354176,48.4805,43.4693,5.0112
2026-10-04 19:59:27,423523,84.8322,100378784,48.4792,43.4708,5.0084
2026-10-04 19:59:27,423622,84.8520,100403382,48.4764,43.4738,5.0026
2026-10-04 19:59:28,423721,84.8718,100427731,48.4745,43.4760,4.9985
2026-10-04 19:59:28,423820,84.8917,100453027,48.4728,43.4779,4.9950
2026-10-04 19:59:29,423919,84.9115,100477325,48.4707,43.4803,4.9904
2026-10-04 19:59:29,424018,84.9313,100502147,48.4703,43.4809,4.9894
2026-10-04 19:59:30,424117,84.9512,100525816,48.4669,43.4846,4.9823
2026-10-04 19:59:31,424216,84.9710,100550605,48.4668,43.4849,4.9819
2026-10-04 19:59:31,424315,84.9908,100574612,48.4639,43.4881,4.9758
2026-10-04 19:59:32,424414,85.0107,100600483,48.4630,43.4893,4.9737
2026-10-04 19:59:32,424513,85.0305,100624351,48.4604,43.4922,4.9682
2026-10-04 19:59:33,424612,85.0503,100648995,48.4584,43.4943,4.9641
2026-10-04 19:59:33,424711,85.0701,100674098,48.4584,43.4943,4.9641
2026-10-04 19:59:34,424810,85.0900,100698952,48.4569,43.4960,4.9609
2026-10-04 19:59:35,424909,85.1098,100722981,48.4558,43.4974,4.9584
2026-10-04 19:59:36,425008,85.1296,100747601,48.4543,43.4991,4.9552
2026-10-04 19:59:36,425107,85.1495,100771146,48.4531,43.5007,4.9524
2026-10-04 19:59:37,425206,85.1693,100795332,48.4517,43.5021,4.9496
2026-10-04 19:59:37,425305,85.1891,100820196,48.4508,43.5033,4.9475
2026-10-04 19:59:38,425404,85.2090,100845004,48.4496,43.5046,4.9449
2026-10-04 19:59:38,425503,85.2288,100870056,48.4493,43.5050,4.9443
2026-10-04 19:59:39,425602,85.2486,100893676,48.4474,43.5072,4.9402
2026-10-04 19:59:40,425701,85.2684,100918798,48.4451,43.5098,4.9353
2026-10-04 19:59:40,425800,85.2883,100943583,48.4449,43.5103,4.9346
2026-10-04 19:59:41,425899,85.3081,100968263,48.4435,43.5118,4.9317
2026-10-04 19:59:42,425998,85.3279,100992958,48.4429,43.5125,4.9304
2026-10-04 19:59:43,426097,85.3478,101018959,48.4429,43.5128,4.9301
2026-10-04 19:59:43,426196,85.3676,101043479,48.4419,43.5140,4.9280
2026-10-04 19:59:44,426295,85.3874,101067071,48.4396,43.5165,4.9231
2026-10-04 19:59:45,426394,85.4073,101092458,48.4390,43.5173,4.9217
2026-10-04 19:59:46,426493,85.4271,101118117,48.4374,43.5190,4.9184
2026-10-04 19:59:47,426592,85.4469,101142324,48.4370,43.5197,4.9172
2026-10-04 19:59:48,426691,85.4667,101166976,48.4365,43.5205,4.9160
2026-10-04 19:59:49,426790,85.4866,101192798,48.4360,43.5210,4.9150
2026-10-04 19:59:50,426889,85.5064,101217144,48.4349,43.5221,4.9129
2026-10-04 19:59:51,426988,85.5262,101240875,48.4332,43.5241,4.9091
2026-10-04 19:59:52,427087,85.5461,101265704,48.4316,43.5259,4.9056
2026-10-04 19:59:54,427186,85.5659,101290904,48.4310,43.5267,4.9043
2026-10-04 19:59:56,427285,85.5857,101315381,48.4290,43.5288,4.9002
2026-10-04 19:59:57,427384,85.6056,101339841,48.4267,43.5314,4.8953
2026-10-04 19:59:58,427483,85.6254,101365173,48.4243,43.5340,4.8904
2026-10-04 19:59:58,427582,85.6452,101390183,48.4233,43.5351,4.8882
2026-10-04 19:59:59,427681,85.6650,101414631,48.4204,43.5383,4.8821
2026-10-04 20:00:00,427780,85.6849,101439963,48.4188,43.5400,4.8788
2026-10-04 20:00:01,427879,85.7047,101465358,48.4165,43.5426,4.8739
2026-10-04 20:00:02,427978,85.7245,101490295,48.4146,43.5446,4.8699
2026-10-04 20:00:04,428077,85.7444,101515395,48.4132,43.5461,4.8671
2026-10-04 20:00:05,428176,85.7642,101540772,48.4118,43.5477,4.8641
2026-10-04 20:00:06,428275,85.7840,101565023,48.4095,43.5503,4.8592
2026-10-04 20:00:07,428374,85.8038,101589965,48.4089,43.5511,4.8579
2026-10-04 20:00:07,428473,85.8237,101614067,48.4063,43.5541,4.8522
2026-10-04 20:00:08,428572,85.8435,101638417,48.4049,43.5556,4.8493
2026-10-04 20:00:09,428671,85.8633,101662444,48.4043,43.5562,4.8481
2026-10-04 20:00:09,428770,85.8832,101686571,48.4019,43.5591,4.8429
2026-10-04 20:00:10,428869,85.9030,101710685,48.4004,43.5607,4.8397
2026-10-04 20:00:11,428968,85.9228,101734627,48.3994,43.5617,4.8377
2026-10-04 20:00:11,429067,85.9427,101759298,48.3975,43.5641,4.8333
2026-10-04 20:00:12,429166,85.9625,101783930,48.3956,43.5661,4.8295
2026-10-04 20:00:13,429265,85.9823,101808704,48.3951,43.5668,4.8283
2026-10-04 20:00:13,429364,86.0021,101833438,48.3930,43.5692,4.8237
2026-10-04 20:00:14,429463,86.0220,101858185,48.3910,43.5714,4.8196
2026-10-04 20:00:14,429562,86.0418,101882888,48.3902,43.5727,4.8174
2026-10-04 20:00:15,429661,86.0616,101906188,48.3892,43.5739,4.8152
2026-10-04 20:00:16,429760,86.0815,101930535,48.3876,43.5759,4.8117
2026-10-04 20:00:17,429859,86.1013,101954612,48.3862,43.5776,4.8086
2026-10-04 20:00:17,429958,86.1211,101978962,48.3844,43.5798,4.8046
2026-10-04 20:00:18,430057,86.1410,102003195,48.3831,43.5815,4.8016
2026-10-04 20:00:19,430156,86.1608,102028790,48.3813,43.5836,4.7977
2026-10-04 20:00:20,430255,86.1806,102054047,48.3812,43.5839,4.7973
2026-10-04 20:00:21,430354,86.2004,102078894,48.3796,43.5857,4.7939
2026-10-04 20:00:21,430453,86.2203,102105061,48.3785,43.5871,4.7915
2026-10-04 20:00:22,430552,86.2401,102129512,48.3766,43.5891,4.7875
2026-10-04 20:00:22,430651,86.2599,102154088,48.3767,43.5892,4.7875
2026-10-04 20:00:23,430750,86.2798,102179077,48.3748,43.5914,4.7834
2026-10-04 20:00:24,430849,86.2996,102203955,48.3729,43.5935,4.7793
2026-10-04 20:00:24,430948,86.3194,102228979,48.3721,43.5944,4.7777
2026-10-04 20:00:25,431047,86.3393,102252559,48.3702,43.5965,4.7737
2026-10-04 20:00:26,431146,86.3591,102278056,48.3694,43.5975,4.7719
2026-10-04 20:00:26,431245,86.3789,102301947,48.3683,43.5988,4.7695
2026-10-04 20:00:27,431344,86.3987,102326743,48.3669,43.6004,4.7665
2026-10-04 20:00:28,431443,86.4186,102350153,48.3653,43.6023,4.7631
2026-10-04 20:00:29,431542,86.4384,102374345,48.3637,43.6041,4.7596
2026-10-04 20:00:30,431641,86.4582,102399172,48.3635,43.6044,4.7591
2026-10-04 20:00:32,431740,86.4781,102424027,48.3624,43.6057,4.7567
2026-10-04 20:00:34,431839,86.4979,102449477,48.3612,43.6070,4.7542
2026-10-04 20:00:36,431938,86.5177,102474646,48.3609,43.6073,4.7536
2026-10-04 20:00:52,432037,86.5376,102499235,48.3582,43.6104,4.7478
2026-10-04 20:00:53,432136,86.5574,102523786,48.3569,43.6118,4.7451
2026-10-04 20:00:53,432235,86.5772,102548824,48.3557,43.6135,4.7423
2026-10-04 20:00:54,432334,86.5970,102573015,48.3537,43.6159,4.7379
2026-10-04 20:00:55,432433,86.6169,102597956,48.3523,43.6178,4.7345
2026-10-04 20:00:55,432532,86.6367,102623282,48.3512,43.6191,4.7321
2026-10-04 20:00:56,432631,86.6565,102648135,48.3490,43.6215,4.7275
2026-10-04 20:00:57,432730,86.6764,102673431,48.3474,43.6233,4.7241
2026-10-04 20:00:57,432829,86.6962,102697596,48.3451,43.6261,4.7191
2026-10-04 20:00:58,432928,86.7160,102721084,48.3436,43.6279,4.7157
2026-10-04 20:00:58,433027,86.7359,102745347,48.3421,43.6299,4.7123
2026-10-04 20:00:59,433126,86.7557,102769442,48.3397,43.6325,4.7072
2026-10-04 20:00:59,433225,86.7755,102794549,48.3383,43.6344,4.7039
2026-10-04 20:01:00,433324,86.7953,102818211,48.3359,43.6370,4.6989
2026-10-04 20:01:01,433423,86.8152,102843309,48.3339,43.6392,4.6947
2026-10-04 20:01:02,433522,86.8350,102867310,48.3319,43.6415,4.6904
2026-10-04 20:01:03,433621,86.8548,102891568,48.3292,43.6446,4.6847
2026-10-04 20:01:04,433720,86.8747,102916094,48.3281,43.6460,4.6821
2026-10-04 20:01:04,433819,86.8945,102940683,48.3258,43.6487,4.6771
2026-10-04 20:01:05,433918,86.9143,102964994,48.3238,43.6507,4.6731
2026-10-04 20:01:06,434017,86.9341,102989690,48.3226,43.6523,4.6703
2026-10-04 20:01:06,434116,86.9540,103014526,48.3213,43.6537,4.6677
2026-10-04 20:01:07,434215,86.9738,103039460,48.3193,43.6559,4.6634
2026-10-04 20:01:08,434314,86.9936,103064052,48.3169,43.6584,4.6585
2026-10-04 20:01:09,434413,87.0135,103087936,48.3154,43.6602,4.6552
2026-10-04 20:01:10,434512,87.0333,103113294,48.3141,43.6617,4.6524
2026-10-04 20:01:10,434611,87.0531,103137835,48.3130,43.6630,4.6500
2026-10-04 20:01:11,434710,87.0730,103162397,48.3105,43.6659,4.6446
2026-10-04 20:01:12,434809,87.0928,103186953,48.3089,43.6678,4.6411
2026-10-04 20:01:12,434908,87.1126,103212588,48.3074,43.6696,4.6378
2026-10-04 20:01:13,435007,87.1324,103237379,48.3059,43.6713,4.6346
2026-10-04 20:01:13,435106,87.1523,103262395,48.3052,43.6724,4.6328
2026-10-04 20:01:14,435205,87.1721,103286747,48.3027,43.6752,4.6275
2026-10-04 20:01:15,435304,87.1919,103311671,48.3017,43.6763,4.6254
2026-10-04 20:01:16,435403,87.2118,103336691,48.3013,43.6769,4.6243
2026-10-04 20:01:16,435502,87.2316,103361312,48.2998,43.6786,4.6212
2026-10-04 20:01:17,435601,87.2514,103386314,48.2976,43.6809,4.6167
2026-10-04 20:01:17,435700,87.2713,103410441,48.2974,43.6813,4.6161
2026-10-04 20:01:18,435799,87.2911,103435862,48.2951,43.6839,4.6112
2026-10-04 20:01:19,435898,87.3109,103461063,48.2929,43.6863,4.6067
2026-10-04 20:01:19,435997,87.3307,103486998,48.2924,43.6868,4.6056
2026-10-04 20:01:20,436096,87.3506,103512511,48.2902,43.6893,4.6009
2026-10-04 20:01:21,436195,87.3704,103537512,48.2883,43.6912,4.5972
2026-10-04 20:01:22,436294,87.3902,103562245,48.2868,43.6928,4.5941
2026-10-04 20:01:23,436393,87.4101,103587202,48.2847,43.6951,4.5896
2026-10-04 20:01:24,436492,87.4299,103612121,48.2835,43.6966,4.5870
2026-10-04 20:01:25,436591,87.4497,103637592,48.2808,43.6995,4.5813
2026-10-04 20:01:26,436690,87.4696,103663059,48.2793,43.7012,4.5781
2026-10-04 20:01:28,436789,87.4894,103687917,48.2776,43.7028,4.5748
2026-10-04 20:01:52,436888,87.5092,103713298,48.2760,43.7048,4.5712
2026-10-04 20:01:52,436987,87.5290,103738002,48.2741,43.7069,4.5673
2026-10-04 20:01:53,437086,87.5489,103762845,48.2707,43.7106,4.5601
2026-10-04 20:01:54,437185,87.5687,103788861,48.2695,43.7119,4.5576
2026-10-04 20:01:55,437284,87.5885,103814409,48.2679,43.7138,4.5540
2026-10-04 20:01:55,437383,87.6084,103839631,48.2666,43.7153,4.5513
2026-10-04 20:01:56,437482,87.6282,103865036,48.2642,43.7179,4.5463
2026-10-04 20:01:57,437581,87.6480,103890635,48.2635,43.7189,4.5446
2026-10-04 20:01:57,437680,87.6679,103915886,48.2606,43.7220,4.5386
2026-10-04 20:01:58,437779,87.6877,103941188,48.2592,43.7237,4.5356
2026-10-04 20:01:58,437878,87.7075,103966479,48.2572,43.7260,4.5312
2026-10-04 20:01:59,437977,87.7273,103991715,48.2549,43.7284,4.5265
2026-10-04 20:01:59,438076,87.7472,104016723,48.2542,43.7294,4.5248
2026-10-04 20:02:00,438175,87.7670,104041709,48.2518,43.7319,4.5199
2026-10-04 20:02:00,438274,87.7868,104067506,48.2513,43.7326,4.5186
2026-10-04 20:02:01,438373,87.8067,104091802,48.2484,43.7360,4.5123
2026-10-04 20:02:02,438472,87.8265,104117025,48.2468,43.7380,4.5087
2026-10-04 20:02:02,438571,87.8463,104141629,48.2458,43.7392,4.5066
2026-10-04 20:02:03,438670,87.8662,104166792,48.2440,43.7411,4.5030
2026-10-04 20:02:03,438769,87.8860,104191383,48.2434,43.7416,4.5018
2026-10-04 20:02:04,438868,87.9058,104215399,48.2414,43.7441,4.4974
2026-10-04 20:02:05,438967,87.9256,104239323,48.2393,43.7464,4.4929
2026-10-04 20:02:05,439066,87.9455,104263943,48.2387,43.7470,4.4917
2026-10-04 20:02:06,439165,87.9653,104289638,48.2368,43.7492,4.4876
2026-10-04 20:02:07,439264,87.9851,104313629,48.2360,43.7503,4.4858
2026-10-04 20:02:08,439363,88.0050,104337969,48.2351,43.7514,4.4836
2026-10-04 20:02:08,439462,88.0248,104361954,48.2338,43.7529,4.4809
2026-10-04 20:02:09,439561,88.0446,104386624,48.2308,43.7563,4.4744
2026-10-04 20:02:10,439660,88.0644,104411360,48.2302,43.7571,4.4731
2026-10-04 20:02:10,439759,88.0843,104436587,48.2294,43.7581,4.4713
2026-10-04 20:02:11,439858,88.1041,104460550,48.2270,43.7609,4.4660
2026-10-04 20:02:11,439957,88.1239,104485199,48.2263,43.7618,4.4645
2026-10-04 20:02:12,440056,88.1438,104509025,48.2248,43.7637,4.4611
2026-10-04 20:02:13,440155,88.1636,104534221,48.2247,43.7638,4.4610
2026-10-04 20:02:13,440254,88.1834,104558847,48.2221,43.7668,4.4553
2026-10-04 20:02:14,440353,88.2033,104583592,48.2212,43.7678,4.4535
2026-10-04 20:02:14,440452,88.2231,104608282,48.2201,43.7693,4.4508
2026-10-04 20:02:15,440551,88.2429,104632837,48.2190,43.7704,4.4487
2026-10-04 20:02:16,440650,88.2627,104658300,48.2182,43.7712,4.4471
2026-10-04 20:02:17,440749,88.2826,104683152,48.2164,43.7733,4.4432
2026-10-04 20:02:18,440848,88.3024,104707126,48.2143,43.7758,4.4386
2026-10-04 20:02:19,440947,88.3222,104732104,48.2125,43.7776,4.4349
2026-10-04 20:02:20,441046,88.3421,104756786,48.2107,43.7796,4.4311
2026-10-04 20:02:21,441145,88.3619,104781732,48.2100,43.7805,4.4295
2026-10-04 20:02:21,441244,88.3817,104806644,48.2079,43.7829,4.4250
2026-10-04 20:02:22,441343,88.4016,104831073,48.2063,43.7848,4.4214
2026-10-04 20:02:23,441442,88.4214,104855006,48.2051,43.7861,4.4190
2026-10-04 20:02:25,441541,88.4412,104879668,48.2043,43.7872,4.4171
2026-10-04 20:02:27,441640,88.4610,104904916,48.2028,43.7888,4.4139
2026-10-04 20:02:52,441739,88.4809,104930187,48.2019,43.7899,4.4120
2026-10-04 20:02:53,441838,88.5007,104955169,48.1998,43.7923,4.4075
2026-10-04 20:02:54,441937,88.5205,104980246,48.1986,43.7937,4.4048
2026-10-04 20:02:57,442036,88.5404,105004294,48.1967,43.7960,4.4007
2026-10-04 20:02:58,442135,88.5602,105029615,48.1946,43.7983,4.3963
2026-10-04 20:03:52,442234,88.5800,105054737,48.1931,43.8000,4.3931
2026-10-04 20:03:53,442333,88.5999,105079242,48.1909,43.8025,4.3884
2026-10-04 20:03:54,442432,88.6197,105104602,48.1889,43.8046,4.3844
2026-10-04 20:03:57,442531,88.6395,105130277,48.1869,43.8068,4.3801
2026-10-04 20:03:58,442630,88.6593,105155217,48.1851,43.8090,4.3760
2026-10-04 20:04:52,442729,88.6792,105180008,48.1830,43.8114,4.3716
2026-10-04 20:04:53,442828,88.6990,105204359,48.1800,43.8148,4.3652
2026-10-04 20:04:54,442927,88.7188,105228527,48.1789,43.8162,4.3627
2026-10-04 20:04:57,443026,88.7387,105252657,48.1765,43.8190,4.3576
2026-10-04 20:04:58,443125,88.7585,105277331,48.1750,43.8205,4.3545
2026-10-04 20:05:52,443224,88.7783,105302528,48.1740,43.8217,4.3523
2026-10-04 20:05:53,443323,88.7982,105326761,48.1712,43.8249,4.3463
2026-10-04 20:05:53,443422,88.8180,105351757,48.1691,43.8274,4.3417
2026-10-04 20:05:57,443521,88.8378,105377743,48.1671,43.8296,4.3374
2026-10-04 20:05:58,443620,88.8576,105401707,48.1652,43.8318,4.3334
2026-10-04 20:05:59,443719,88.8775,105427227,48.1645,43.8326,4.3319
2026-10-04 20:06:53,443818,88.8973,105450913,48.1621,43.8355,4.3266
2026-10-04 20:06:53,443917,88.9171,105475879,48.1597,43.8383,4.3215
2026-10-04 20:06:57,444016,88.9370,105500815,48.1581,43.8399,4.3182
2026-10-04 20:06:58,444115,88.9568,105525753,48.1564,43.8418,4.3145
2026-10-04 20:06:59,444214,88.9766,105550838,48.1561,43.8421,4.3140
2026-10-04 20:07:53,444313,88.9965,105575549,48.1540,43.8444,4.3096
2026-10-04 20:07:54,444412,89.0163,105600774,48.1520,43.8467,4.3053
2026-10-04 20:07:57,444511,89.0361,105626277,48.1509,43.8478,4.3031
2026-10-04 20:07:58,444610,89.0559,105650984,48.1489,43.8501,4.2987
2026-10-04 20:07:59,444709,89.0758,105675319,48.1464,43.8529,4.2934
2026-10-04 20:08:53,444808,89.0956,105699928,48.1446,43.8550,4.2896
2026-10-04 20:08:54,444907,89.1154,105724737,48.1428,43.8571,4.2856
2026-10-04 20:08:57,445006,89.1353,105749317,48.1412,43.8587,4.2825
2026-10-04 20:08:58,445105,89.1551,105773506,48.1388,43.8614,4.2773
2026-10-04 20:08:59,445204,89.1749,105798220,48.1376,43.8628,4.2749
2026-10-04 20:09:53,445303,89.1947,105823674,48.1349,43.8657,4.2692
2026-10-04 20:09:54,445402,89.2146,105849062,48.1333,43.8677,4.2656
2026-10-04 20:09:55,445501,89.2344,105874175,48.1321,43.8688,4.2633
2026-10-04 20:09:58,445600,89.2542,105898524,48.1296,43.8718,4.2578
2026-10-04 20:09:59,445699,89.2741,105923847,48.1279,43.8737,4.2542
2026-10-04 20:10:53,445798,89.2939,105948487,48.1271,43.8747,4.2524
2026-10-04 20:10:54,445897,89.3137,105973646,48.1252,43.8769,4.2483
2026-10-04 20:10:55,445996,89.3336,105999369,48.1252,43.8770,4.2481
2026-10-04 20:10:58,446095,89.3534,106023780,48.1232,43.8794,4.2438
2026-10-04 20:10:59,446194,89.3732,106049443,48.1220,43.8805,4.2414
2026-10-04 20:11:53,446293,89.3930,106074118,48.1206,43.8822,4.2384
2026-10-04 20:11:54,446392,89.4129,106098895,48.1180,43.8850,4.2331
2026-10-04 20:11:55,446491,89.4327,106123268,48.1169,43.8862,4.2307
2026-10-04 20:11:58,446590,89.4525,106148990,48.1157,43.8877,4.2281
2026-10-04 20:11:59,446689,89.4724,106173049,48.1141,43.8896,4.2246
2026-10-04 20:12:53,446788,89.4922,106198160,48.1134,43.8905,4.2229
2026-10-04 20:12:54,446887,89.5120,106221287,48.1106,43.8937,4.2169
2026-10-04 20:12:55,446986,89.5319,106245366,48.1085,43.8961,4.2124
2026-10-04 20:12:58,447085,89.5517,106270150,48.1078,43.8969,4.2109
2026-10-04 20:13:00,447184,89.5715,106295570,48.1064,43.8985,4.2079
2026-10-04 20:13:53,447283,89.5913,106320945,48.1049,43.9001,4.2048
2026-10-04 20:13:54,447382,89.6112,106345369,48.1018,43.9038,4.1980
2026-10-04 20:13:55,447481,89.6310,106369796,48.1018,43.9040,4.1977
2026-10-04 20:13:58,447580,89.6508,106395272,48.1004,43.9057,4.1947
2026-10-04 20:13:59,447679,89.6707,106419632,48.0989,43.9074,4.1915
2026-10-04 20:14:00,447778,89.6905,106445491,48.0993,43.9071,4.1921
2026-10-04 20:14:54,447877,89.7103,106470671,48.0975,43.9092,4.1883
2026-10-04 20:14:55,447976,89.7302,106495963,48.0965,43.9103,4.1863
2026-10-04 20:14:58,448075,89.7500,106520954,48.0966,43.9103,4.1862
2026-10-04 20:14:58,448174,89.7698,106546182,48.0949,43.9122,4.1828
2026-10-04 20:14:59,448273,89.7896,106571371,48.0935,43.9137,4.1798
2026-10-04 20:15:54,448372,89.8095,106596145,48.0925,43.9148,4.1777
2026-10-04 20:15:56,448471,89.8293,106620817,48.0912,43.9165,4.1746
2026-10-04 20:15:58,448570,89.8491,106644672,48.0895,43.9185,4.1710
2026-10-04 20:15:59,448669,89.8690,106669164,48.0871,43.9214,4.1656
2026-10-04 20:16:00,448768,89.8888,106693926,48.0865,43.9223,4.1641
2026-10-04 20:16:54,448867,89.9086,106719097,48.0850,43.9239,4.1611
2026-10-04 20:16:55,448966,89.9285,106743715,48.0831,43.9261,4.1570
2026-10-04 20:16:57,449065,89.9483,106769136,48.0823,43.9270,4.1553
2026-10-04 20:16:59,449164,89.9681,106794393,48.0808,43.9289,4.1519
2026-10-04 20:16:59,449263,89.9879,106819732,48.0786,43.9314,4.1472
2026-10-04 20:17:54,449362,90.0078,106844960,48.0779,43.9323,4.1456
2026-10-04 20:17:55,449461,90.0276,106870280,48.0759,43.9344,4.1415
2026-10-04 20:17:56,449560,90.0474,106895671,48.0752,43.9351,4.1401
2026-10-04 20:17:58,449659,90.0673,106920158,48.0725,43.9382,4.1344
2026-10-04 20:17:59,449758,90.0871,106943787,48.0704,43.9406,4.1298
2026-10-04 20:18:54,449857,90.1069,106969018,48.0687,43.9425,4.1262
2026-10-04 20:18:55,449956,90.1268,106994501,48.0664,43.9453,4.1211
2026-10-04 20:18:56,450055,90.1466,107019361,48.0652,43.9466,4.1186
2026-10-04 20:18:58,450154,90.1664,107044321,48.0630,43.9491,4.1139
2026-10-04 20:19:00,450253,90.1862,107069639,48.0608,43.9516,4.1092
2026-10-04 20:19:54,450352,90.2061,107094762,48.0596,43.9530,4.1066
2026-10-04 20:19:55,450451,90.2259,107119540,48.0582,43.9546,4.1036
2026-10-04 20:19:55,450550,90.2457,107143825,48.0575,43.9555,4.1021
2026-10-04 20:19:59,450649,90.2656,107168814,48.0562,43.9570,4.0992
2026-10-04 20:20:00,450748,90.2854,107193822,48.0544,43.9590,4.0955
2026-10-04 20:20:54,450847,90.3052,107219103,48.0528,43.9609,4.0919
2026-10-04 20:20:54,450946,90.3250,107242675,48.0507,43.9631,4.0876
2026-10-04 20:20:55,451045,90.3449,107267406,48.0479,43.9665,4.0815
2026-10-04 20:20:58,451144,90.3647,107290535,48.0471,43.9673,4.0798
2026-10-04 20:20:59,451243,90.3845,107315355,48.0444,43.9703,4.0740
2026-10-04 20:21:00,451342,90.4044,107340905,48.0437,43.9711,4.0726
2026-10-04 20:21:55,451441,90.4242,107366015,48.0420,43.9730,4.0691
2026-10-04 20:21:55,451540,90.4440,107390670,48.0389,43.9765,4.0624
2026-10-04 20:21:58,451639,90.4639,107414524,48.0376,43.9780,4.0595
2026-10-04 20:22:00,451738,90.4837,107439383,48.0360,43.9800,4.0560
2026-10-04 20:22:01,451837,90.5035,107464389,48.0339,43.9821,4.0518
2026-10-04 20:22:55,451936,90.5233,107489792,48.0319,43.9844,4.0475
2026-10-04 20:22:55,452035,90.5432,107514938,48.0296,43.9868,4.0428
2026-10-04 20:22:58,452134,90.5630,107540296,48.0281,43.9884,4.0396
2026-10-04 20:22:59,452233,90.5828,107564192,48.0250,43.9918,4.0332
2026-10-04 20:23:00,452332,90.6027,107589127,48.0246,43.9925,4.0320
2026-10-04 20:23:55,452431,90.6225,107614503,48.0237,43.9937,4.0300
2026-10-04 20:23:55,452530,90.6423,107640476,48.0223,43.9955,4.0268
2026-10-04 20:23:58,452629,90.6622,107665148,48.0207,43.9972,4.0235
2026-10-04 20:24:00,452728,90.6820,107690608,48.0197,43.9983,4.0213
2026-10-04 20:24:01,452827,90.7018,107716007,48.0172,44.0010,4.0161
2026-10-04 20:24:55,452926,90.7216,107742026,48.0161,44.0025,4.0136
2026-10-04 20:24:55,453025,90.7415,107767942,48.0139,44.0050,4.0089
2026-10-04 20:24:58,453124,90.7613,107793294,48.0119,44.0071,4.0048
2026-10-04 20:24:59,453223,90.7811,107818151,48.0090,44.0104,3.9986
2026-10-04 20:25:00,453322,90.8010,107844099,48.0060,44.0138,3.9922
2026-10-04 20:25:55,453421,90.8208,107868697,48.0043,44.0157,3.9887
2026-10-04 20:25:55,453520,90.8406,107894042,48.0006,44.0200,3.9806
2026-10-04 20:25:58,453619,90.8605,107919930,47.9991,44.0214,3.9778
2026-10-04 20:25:59,453718,90.8803,107945048,47.9965,44.0244,3.9721
2026-10-04 20:26:00,453817,90.9001,107970185,47.9950,44.0260,3.9690
2026-10-04 20:26:55,453916,90.9199,107995272,47.9943,44.0268,3.9675
2026-10-04 20:26:55,454015,90.9398,108019740,47.9917,44.0299,3.9618
2026-10-04 20:26:57,454114,90.9596,108045879,47.9902,44.0317,3.9585
2026-10-04 20:27:00,454213,90.9794,108070470,47.9878,44.0344,3.9533
2026-10-04 20:27:01,454312,90.9993,108094368,47.9862,44.0362,3.9500
2026-10-04 20:27:55,454411,91.0191,108119418,47.9846,44.0380,3.9466
2026-10-04 20:27:55,454510,91.0389,108144412,47.9831,44.0397,3.9435
2026-10-04 20:27:56,454609,91.0588,108170180,47.9815,44.0415,3.9401
2026-10-04 20:27:59,454708,91.0786,108194617,47.9795,44.0439,3.9356
2026-10-04 20:28:00,454807,91.0984,108219055,47.9783,44.0453,3.9331
2026-10-04 20:28:55,454906,91.1182,108244415,47.9772,44.0465,3.9307
2026-10-04 20:28:56,455005,91.1381,108269415,47.9752,44.0487,3.9264
2026-10-04 20:28:59,455104,91.1579,108293983,47.9737,44.0503,3.9234
2026-10-04 20:28:59,455203,91.1777,108319506,47.9718,44.0524,3.9194
2026-10-04 20:29:00,455302,91.1976,108345831,47.9688,44.0558,3.9130
2026-10-04 20:29:55,455401,91.2174,108371094,47.9660,44.0589,3.9071
2026-10-04 20:29:56,455500,91.2372,108396093,47.9642,44.0611,3.9030
2026-10-04 20:29:59,455599,91.2571,108421932,47.9627,44.0628,3.8999
2026-10-04 20:29:59,455698,91.2769,108446984,47.9601,44.0658,3.8942
2026-10-04 20:30:00,455797,91.2967,108471529,47.9577,44.0686,3.8891
2026-10-04 20:30:55,455896,91.3165,108497465,47.9553,44.0713,3.8839
2026-10-04 20:30:56,455995,91.3364,108522155,47.9528,44.0741,3.8786
2026-10-04 20:30:59,456094,91.3562,108547868,47.9517,44.0753,3.8763
2026-10-04 20:31:00,456193,91.3760,108571645,47.9490,44.0784,3.8705
2026-10-04 20:31:01,456292,91.3959,108597067,47.9472,44.0805,3.8667
2026-10-04 20:31:55,456391,91.4157,108622772,47.9460,44.0818,3.8643
2026-10-04 20:31:56,456490,91.4355,108646642,47.9444,44.0836,3.8607
2026-10-04 20:31:59,456589,91.4553,108672679,47.9435,44.0847,3.8588
2026-10-04 20:32:00,456688,91.4752,108698050,47.9415,44.0870,3.8544
2026-10-04 20:32:01,456787,91.4950,108723259,47.9397,44.0890,3.8507
2026-10-04 20:32:55,456886,91.5148,108748183,47.9384,44.0903,3.8481
2026-10-04 20:32:56,456985,91.5347,108772947,47.9361,44.0930,3.8431
2026-10-04 20:32:59,457084,91.5545,108797659,47.9355,44.0935,3.8420
2026-10-04 20:33:00,457183,91.5743,108822665,47.9332,44.0961,3.8372
2026-10-04 20:33:00,457282,91.5942,108847634,47.9318,44.0977,3.8341
2026-10-04 20:33:56,457381,91.6140,108872903,47.9304,44.0992,3.8312
2026-10-04 20:33:56,457480,91.6338,108898155,47.9281,44.1020,3.8262
2026-10-04 20:33:59,457579,91.6536,108922812,47.9272,44.1030,3.8242
2026-10-04 20:34:00,457678,91.6735,108947151,47.9249,44.1057,3.8192
2026-10-04 20:34:01,457777,91.6933,108972678,47.9231,44.1078,3.8153
2026-10-04 20:34:55,457876,91.7131,108998103,47.9217,44.1094,3.8123
2026-10-04 20:34:56,457975,91.7330,109022334,47.9192,44.1123,3.8069
2026-10-04 20:34:59,458074,91.7528,109047279,47.9178,44.1138,3.8039
2026-10-04 20:35:00,458173,91.7726,109071364,47.9156,44.1163,3.7992
2026-10-04 20:35:02,458272,91.7925,109097172,47.9148,44.1173,3.7974
2026-10-04 20:35:56,458371,91.8123,109122074,47.9127,44.1198,3.7929
2026-10-04 20:35:57,458470,91.8321,109146911,47.9108,44.1220,3.7888
2026-10-04 20:35:59,458569,91.8519,109171011,47.9103,44.1226,3.7876
2026-10-04 20:36:01,458668,91.8718,109194719,47.9085,44.1247,3.7837
2026-10-04 20:36:02,458767,91.8916,109218715,47.9059,44.1274,3.7785
2026-10-04 20:36:56,458866,91.9114,109244104,47.9038,44.1300,3.7738
2026-10-04 20:36:57,458965,91.9313,109268501,47.9019,44.1322,3.7697
2026-10-04 20:36:59,459064,91.9511,109292779,47.9003,44.1340,3.7663
2026-10-04 20:37:00,459163,91.9709,109318758,47.8984,44.1362,3.7622
2026-10-04 20:37:01,459262,91.9908,109344021,47.8965,44.1385,3.7581
2026-10-04 20:37:56,459361,92.0106,109368299,47.8937,44.1418,3.7519
2026-10-04 20:37:57,459460,92.0304,109392677,47.8912,44.1446,3.7466
2026-10-04 20:37:59,459559,92.0502,109418676,47.8904,44.1455,3.7449
2026-10-04 20:38:01,459658,92.0701,109443188,47.8887,44.1475,3.7413
2026-10-04 20:38:02,459757,92.0899,109468206,47.8876,44.1487,3.7389
2026-10-04 20:38:56,459856,92.1097,109493203,47.8855,44.1512,3.7343
2026-10-04 20:38:57,459955,92.1296,109518316,47.8841,44.1528,3.7314
2026-10-04 20:38:59,460054,92.1494,109543576,47.8837,44.1534,3.7303
2026-10-04 20:39:01,460153,92.1692,109569253,47.8819,44.1554,3.7264
2026-10-04 20:39:02,460252,92.1891,109593983,47.8799,44.1579,3.7220
2026-10-04 20:39:56,460351,92.2089,109618666,47.8790,44.1588,3.7202
2026-10-04 20:39:57,460450,92.2287,109642787,47.8768,44.1614,3.7154
2026-10-04 20:39:59,460549,92.2485,109667207,47.8756,44.1626,3.7131
2026-10-04 20:40:00,460648,92.2684,109691611,47.8737,44.1649,3.7088
2026-10-04 20:40:01,460747,92.2882,109715892,47.8720,44.1669,3.7050
2026-10-04 20:40:56,460846,92.3080,109740193,47.8706,44.1684,3.7022
2026-10-04 20:40:57,460945,92.3279,109763850,47.8686,44.1707,3.6979
2026-10-04 20:40:59,461044,92.3477,109788374,47.8677,44.1717,3.6960
2026-10-04 20:41:01,461143,92.3675,109812898,47.8659,44.1737,3.6921
2026-10-04 20:41:01,461242,92.3874,109837920,47.8644,44.1754,3.6890
2026-10-04 20:41:56,461341,92.4072,109862084,47.8628,44.1775,3.6853
2026-10-04 20:41:57,461440,92.4270,109886757,47.8608,44.1798,3.6810
2026-10-04 20:42:00,461539,92.4468,109911071,47.8612,44.1796,3.6816
2026-10-04 20:42:01,461638,92.4667,109935634,47.8587,44.1825,3.6762
2026-10-04 20:42:02,461737,92.4865,109960218,47.8572,44.1843,3.6730
2026-10-04 20:42:56,461836,92.5063,109984533,47.8551,44.1867,3.6684
2026-10-04 20:42:57,461935,92.5262,110009427,47.8527,44.1894,3.6633
2026-10-04 20:43:00,462034,92.5460,110034073,47.8515,44.1907,3.6608
2026-10-04 20:43:01,462133,92.5658,110059161,47.8489,44.1936,3.6552
2026-10-04 20:43:01,462232,92.5856,110083115,47.8480,44.1948,3.6533
2026-10-04 20:43:57,462331,92.6055,110107017,47.8453,44.1978,3.6475
2026-10-04 20:43:58,462430,92.6253,110131072,47.8442,44.1992,3.6450
2026-10-04 20:44:00,462529,92.6451,110156923,47.8428,44.2006,3.6422
2026-10-04 20:44:01,462628,92.6650,110180616,47.8408,44.2030,3.6378
2026-10-04 20:44:02,462727,92.6848,110205658,47.8390,44.2051,3.6340
2026-10-04 20:44:30,462826,92.7046,110230102,47.8366,44.2078,3.6288
2026-10-04 20:44:31,462925,92.7245,110254347,47.8344,44.2103,3.6241
2026-10-04 20:44:36,463024,92.7443,110279365,47.8335,44.2112,3.6224
2026-10-04 20:44:37,463123,92.7641,110303864,47.8312,44.2138,3.6174
2026-10-04 20:44:38,463222,92.7839,110329761,47.8303,44.2148,3.6154
2026-10-04 20:44:57,463321,92.8038,110354190,47.8282,44.2172,3.6110
2026-10-04 20:44:58,463420,92.8236,110380379,47.8262,44.2194,3.6069
2026-10-04 20:44:59,463519,92.8434,110405321,47.8252,44.2207,3.6046
2026-10-04 20:45:00,463618,92.8633,110431367,47.8237,44.2226,3.6011
2026-10-04 20:45:01,463717,92.8831,110456337,47.8225,44.2240,3.5985
2026-10-04 20:45:02,463816,92.9029,110482020,47.8209,44.2260,3.5948
2026-10-04 20:45:03,463915,92.9228,110506536,47.8195,44.2276,3.5919
2026-10-04 20:45:05,464014,92.9426,110530545,47.8187,44.2285,3.5902
2026-10-04 20:45:06,464113,92.9624,110555620,47.8168,44.2307,3.5861
2026-10-04 20:45:56,464212,92.9822,110580840,47.8163,44.2314,3.5849
2026-10-04 20:45:57,464311,93.0021,110605021,47.8147,44.2333,3.5815
2026-10-04 20:45:58,464410,93.0219,110629575,47.8127,44.2358,3.5768
2026-10-04 20:45:59,464509,93.0417,110655272,47.8110,44.2378,3.5732
2026-10-04 20:46:00,464608,93.0616,110679926,47.8096,44.2394,3.5702
2026-10-04 20:46:01,464707,93.0814,110705375,47.8074,44.2420,3.5655
2026-10-04 20:46:02,464806,93.1012,110730799,47.8059,44.2438,3.5622
2026-10-04 20:46:03,464905,93.1211,110755303,47.8044,44.2455,3.5589
2026-10-04 20:46:04,465004,93.1409,110780244,47.8033,44.2468,3.5565
2026-10-04 20:46:05,465103,93.1607,110805395,47.8020,44.2484,3.5535
2026-10-04 20:46:57,465202,93.1805,110831557,47.8013,44.2493,3.5521
2026-10-04 20:46:58,465301,93.2004,110856628,47.8002,44.2507,3.5495
2026-10-04 20:46:59,465400,93.2202,110881538,47.7986,44.2526,3.5460
2026-10-04 20:47:00,465499,93.2400,110906609,47.7966,44.2549,3.5417
2026-10-04 20:47:01,465598,93.2599,110931898,47.7944,44.2574,3.5370
2026-10-04 20:47:02,465697,93.2797,110957394,47.7916,44.2606,3.5309
2026-10-04 20:47:03,465796,93.2995,110981924,47.7898,44.2628,3.5270
2026-10-04 20:47:04,465895,93.3194,111007403,47.7878,44.2652,3.5226
2026-10-04 20:47:05,465994,93.3392,111032132,47.7864,44.2668,3.5196
2026-10-04 20:47:06,466093,93.3590,111057074,47.7854,44.2680,3.5174
2026-10-04 20:47:51,466192,93.3788,111082028,47.7841,44.2694,3.5147
2026-10-04 20:47:52,466291,93.3987,111106911,47.7820,44.2717,3.5103
2026-10-04 20:47:53,466390,93.4185,111131579,47.7804,44.2737,3.5068
2026-10-04 20:47:54,466489,93.4383,111155621,47.7783,44.2761,3.5022
2026-10-04 20:47:56,466588,93.4582,111182075,47.7770,44.2774,3.4996
2026-10-04 20:47:58,466687,93.4780,111206799,47.7748,44.2799,3.4949
2026-10-04 20:47:58,466786,93.4978,111231329,47.7734,44.2816,3.4918
2026-10-04 20:47:59,466885,93.5177,111256406,47.7712,44.2841,3.4871
2026-10-04 20:48:00,466984,93.5375,111281540,47.7699,44.2855,3.4844
2026-10-04 20:48:01,467083,93.5573,111306845,47.7673,44.2884,3.4789
2026-10-04 20:48:02,467182,93.5771,111331817,47.7649,44.2912,3.4736
2026-10-04 20:48:03,467281,93.5970,111357329,47.7630,44.2933,3.4697
2026-10-04 20:48:03,467380,93.6168,111381892,47.7614,44.2953,3.4660
2026-10-04 20:48:04,467479,93.6366,111406989,47.7597,44.2971,3.4626
2026-10-04 20:48:06,467578,93.6565,111432645,47.7580,44.2991,3.4589
2026-10-04 20:48:07,467677,93.6763,111458180,47.7563,44.3010,3.4553
2026-10-04 20:48:07,467776,93.6961,111482575,47.7539,44.3039,3.4500
2026-10-04 20:48:09,467875,93.7159,111507773,47.7508,44.3074,3.4434
2026-10-04 20:48:10,467974,93.7358,111533974,47.7498,44.3087,3.4412
2026-10-04 20:48:10,468073,93.7556,111558930,47.7473,44.3115,3.4358
2026-10-04 20:48:11,468172,93.7754,111584272,47.7450,44.3141,3.4309
2026-10-04 20:48:12,468271,93.7953,111610136,47.7433,44.3161,3.4272
2026-10-04 20:48:13,468370,93.8151,111634013,47.7422,44.3174,3.4248
2026-10-04 20:48:15,468469,93.8349,111658252,47.7406,44.3192,3.4214
2026-10-04 20:48:58,468568,93.8548,111682935,47.7387,44.3213,3.4174
2026-10-04 20:48:59,468667,93.8746,111706799,47.7366,44.3237,3.4129
2026-10-04 20:49:00,468766,93.8944,111730838,47.7348,44.3259,3.4088
2026-10-04 20:49:01,468865,93.9142,111754420,47.7325,44.3287,3.4038
2026-10-04 20:49:01,468964,93.9341,111777859,47.7305,44.3308,3.3997
2026-10-04 20:49:02,469063,93.9539,111802522,47.7277,44.3342,3.3935
2026-10-04 20:49:03,469162,93.9737,111828590,47.7263,44.3360,3.3904
2026-10-04 20:49:04,469261,93.9936,111853887,47.7239,44.3388,3.3851
2026-10-04 20:49:05,469360,94.0134,111879265,47.7222,44.3407,3.3815
2026-10-04 20:49:06,469459,94.0332,111904074,47.7203,44.3430,3.3774
2026-10-04 20:49:07,469558,94.0531,111929684,47.7183,44.3453,3.3731
2026-10-04 20:49:08,469657,94.0729,111955486,47.7172,44.3467,3.3705
2026-10-04 20:49:09,469756,94.0927,111979469,47.7156,44.3485,3.3671
2026-10-04 20:49:10,469855,94.1125,112004448,47.7137,44.3507,3.3630
2026-10-04 20:49:11,469954,94.1324,112029476,47.7120,44.3526,3.3595
2026-10-04 20:49:12,470053,94.1522,112054143,47.7098,44.3552,3.3546
2026-10-04 20:49:13,470152,94.1720,112079081,47.7076,44.3577,3.3499
2026-10-04 20:49:14,470251,94.1919,112103602,47.7059,44.3598,3.3461
2026-10-04 20:49:57,470350,94.2117,112128218,47.7049,44.3608,3.3441
2026-10-04 20:49:58,470449,94.2315,112152325,47.7028,44.3632,3.3396
2026-10-04 20:49:59,470548,94.2514,112177415,47.7011,44.3654,3.3357
2026-10-04 20:50:00,470647,94.2712,112201561,47.6998,44.3669,3.3328
2026-10-04 20:50:01,470746,94.2910,112226189,47.6986,44.3684,3.3303
2026-10-04 20:50:02,470845,94.3108,112250292,47.6967,44.3707,3.3260
2026-10-04 20:50:02,470944,94.3307,112275227,47.6945,44.3732,3.3214
2026-10-04 20:50:03,471043,94.3505,112300740,47.6931,44.3747,3.3184
2026-10-04 20:50:05,471142,94.3703,112325103,47.6913,44.3767,3.3145
2026-10-04 20:50:06,471241,94.3902,112349334,47.6896,44.3787,3.3109
2026-10-04 20:50:07,471340,94.4100,112375109,47.6870,44.3816,3.3055
2026-10-04 20:50:08,471439,94.4298,112400821,47.6850,44.3840,3.3009
2026-10-04 20:50:09,471538,94.4497,112425340,47.6839,44.3852,3.2987
2026-10-04 20:50:09,471637,94.4695,112450491,47.6819,44.3877,3.2942
2026-10-04 20:50:10,471736,94.4893,112474975,47.6802,44.3895,3.2907
2026-10-04 20:50:11,471835,94.5091,112499601,47.6778,44.3923,3.2855
2026-10-04 20:50:12,471934,94.5290,112524615,47.6765,44.3939,3.2826
2026-10-04 20:50:13,472033,94.5488,112549930,47.6748,44.3959,3.2789
2026-10-04 20:50:14,472132,94.5686,112574645,47.6740,44.3968,3.2772
2026-10-04 20:50:18,472231,94.5885,112600650,47.6742,44.3965,3.2777
2026-10-04 20:50:58,472330,94.6083,112626096,47.6718,44.3994,3.2724
2026-10-04 20:50:59,472429,94.6281,112650494,47.6699,44.4019,3.2680
2026-10-04 20:51:00,472528,94.6480,112675549,47.6678,44.4044,3.2634
2026-10-04 20:51:01,472627,94.6678,112700677,47.6661,44.4063,3.2598
2026-10-04 20:51:02,472726,94.6876,112724656,47.6648,44.4079,3.2569
2026-10-04 20:51:03,472825,94.7074,112749509,47.6635,44.4094,3.2541
2026-10-04 20:51:03,472924,94.7273,112774405,47.6621,44.4111,3.2510
2026-10-04 20:51:04,473023,94.7471,112799386,47.6594,44.4141,3.2453
2026-10-04 20:51:05,473122,94.7669,112824354,47.6575,44.4162,3.2413
2026-10-04 20:51:06,473221,94.7868,112848964,47.6567,44.4174,3.2393
2026-10-04 20:51:06,473320,94.8066,112873763,47.6547,44.4198,3.2348
2026-10-04 20:51:07,473419,94.8264,112899543,47.6529,44.4220,3.2309
2026-10-04 20:51:08,473518,94.8462,112924576,47.6518,44.4234,3.2283
2026-10-04 20:51:09,473617,94.8661,112949293,47.6504,44.4251,3.2253
2026-10-04 20:51:10,473716,94.8859,112974941,47.6493,44.4265,3.2229
2026-10-04 20:51:11,473815,94.9057,112998618,47.6473,44.4288,3.2185
2026-10-04 20:51:12,473914,94.9256,113023787,47.6450,44.4314,3.2136
2026-10-04 20:51:13,474013,94.9454,113048344,47.6438,44.4328,3.2110
2026-10-04 20:51:15,474112,94.9652,113073097,47.6434,44.4331,3.2103
2026-10-04 20:51:58,474211,94.9851,113098846,47.6420,44.4349,3.2071
2026-10-04 20:51:59,474310,95.0049,113123494,47.6402,44.4371,3.2030
2026-10-04 20:52:00,474409,95.0247,113148822,47.6381,44.4394,3.1987
2026-10-04 20:52:01,474508,95.0445,113173895,47.6364,44.4416,3.1947
2026-10-04 20:52:02,474607,95.0644,113199635,47.6355,44.4427,3.1928
2026-10-04 20:52:03,474706,95.0842,113225042,47.6342,44.4443,3.1900
2026-10-04 20:52:04,474805,95.1040,113249937,47.6324,44.4464,3.1860
2026-10-04 20:52:05,474904,95.1239,113274542,47.6308,44.4482,3.1826
2026-10-04 20:52:06,475003,95.1437,113298860,47.6294,44.4501,3.1793
2026-10-04 20:52:07,475102,95.1635,113322740,47.6280,44.4519,3.1761
2026-10-04 20:52:07,475201,95.1834,113346843,47.6268,44.4533,3.1735
2026-10-04 20:52:08,475300,95.2032,113370234,47.6244,44.4560,3.1684
2026-10-04 20:52:09,475399,95.2230,113395247,47.6229,44.4580,3.1648
2026-10-04 20:52:09,475498,95.2428,113419899,47.6219,44.4591,3.1628
2026-10-04 20:52:10,475597,95.2627,113444933,47.6200,44.4614,3.1586
2026-10-04 20:52:11,475696,95.2825,113469462,47.6184,44.4632,3.1552
2026-10-04 20:52:12,475795,95.3023,113494871,47.6170,44.4649,3.1521
2026-10-04 20:52:14,475894,95.3222,113519839,47.6150,44.4673,3.1477
2026-10-04 20:52:15,475993,95.3420,113545805,47.6134,44.4691,3.1443
2026-10-04 20:52:58,476092,95.3618,113572259,47.6124,44.4703,3.1422
2026-10-04 20:52:59,476191,95.3817,113597793,47.6105,44.4725,3.1380
2026-10-04 20:53:00,476290,95.4015,113623057,47.6081,44.4751,3.1330
2026-10-04 20:53:01,476389,95.4213,113649088,47.6068,44.4767,3.1301
2026-10-04 20:53:02,476488,95.4411,113673949,47.6053,44.4785,3.1267
2026-10-04 20:53:02,476587,95.4610,113698423,47.6035,44.4808,3.1227
2026-10-04 20:53:03,476686,95.4808,113722895,47.6015,44.4833,3.1182
2026-10-04 20:53:04,476785,95.5006,113748835,47.6000,44.4852,3.1148
2026-10-04 20:53:05,476884,95.5205,113774168,47.5983,44.4873,3.1110
2026-10-04 20:53:06,476983,95.5403,113799890,47.5973,44.4885,3.1088
2026-10-04 20:53:06,477082,95.5601,113824410,47.5953,44.4909,3.1043
2026-10-04 20:53:07,477181,95.5800,113849724,47.5932,44.4934,3.0998
2026-10-04 20:53:08,477280,95.5998,113874995,47.5920,44.4950,3.0970
2026-10-04 20:53:09,477379,95.6196,113900006,47.5913,44.4959,3.0954
2026-10-04 20:53:10,477478,95.6394,113924994,47.5898,44.4975,3.0923
2026-10-04 20:53:10,477577,95.6593,113950917,47.5876,44.5001,3.0875
2026-10-04 20:53:12,477676,95.6791,113975487,47.5861,44.5019,3.0842
2026-10-04 20:53:12,477775,95.6989,114001334,47.5834,44.5051,3.0784
2026-10-04 20:53:13,477874,95.7188,114026265,47.5814,44.5074,3.0740
2026-10-04 20:53:58,477973,95.7386,114053495,47.5812,44.5077,3.0735
2026-10-04 20:53:59,478072,95.7584,114078039,47.5786,44.5108,3.0678
2026-10-04 20:54:00,478171,95.7783,114103478,47.5766,44.5130,3.0635
2026-10-04 20:54:01,478270,95.7981,114128422,47.5747,44.5152,3.0595
2026-10-04 20:54:02,478369,95.8179,114152811,47.5726,44.5177,3.0549
2026-10-04 20:54:03,478468,95.8377,114176956,47.5703,44.5203,3.0499
2026-10-04 20:54:04,478567,95.8576,114201136,47.5682,44.5229,3.0454
2026-10-04 20:54:05,478666,95.8774,114227479,47.5660,44.5255,3.0405
2026-10-04 20:54:06,478765,95.8972,114252004,47.5648,44.5271,3.0377
2026-10-04 20:54:06,478864,95.9171,114276139,47.5616,44.5308,3.0308
2026-10-04 20:54:07,478963,95.9369,114301108,47.5606,44.5321,3.0285
2026-10-04 20:54:08,479062,95.9567,114325935,47.5590,44.5341,3.0249
2026-10-04 20:54:08,479161,95.9765,114350088,47.5563,44.5372,3.0191
2026-10-04 20:54:09,479260,95.9964,114375843,47.5549,44.5390,3.0159
2026-10-04 20:54:09,479359,96.0162,114400006,47.5523,44.5420,3.0103
2026-10-04 20:54:10,479458,96.0360,114425876,47.5501,44.5445,3.0056
2026-10-04 20:54:11,479557,96.0559,114451346,47.5481,44.5470,3.0011
2026-10-04 20:54:12,479656,96.0757,114476131,47.5467,44.5487,2.9979
2026-10-04 20:54:14,479755,96.0955,114501215,47.5448,44.5509,2.9938
2026-10-04 20:54:16,479854,96.1154,114526370,47.5433,44.5527,2.9906
2026-10-04 20:54:58,479953,96.1352,114550793,47.5414,44.5551,2.9862
2026-10-04 20:54:59,480052,96.1550,114575817,47.5384,44.5585,2.9799
2026-10-04 20:55:00,480151,96.1748,114600568,47.5357,44.5617,2.9740
2026-10-04 20:55:01,480250,96.1947,114625490,47.5329,44.5650,2.9679
2026-10-04 20:55:02,480349,96.2145,114651180,47.5305,44.5678,2.9627
2026-10-04 20:55:03,480448,96.2343,114675080,47.5288,44.5698,2.9590
2026-10-04 20:55:03,480547,96.2542,114699907,47.5265,44.5725,2.9540
2026-10-04 20:55:04,480646,96.2740,114724761,47.5242,44.5751,2.9491
2026-10-04 20:55:05,480745,96.2938,114750002,47.5230,44.5766,2.9464
2026-10-04 20:55:05,480844,96.3137,114775581,47.5201,44.5800,2.9401
2026-10-04 20:55:06,480943,96.3335,114800899,47.5183,44.5822,2.9361
2026-10-04 20:55:07,481042,96.3533,114827170,47.5178,44.5831,2.9347
2026-10-04 20:55:08,481141,96.3731,114852485,47.5161,44.5851,2.9309
2026-10-04 20:55:09,481240,96.3930,114877140,47.5140,44.5876,2.9264
2026-10-04 20:55:09,481339,96.4128,114901665,47.5113,44.5907,2.9206
2026-10-04 20:55:10,481438,96.4326,114926824,47.5094,44.5928,2.9166
2026-10-04 20:55:11,481537,96.4525,114952458,47.5070,44.5956,2.9114
2026-10-04 20:55:12,481636,96.4723,114977255,47.5044,44.5985,2.9059
2026-10-04 20:55:13,481735,96.4921,115002527,47.5034,44.5998,2.9036
2026-10-04 20:55:58,481834,96.5120,115027176,47.5018,44.6017,2.9001
2026-10-04 20:55:59,481933,96.5318,115051519,47.4990,44.6050,2.8941
2026-10-04 20:56:00,482032,96.5516,115076584,47.4972,44.6072,2.8899
2026-10-04 20:56:01,482131,96.5714,115102123,47.4946,44.6103,2.8842
2026-10-04 20:56:02,482230,96.5913,115126121,47.4932,44.6119,2.8813
2026-10-04 20:56:04,482329,96.6111,115152471,47.4917,44.6136,2.8781
2026-10-04 20:56:04,482428,96.6309,115176604,47.4889,44.6170,2.8719
2026-10-04 20:56:05,482527,96.6508,115201369,47.4867,44.6196,2.8671
2026-10-04 20:56:06,482626,96.6706,115227738,47.4854,44.6213,2.8641
2026-10-04 20:56:06,482725,96.6904,115252662,47.4827,44.6245,2.8581
2026-10-04 20:56:07,482824,96.7103,115277849,47.4806,44.6271,2.8535
2026-10-04 20:56:08,482923,96.7301,115304135,47.4799,44.6280,2.8519
2026-10-04 20:56:08,483022,96.7499,115328095,47.4773,44.6309,2.8465
2026-10-04 20:56:09,483121,96.7697,115353430,47.4757,44.6329,2.8427
2026-10-04 20:56:10,483220,96.7896,115379747,47.4741,44.6347,2.8394
2026-10-04 20:56:11,483319,96.8094,115403695,47.4725,44.6367,2.8359
2026-10-04 20:56:12,483418,96.8292,115430028,47.4704,44.6393,2.8311
2026-10-04 20:56:13,483517,96.8491,115454803,47.4678,44.6422,2.8256
2026-10-04 20:56:14,483616,96.8689,115479966,47.4667,44.6437,2.8230
2026-10-04 20:56:59,483715,96.8887,115505738,47.4657,44.6450,2.8207
2026-10-04 20:56:59,483814,96.9086,115529169,47.4637,44.6474,2.8163
2026-10-04 20:57:00,483913,96.9284,115552620,47.4607,44.6509,2.8098
2026-10-04 20:57:01,484012,96.9482,115578175,47.4583,44.6537,2.8046
2026-10-04 20:57:02,484111,96.9680,115602404,47.4557,44.6567,2.7989
2026-10-04 20:57:03,484210,96.9879,115627962,47.4527,44.6602,2.7925
2026-10-04 20:57:03,484309,97.0077,115652355,47.4510,44.6623,2.7887
2026-10-04 20:57:04,484408,97.0275,115677008,47.4486,44.6651,2.7834
2026-10-04 20:57:05,484507,97.0474,115703256,47.4461,44.6681,2.7781
2026-10-04 20:57:05,484606,97.0672,115727084,47.4436,44.6710,2.7726
2026-10-04 20:57:06,484705,97.0870,115752712,47.4413,44.6736,2.7677
2026-10-04 20:57:07,484804,97.1068,115777727,47.4396,44.6757,2.7639
2026-10-04 20:57:07,484903,97.1267,115801485,47.4369,44.6788,2.7580
2026-10-04 20:57:08,485002,97.1465,115826963,47.4345,44.6817,2.7528
2026-10-04 20:57:09,485101,97.1663,115852295,47.4313,44.6855,2.7458
2026-10-04 20:57:10,485200,97.1862,115877890,47.4304,44.6866,2.7437
2026-10-04 20:57:10,485299,97.2060,115903373,47.4285,44.6888,2.7397
2026-10-04 20:57:11,485398,97.2258,115928170,47.4262,44.6916,2.7345
2026-10-04 20:57:13,485497,97.2457,115953410,47.4243,44.6938,2.7305
2026-10-04 20:57:58,485596,97.2655,115979409,47.4241,44.6943,2.7298
2026-10-04 20:57:59,485695,97.2853,116004315,47.4213,44.6977,2.7236
2026-10-04 20:58:00,485794,97.3051,116029703,47.4190,44.7003,2.7187
2026-10-04 20:58:01,485893,97.3250,116054414,47.4166,44.7032,2.7134
2026-10-04 20:58:02,485992,97.3448,116078407,47.4141,44.7061,2.7080
2026-10-04 20:58:03,486091,97.3646,116104065,47.4130,44.7075,2.7056
2026-10-04 20:58:04,486190,97.3845,116128615,47.4113,44.7096,2.7017
2026-10-04 20:58:05,486289,97.4043,116151139,47.4084,44.7130,2.6954
2026-10-04 20:58:06,486388,97.4241,116176316,47.4072,44.7146,2.6926
2026-10-04 20:58:06,486487,97.4440,116199411,47.4051,44.7171,2.6880
2026-10-04 20:58:07,486586,97.4638,116223347,47.4022,44.7204,2.6818
2026-10-04 20:58:08,486685,97.4836,116248448,47.4015,44.7214,2.6801
2026-10-04 20:58:08,486784,97.5034,116273517,47.3980,44.7256,2.6725
2026-10-04 20:58:09,486883,97.5233,116299914,47.3964,44.7276,2.6688
2026-10-04 20:58:09,486982,97.5431,116324316,47.3949,44.7294,2.6655
2026-10-04 20:58:10,487081,97.5629,116349760,47.3925,44.7321,2.6603
2026-10-04 20:58:11,487180,97.5828,116374793,47.3907,44.7342,2.6566
2026-10-04 20:58:12,487279,97.6026,116399998,47.3898,44.7354,2.6544
2026-10-04 20:58:15,487378,97.6224,116424238,47.3880,44.7375,2.6505
2026-10-04 20:58:16,487477,97.6423,116448424,47.3855,44.7405,2.6450
2026-10-04 20:58:59,487576,97.6621,116473639,47.3831,44.7434,2.6397
2026-10-04 20:58:59,487675,97.6819,116497491,47.3805,44.7465,2.6339
2026-10-04 20:59:00,487774,97.7017,116522313,47.3786,44.7488,2.6298
2026-10-04 20:59:01,487873,97.7216,116547063,47.3762,44.7515,2.6247
2026-10-04 20:59:02,487972,97.7414,116571762,47.3737,44.7545,2.6192
2026-10-04 20:59:03,488071,97.7612,116596949,47.3719,44.7566,2.6153
2026-10-04 20:59:03,488170,97.7811,116620866,47.3690,44.7601,2.6090
2026-10-04 20:59:04,488269,97.8009,116646030,47.3667,44.7628,2.6039
2026-10-04 20:59:05,488368,97.8207,116671916,47.3650,44.7650,2.6000
2026-10-04 20:59:05,488467,97.8406,116696128,47.3614,44.7691,2.5922
2026-10-04 20:59:06,488566,97.8604,116721573,47.3594,44.7715,2.5880
2026-10-04 20:59:07,488665,97.8802,116745396,47.3581,44.7732,2.5849
2026-10-04 20:59:08,488764,97.9000,116771114,47.3550,44.7767,2.5782
2026-10-04 20:59:09,488863,97.9199,116795323,47.3529,44.7793,2.5737
2026-10-04 20:59:10,488962,97.9397,116820177,47.3505,44.7821,2.5684
2026-10-04 20:59:11,489061,97.9595,116845072,47.3490,44.7838,2.5652
2026-10-04 20:59:14,489160,97.9794,116869792,47.3482,44.7849,2.5633
2026-10-04 20:59:59,489259,97.9992,116893533,47.3442,44.7895,2.5548
2026-10-04 21:00:00,489358,98.0190,116918258,47.3422,44.7920,2.5502
2026-10-04 21:00:01,489457,98.0389,116942321,47.3402,44.7944,2.5459
2026-10-04 21:00:03,489556,98.0587,116967414,47.3381,44.7969,2.5412
2026-10-04 21:00:05,489655,98.0785,116992280,47.3360,44.7992,2.5368
2026-10-04 21:00:07,489754,98.0983,117016235,47.3334,44.8023,2.5311
2026-10-04 21:00:09,489853,98.1182,117042518,47.3315,44.8047,2.5268
2026-10-04 21:00:10,489952,98.1380,117067498,47.3293,44.8074,2.5219
2026-10-04 21:00:11,490051,98.1578,117092849,47.3260,44.8112,2.5148
2026-10-04 21:00:12,490150,98.1777,117116500,47.3234,44.8142,2.5091
2026-10-04 21:00:13,490249,98.1975,117141484,47.3214,44.8166,2.5048
2026-10-04 21:00:46,490348,98.2173,117165706,47.3187,44.8198,2.4990
2026-10-04 21:00:59,490447,98.2371,117189477,47.3152,44.8239,2.4914
2026-10-04 21:01:01,490546,98.2570,117213698,47.3123,44.8273,2.4850
2026-10-04 21:01:02,490645,98.2768,117237241,47.3087,44.8316,2.4770
2026-10-04 21:01:03,490744,98.2966,117261391,47.3063,44.8344,2.4718
2026-10-04 21:01:23,490843,98.3165,117287645,47.3042,44.8368,2.4674
2026-10-04 21:01:48,490942,98.3363,117314081,47.3009,44.8406,2.4603
2026-10-04 21:02:15,491041,98.3561,117338194,47.2968,44.8454,2.4514
2026-10-04 21:02:49,491140,98.3760,117361903,47.2933,44.8494,2.4439
2026-10-04 21:03:26,491239,98.3958,117385045,47.2900,44.8533,2.4366
2026-10-04 21:04:04,491338,98.4156,117409010,47.2861,44.8581,2.4280
2026-10-04 21:04:31,491437,98.4354,117432622,47.2825,44.8623,2.4203
2026-10-04 21:04:56,491536,98.4553,117455950,47.2793,44.8660,2.4134
2026-10-04 21:05:32,491635,98.4751,117480119,47.2750,44.8710,2.4040
2026-10-04 21:06:10,491734,98.4949,117503325,47.2712,44.8753,2.3960
2026-10-04 21:06:30,491833,98.5148,117526808,47.2689,44.8779,2.3910
2026-10-04 21:07:19,491932,98.5346,117549887,47.2672,44.8801,2.3871
2026-10-04 21:07:52,492031,98.5544,117575656,47.2641,44.8838,2.3803
2026-10-04 21:08:32,492130,98.5743,117599873,47.2604,44.8880,2.3724
2026-10-04 21:08:59,492229,98.5941,117623973,47.2572,44.8918,2.3654
2026-10-04 21:09:12,492328,98.6139,117645139,47.2571,44.8923,2.3648
2026-10-04 21:09:42,492427,98.6337,117669647,47.2534,44.8967,2.3568
2026-10-04 21:10:19,492526,98.6536,117693799,47.2508,44.8998,2.3510
2026-10-04 21:11:06,492625,98.6734,117720723,47.2470,44.9042,2.3428
2026-10-04 21:11:47,492724,98.6932,117744001,47.2447,44.9069,2.3378
2026-10-04 21:12:21,492823,98.7131,117767360,47.2423,44.9099,2.3324
2026-10-04 21:13:10,492922,98.7329,117791538,47.2397,44.9127,2.3270
2026-10-04 21:13:52,493021,98.7527,117814741,47.2359,44.9171,2.3188
2026-10-04 21:14:27,493120,98.7726,117838427,47.2329,44.9206,2.3123
2026-10-04 21:14:47,493219,98.7924,117862088,47.2296,44.9244,2.3052
2026-10-04 21:15:26,493318,98.8122,117885388,47.2259,44.9290,2.2969
2026-10-04 21:16:06,493417,98.8320,117909620,47.2229,44.9323,2.2906
2026-10-04 21:16:48,493516,98.8519,117933727,47.2185,44.9373,2.2812
2026-10-04 21:17:35,493615,98.8717,117958521,47.2145,44.9418,2.2726
2026-10-04 21:18:09,493714,98.8915,117981551,47.2116,44.9451,2.2665
2026-10-04 21:19:09,493813,98.9114,118006456,47.2084,44.9490,2.2593
2026-10-04 21:20:25,493912,98.9312,118029815,47.2046,44.9534,2.2512
2026-10-04 21:21:12,494011,98.9510,118054022,47.2012,44.9574,2.2438
2026-10-04 21:22:19,494110,98.9709,118077807,47.1986,44.9605,2.2381
2026-10-04 21:23:20,494209,98.9907,118104468,47.1966,44.9630,2.2336
2026-10-04 21:24:11,494308,99.0105,118128274,47.1915,44.9689,2.2226
2026-10-04 21:24:45,494407,99.0303,118151488,47.1884,44.9725,2.2159
2026-10-04 21:25:32,494506,99.0502,118176731,47.1851,44.9765,2.2086
2026-10-04 21:26:18,494605,99.0700,118200717,47.1829,44.9791,2.2038
2026-10-04 21:27:14,494704,99.0898,118224576,47.1802,44.9822,2.1980
2026-10-04 21:28:01,494803,99.1097,118248213,47.1777,44.9852,2.1926
2026-10-04 21:29:34,494902,99.1295,118273588,47.1745,44.9890,2.1855
2026-10-04 21:30:56,495001,99.1493,118297580,47.1705,44.9938,2.1767
2026-10-04 21:32:39,495100,99.1692,118322090,47.1662,44.9988,2.1674
2026-10-04 21:33:34,495199,99.1890,118346193,47.1628,45.0029,2.1598
2026-10-04 21:34:28,495298,99.2088,118370023,47.1587,45.0077,2.1510
2026-10-04 21:35:49,495397,99.2286,118394771,47.1564,45.0106,2.1458
2026-10-04 21:36:46,495496,99.2485,118420575,47.1543,45.0135,2.1409
2026-10-04 21:38:43,495595,99.2683,118445447,47.1503,45.0181,2.1321
2026-10-04 21:39:24,495694,99.2881,118468473,47.1475,45.0216,2.1258
2026-10-04 21:40:12,495793,99.3080,118494136,47.1431,45.0268,2.1163
2026-10-04 21:41:49,495892,99.3278,118518174,47.1395,45.0311,2.1084
2026-10-04 21:43:25,495991,99.3476,118541485,47.1359,45.0354,2.1006
2026-10-04 21:45:32,496090,99.3674,118566026,47.1317,45.0404,2.0913
2026-10-04 21:47:32,496189,99.3873,118586934,47.1282,45.0445,2.0837
2026-10-04 21:48:41,496288,99.4071,118610532,47.1253,45.0480,2.0773
2026-10-04 21:49:47,496387,99.4269,118632874,47.1217,45.0522,2.0695
2026-10-04 21:50:57,496486,99.4468,118654323,47.1190,45.0554,2.0635
2026-10-04 21:52:53,496585,99.4666,118678014,47.1153,45.0598,2.0555
2026-10-04 21:55:31,496684,99.4864,118702761,47.1121,45.0638,2.0483
2026-10-04 21:56:39,496783,99.5063,118725600,47.1084,45.0683,2.0401
2026-10-04 21:57:47,496882,99.5261,118749072,47.1050,45.0724,2.0326
2026-10-04 22:00:59,496981,99.5459,118772560,47.1005,45.0777,2.0227
2026-10-04 22:03:01,497080,99.5657,118794466,47.0963,45.0826,2.0137
2026-10-04 22:05:08,497179,99.5856,118816580,47.0923,45.0874,2.0048
2026-10-04 22:05:56,497278,99.6054,118838555,47.0895,45.0908,1.9987
2026-10-04 22:08:24,497377,99.6252,118863399,47.0862,45.0946,1.9916
2026-10-04 22:12:28,497476,99.6451,118886308,47.0836,45.0977,1.9859
2026-10-04 22:15:11,497575,99.6649,118909285,47.0804,45.1016,1.9788
2026-10-04 22:19:08,497674,99.6847,118933288,47.0773,45.1053,1.9720
2026-10-04 22:23:33,497773,99.7046,118958330,47.0731,45.1103,1.9628
2026-10-04 22:28:57,497872,99.7244,118980621,47.0684,45.1158,1.9526
2026-10-04 22:35:20,497971,99.7442,119002776,47.0651,45.1198,1.9453
2026-10-04 22:42:46,498070,99.7640,119027169,47.0600,45.1257,1.9343
2026-10-04 22:54:21,498169,99.7839,119049712,47.0565,45.1300,1.9265
2026-10-04 23:07:56,498268,99.8037,119072007,47.0508,45.1363,1.9145
2026-10-05 00:39:08,498367,99.8235,119095681,47.0445,45.1435,1.9010
2026-10-05 10:49:33,498466,99.8434,119116337,47.0412,45.1476,1.8936
2026-10-05 12:47:11,498565,99.8632,119140459,47.0375,45.1519,1.8857
2026-10-05 13:24:10,498664,99.8830,119160454,47.0360,45.1538,1.8822
2026-10-05 13:51:57,498763,99.9029,119186630,47.0337,45.1563,1.8774
2026-10-05 14:02:48,498862,99.9227,119213313,47.0327,45.1571,1.8756
2026-10-05 14:13:27,498961,99.9425,119240980,47.0319,45.1577,1.8742
2026-10-05 14:26:38,499060,99.9623,119268238,47.0309,45.1586,1.8723
2026-10-05 18:23:10,499159,99.9822,119290587,47.0282,45.1621,1.8661
